month_start,admissions,unique_patients,inpatient_days,average_length_of_stay,emergency_admissions,icu_admissions,readmissions,readmission_rate_pct,emergency_rate_pct,icu_rate_pct,admission_mom_growth_pct,rolling_3_month_admissions
2023-01-01,1123,1093,5501,4.9,316,204,206,18.34,28.14,18.17,,1123.0
2023-02-01,1078,1061,5166,4.79,275,175,228,21.15,25.51,16.23,-4.01,1100.5
2023-03-01,1140,1110,5442,4.77,324,176,205,17.98,28.42,15.44,5.75,1113.67
2023-04-01,1165,1146,5548,4.76,311,182,237,20.34,26.7,15.62,2.19,1127.67
2023-05-01,1134,1101,5453,4.81,333,173,223,19.66,29.37,15.26,-2.66,1146.33
2023-06-01,1126,1106,5404,4.8,317,187,228,20.25,28.15,16.61,-0.71,1141.67
2023-07-01,1082,1051,5096,4.71,338,170,212,19.59,31.24,15.71,-3.91,1114.0
2023-08-01,1166,1146,5656,4.85,317,183,255,21.87,27.19,15.69,7.76,1124.67
2023-09-01,1046,1025,5059,4.84,279,152,207,19.79,26.67,14.53,-10.29,1098.0
2023-10-01,1149,1117,5554,4.83,312,191,232,20.19,27.15,16.62,9.85,1120.33
2023-11-01,1046,1022,4967,4.75,306,159,208,19.89,29.25,15.2,-8.96,1080.33
2023-12-01,1097,1073,5186,4.73,312,166,216,19.69,28.44,15.13,4.88,1097.33
2024-01-01,1156,1116,5371,4.65,313,168,216,18.69,27.08,14.53,5.38,1099.67
2024-02-01,1074,1049,5319,4.95,320,178,241,22.44,29.8,16.57,-7.09,1109.0
2024-03-01,1138,1113,5408,4.75,285,159,240,21.09,25.04,13.97,5.96,1122.67
2024-04-01,1103,1075,5351,4.85,319,187,225,20.4,28.92,16.95,-3.08,1105.0
2024-05-01,1110,1085,5240,4.72,307,180,227,20.45,27.66,16.22,0.63,1117.0
2024-06-01,1075,1053,5145,4.79,289,165,204,18.98,26.88,15.35,-3.15,1096.0
2024-07-01,1145,1127,5583,4.88,324,186,228,19.91,28.3,16.24,6.51,1110.0
2024-08-01,1134,1115,5390,4.75,346,180,215,18.96,30.51,15.87,-0.96,1118.0
2024-09-01,1056,1032,5039,4.77,284,146,188,17.8,26.89,13.83,-6.88,1111.67
2024-10-01,1176,1152,5494,4.67,322,188,220,18.71,27.38,15.99,11.36,1122.0
2024-11-01,1107,1066,5490,4.96,303,201,220,19.87,27.37,18.16,-5.87,1113.0
2024-12-01,1189,1154,5723,4.81,327,176,223,18.76,27.5,14.8,7.41,1157.33
2025-01-01,1114,1101,5442,4.89,317,202,238,21.36,28.46,18.13,-6.31,1136.67
2025-02-01,1020,996,4860,4.76,296,161,189,18.53,29.02,15.78,-8.44,1107.67
2025-03-01,1159,1122,5395,4.65,333,167,231,19.93,28.73,14.41,13.63,1097.67
2025-04-01,1105,1084,5236,4.74,319,167,251,22.71,28.87,15.11,-4.66,1094.67
2025-05-01,1170,1142,5593,4.78,323,182,246,21.03,27.61,15.56,5.88,1144.67
2025-06-01,1077,1057,5237,4.86,305,194,244,22.66,28.32,18.01,-7.95,1117.33
2025-07-01,1121,1087,5409,4.83,324,175,223,19.89,28.9,15.61,4.09,1122.67
2025-08-01,1142,1112,5515,4.83,299,184,223,19.53,26.18,16.11,1.87,1113.33
2025-09-01,1070,1037,5145,4.81,304,163,203,18.97,28.41,15.23,-6.3,1111.0
2025-10-01,1122,1100,5357,4.77,321,187,228,20.32,28.61,16.67,4.86,1111.33
2025-11-01,1083,1062,5183,4.79,305,160,215,19.85,28.16,14.77,-3.48,1091.67
2025-12-01,1151,1111,5449,4.73,331,165,236,20.5,28.76,14.34,6.28,1118.67
2026-01-01,1141,1116,5595,4.9,307,207,226,19.81,26.91,18.14,-0.87,1125.0
2026-02-01,1075,1053,5139,4.78,310,166,221,20.56,28.84,15.44,-5.78,1122.33
2026-03-01,1174,1137,5483,4.67,300,161,217,18.48,25.55,13.71,9.21,1130.0
2026-04-01,1092,1065,5347,4.9,306,162,263,24.08,28.02,14.84,-6.98,1113.67
2026-05-01,1164,1137,5470,4.7,289,167,236,20.27,24.83,14.35,6.59,1143.33
2026-06-01,1103,1083,5442,4.93,298,176,223,20.22,27.02,15.96,-5.24,1119.67
2026-07-01,1143,1116,5443,4.76,304,182,249,21.78,26.6,15.92,3.63,1136.67
2026-08-01,1143,1107,5352,4.68,309,165,217,18.99,27.03,14.44,0.0,1129.67
2026-09-01,3513,1882,13885,3.95,1082,620,582,16.57,30.8,17.65,207.35,1933.0
