billing_month,bills,billed_patients,net_revenue,collected_amount,outstanding_amount,average_bill,collection_efficiency_pct,revenue_mom_growth_pct,rolling_3_month_revenue,rolling_3_month_collection
2023-01,941,919,71029992.25,28197046.93,4900464.11,75483.52,39.7,,71029992.25,28197046.93
2023-02,1065,1047,88268558.72,37564468.65,7888393.77,82881.28,42.56,24.27,79649275.48,32880757.79
2023-03,1143,1113,90413257.52,37390197.88,6253642.83,79101.71,41.35,2.43,83237269.5,34383904.49
2023-04,1189,1163,97439759.23,44650805.84,6094658.09,81951.02,45.82,7.77,92040525.16,39868490.79
2023-05,1123,1091,90438690.62,39081680.75,6131170.37,80533.12,43.21,-7.19,92763902.46,40374228.16
2023-06,1115,1093,90635841.0,39086493.24,5697454.29,81287.75,43.12,0.22,92838096.95,40939659.94
2023-07,1125,1092,92032200.68,39754852.29,6167644.12,81806.4,43.2,1.54,91035577.43,39307675.43
2023-08,1133,1112,92217339.21,39017759.78,7439692.64,81392.18,42.31,0.2,91628460.3,39286368.44
2023-09,1088,1062,87878001.93,37978995.83,6628890.66,80770.22,43.22,-4.71,90709180.61,38917202.63
2023-10,1124,1090,91916747.01,39798506.0,6507870.74,81776.47,43.3,4.6,90670696.05,38931753.87
2023-11,1047,1026,82872613.51,34377303.91,5678985.54,79152.45,41.48,-9.84,87555787.48,37384935.25
2023-12,1080,1051,87172447.07,38373937.47,6422601.75,80715.23,44.02,5.19,87320602.53,37516582.46
2024-01,1169,1140,90372806.68,38386523.36,6356681.54,77307.79,42.48,3.67,86805955.75,37045921.58
2024-02,1058,1035,85283201.43,36817232.26,6596603.95,80607.94,43.17,-5.63,87609485.06,37859231.03
2024-03,1120,1098,88703999.25,38771515.55,6229390.03,79200.0,43.71,4.01,88120002.45,37991757.06
2024-04,1121,1084,90558306.49,37674316.42,6402656.5,80783.5,41.6,2.09,88181835.72,37754354.74
2024-05,1132,1104,91686997.39,37118490.58,6142611.23,80995.58,40.48,1.25,90316434.38,37854774.18
2024-06,1075,1050,88344416.75,36729007.01,5799656.59,82180.85,41.57,-3.65,90196573.54,37173938.0
2024-07,1123,1103,89068402.94,37064075.63,6104913.14,79312.91,41.61,0.82,89699939.03,36970524.41
2024-08,1154,1135,94914788.04,41823907.16,6441075.66,82248.52,44.06,6.56,90775869.24,38538996.6
2024-09,1059,1033,84098468.76,35540823.5,6573039.48,79413.1,42.26,-11.4,89360553.25,38142935.43
2024-10,1154,1128,93037133.68,41380827.04,6439254.8,80621.43,44.48,10.63,90683463.49,39581852.57
2024-11,1126,1090,92310722.06,39409139.39,6763458.42,81981.1,42.69,-0.78,89815441.5,38776929.98
2024-12,1160,1132,96939773.81,43419891.03,6351835.55,83568.77,44.79,5.01,94095876.52,41403285.82
2025-01,1135,1117,93281671.3,38934276.02,6172171.97,82186.49,41.74,-3.77,94177389.06,40587768.81
2025-02,1021,998,82428022.07,36006734.52,6081324.46,80732.64,43.68,-11.64,90883155.73,39453633.86
2025-03,1139,1112,89953476.08,39665103.86,5880424.76,78975.84,44.1,9.13,88554389.82,38202038.13
2025-04,1125,1103,87422576.1,37824625.59,6358891.43,77708.96,43.27,-2.81,86601358.08,37832154.66
2025-05,1162,1138,93872432.16,40380652.57,6772286.3,80785.23,43.02,7.38,90416161.45,39290127.34
2025-06,1085,1067,91163521.03,37689695.14,6352881.55,84021.68,41.34,-2.89,90819509.76,38631657.77
2025-07,1100,1067,88841073.79,40204830.12,5656660.58,80764.61,45.25,-2.55,91292342.33,39425059.28
2025-08,1165,1137,94127063.77,38505101.02,6348854.09,80795.76,40.91,5.95,91377219.53,38799875.43
2025-09,1060,1029,84701301.6,35880817.83,5264539.85,79906.89,42.36,-10.01,89223146.39,38196916.32
2025-10,1142,1115,93853602.32,38694065.57,6473552.78,82183.54,41.23,10.81,90893989.23,37693328.14
2025-11,1069,1037,84256767.75,37029408.49,5798526.42,78818.3,43.95,-10.23,87603890.56,37201430.63
2025-12,1154,1120,92155299.85,37466007.24,6380664.1,79857.28,40.66,9.37,90088556.64,37729827.1
2026-01,1141,1117,95382026.71,40935808.29,6849534.41,83595.12,42.92,3.5,90598031.44,38477074.67
2026-02,1033,1011,85067470.78,38451749.85,5498675.22,82349.92,45.2,-10.81,90868265.78,38951188.46
2026-03,1208,1173,98484102.93,42380031.35,7047838.83,81526.58,43.03,15.77,92977866.81,40589196.5
2026-04,1103,1083,87939462.68,38108570.16,5992230.49,79727.53,43.34,-10.71,90497012.13,39646783.79
2026-05,1143,1111,88880313.28,36941266.58,6927909.86,77760.55,41.56,1.07,91767959.63,39143289.36
2026-06,1086,1063,88008806.48,36146786.05,6528490.72,81039.42,41.07,-0.98,88276194.15,37065540.93
2026-07,1192,1158,98337437.17,41496678.95,7068071.74,82497.85,42.2,11.74,91742185.64,38194910.53
2026-08,1136,1105,90308148.58,39847644.77,6635289.65,79496.61,44.12,-8.17,92218130.74,39163703.26
2026-09,2862,1799,175215093.98,75559715.21,13688097.46,61221.21,43.12,94.02,121286893.24,52301346.31
2026-10,812,282,108370056.29,47594682.62,8260664.34,133460.66,43.92,-38.15,124631099.62,54334014.2
