metric,count,mean,std_dev,coefficient_of_variation_pct,minimum,p10,p25,median,p75,p90,p95,p99,maximum,skewness
current_age,25673,47.72,27.49,57.61,1.0,10.0,24.0,47.0,72.0,86.0,91.0,95.0,96.0,0.0177
lifetime_admissions,25673,2.05,1.59,77.43,0.0,0.0,1.0,2.0,3.0,4.0,5.0,7.0,14.0,1.1233
total_length_of_stay_days,25673,9.72,8.74,89.92,0.0,0.0,3.0,8.0,14.0,21.0,25.0,37.0,118.0,1.7629
average_length_of_stay,25673,4.02,2.62,65.2,0.0,0.0,2.0,4.0,5.67,7.0,8.0,11.0,15.0,0.3297
emergency_admissions,25673,0.57,0.83,145.13,0.0,0.0,0.0,0.0,1.0,2.0,2.0,3.0,9.0,2.3041
icu_admissions,25673,0.33,0.62,191.9,0.0,0.0,0.0,0.0,1.0,1.0,1.0,2.0,8.0,3.1055
readmissions,25673,0.41,0.68,167.09,0.0,0.0,0.0,0.0,1.0,1.0,2.0,3.0,8.0,2.3747
lifetime_gross_revenue,25673,161162.52,157957.83,98.01,0.0,0.0,45880.0,122346.0,238840.0,360494.6,447705.8,651222.44,2615789.0,2.3404
lifetime_net_revenue,25673,165141.75,161829.88,97.99,0.0,0.0,47036.12,125223.75,244202.96,369471.0,458885.5,665849.85,2619745.15,2.3235
lifetime_paid_amount,25673,70702.76,96572.86,136.59,0.0,0.0,12306.02,40213.3,89544.86,175799.34,257093.03,452051.17,1877369.71,3.6645
lifetime_outstanding_amount,25673,11687.38,29548.07,252.82,0.0,0.0,0.0,0.0,11020.29,33387.82,57999.76,134890.7,953479.8,6.8675
