column_name,unique_count,missing_count,top_value,top_count,top_pct_of_non_null
patient_gender,3,0,Male,25713,50.11
state,7,0,Rajasthan,7601,14.81
insurance_status,2,0,Insured,36651,71.42
chronic_condition,6,33350,Migraine,3166,17.62
specialization,20,0,Neurophysiology,4422,8.62
department_id,10,0,DEP010,5257,10.24
department_name,10,0,Dermatology,5257,10.24
department_type,3,0,Specialty,40998,79.89
diagnosis_code,9,0,DX010,12732,24.81
diagnosis_name,9,0,Anemia,12732,24.81
diagnosis_category,7,0,Respiratory,16648,32.44
diagnosis_chronic_flag,2,0,True,32158,62.67
admission_type,3,0,Elective,25996,50.66
room_type,4,0,General,14562,28.38
icu_flag,2,0,False,43255,84.29
readmission_flag,2,0,False,41069,80.03
emergency_flag,2,0,False,37021,72.14
outcome,4,0,Recovered,28223,55.0
payment_status,3,0,Paid,36971,72.04
payment_method,4,0,UPI,13038,25.41
admission_month_name,12,0,September,5305,10.34
admission_day_name,7,0,Thursday,7708,15.02
admission_year_month,45,0,2026-09,2133,4.16
