,length_of_stay,gross_amount,discount_amount,insurance_amount,patient_amount,tax_amount,net_amount,paid_amount,outstanding_amount,patient_age_at_admission,revenue_per_inpatient_day,admission_collection_ratio
length_of_stay,1.0,0.7591125283161144,0.319621406295895,0.5281420588590682,0.515393965673276,0.7580521990363989,0.7580521974525015,0.47773720631184036,0.18006661196879226,-0.002506799306084715,-0.3110605342863131,-0.00352573405425493
gross_amount,0.7591125283161144,1.0,0.4209069928416109,0.6924212512688471,0.682309877145692,0.9986112853130686,0.9986112789058362,0.6289072111996504,0.2467532026534147,0.0005880031985895622,0.23486542971505292,-0.0055069098662693374
discount_amount,0.319621406295895,0.4209069928416109,1.0,0.2646080702554992,0.24815952608433786,0.3725335033589851,0.3725333904905356,0.23156637746280748,0.08307435339302474,-0.014436521517841274,0.05946385551353278,-0.0024818075907833822
insurance_amount,0.5281420588590682,0.6924212512688471,0.2646080702554992,1.0,-0.05238124582070265,0.6930183159984187,0.6930183143052691,-0.04575827791033338,-0.02489192155428562,0.0020725638109111246,0.161126132748399,-0.4949337728790093
patient_amount,0.515393965673276,0.682309877145692,0.24815952608433786,-0.05238124582070265,1.0,0.6836291069067747,0.6836291086211995,0.9189504792425742,0.3682026665680123,-0.00010239592450921635,0.16469222686034052,0.4934460424323097
tax_amount,0.7580521990363989,0.9986112853130686,0.3725335033589851,0.6930183159984187,0.6836291069067747,1.0,0.9999999999997476,0.6299588438427596,0.24761774048881094,0.001440868699839398,0.23681968533709072,-0.005489744509258992
net_amount,0.7580521974525015,0.9986112789058362,0.3725333904905356,0.6930183143052691,0.6836291086211995,0.9999999999997476,1.0,0.6299588471451523,0.24761773704883053,0.0014408677620185771,0.2368196907337518,-0.005489742469311684
paid_amount,0.47773720631184036,0.6289072111996504,0.23156637746280748,-0.04575827791033338,0.9189504792425742,0.6299588438427596,0.6299588471451523,1.0,-0.02830647198130569,0.0009834567983995318,0.14837674837097314,0.6112115190655363
outstanding_amount,0.18006661196879226,0.2467532026534147,0.08307435339302474,-0.02489192155428562,0.3682026665680123,0.24761774048881094,0.24761773704883053,-0.02830647198130569,1.0,-0.002580893310467681,0.06753969865967376,-0.19023333159571404
patient_age_at_admission,-0.002506799306084715,0.0005880031985895622,-0.014436521517841274,0.0020725638109111246,-0.00010239592450921635,0.001440868699839398,0.0014408677620185771,0.0009834567983995318,-0.002580893310467681,1.0,0.0034765584057566907,0.0036516064088239334
revenue_per_inpatient_day,-0.3110605342863131,0.23486542971505292,0.05946385551353278,0.161126132748399,0.16469222686034052,0.23681968533709072,0.2368196907337518,0.14837674837097314,0.06753969865967376,0.0034765584057566907,1.0,-0.003943290013492875
admission_collection_ratio,-0.00352573405425493,-0.0055069098662693374,-0.0024818075907833822,-0.4949337728790093,0.4934460424323097,-0.005489744509258992,-0.005489742469311684,0.6112115190655363,-0.19023333159571404,0.0036516064088239334,-0.003943290013492875,1.0
