department_name,admissions,unique_patients,average_length_of_stay,emergency_admissions,icu_admissions,readmissions,net_revenue,collected_amount,outstanding_amount,readmission_rate_pct,collection_efficiency_pct
Dermatology,5257,4706,4.76,1478,807,1094,421203670.06,183138549.86,28194875.14,20.81,43.48
General Medicine,5197,4687,4.73,1451,850,1040,417319506.97,171797664.31,31185805.63,20.01,41.17
Neurology,5230,4673,4.72,1450,829,1042,415751678.81,179630853.22,29288913.86,19.92,43.21
Orthopedics,5077,4563,4.75,1438,833,1013,414805371.99,175941487.5,28850910.96,19.95,42.42
Gynecology,5040,4541,4.72,1405,799,962,414273272.46,177459138.74,29312566.22,19.09,42.84
Pediatrics,5172,4632,4.69,1439,790,1054,409140791.34,174574205.96,29694842.69,20.38,42.67
Cardiology,5084,4570,4.73,1404,799,1058,409094291.91,175122093.2,30402176.93,20.81,42.81
ENT,5132,4621,4.73,1490,777,1050,407973271.03,177127936.49,29295335.35,20.46,43.42
Emergency,5122,4632,4.68,1390,771,964,406390689.29,176437077.95,27395857.44,18.82,43.42
Oncology,5006,4524,4.75,1351,807,971,401619663.62,170569579.7,27611455.55,19.4,42.47
