column_name,q1,q3,iqr,lower_bound,upper_bound,outlier_count,outlier_pct
admission_collection_ratio,0.20337842394193362,0.5,0.2966215760580664,-0.24155394014516596,0.9449323640870996,10517,20.49
outstanding_amount,0.0,2875.78,2875.78,-4313.67,7189.450000000001,9126,17.78
gross_amount,37483.0,97211.0,59728.0,-52109.0,186803.0,4537,8.84
tax_amount,1827.36,4741.52,2914.1600000000008,-2543.880000000002,9112.760000000002,4530,8.83
net_amount,38374.5,99571.82,61197.32000000001,-53421.48000000001,191367.80000000002,4530,8.83
discount_amount,0.0,2400.86,2400.86,-3601.29,6002.15,4239,8.26
paid_amount,10052.82,42592.2,32539.379999999997,-38756.24999999999,91401.26999999999,3845,7.49
patient_amount,12887.04,49142.12,36255.08,-41495.58,103524.74,3729,7.27
insurance_amount,0.0,53089.87,53089.87,-79634.80500000001,132724.67500000002,3258,6.35
revenue_per_inpatient_day,10581.9,23118.9,12537.000000000002,-8223.600000000004,41924.40000000001,2912,5.75
length_of_stay,3.0,6.0,3.0,-1.5,10.5,2416,4.71
patient_age_at_admission,23.0,70.0,47.0,-47.5,140.5,0,0.0
admission_year,2023.0,2025.0,2.0,2020.0,2028.0,0,0.0
admission_month,3.0,9.0,6.0,-6.0,18.0,0,0.0
