department_key,department_id,department_name,department_type,floor_number,bed_capacity,admissions,unique_patients,average_length_of_stay,emergency_admissions,icu_admissions,readmissions,readmission_rate_pct,gross_revenue,discount_amount,net_revenue,collected_amount,outstanding_amount,revenue_per_admission,collection_efficiency_pct,revenue_rank
10,DEP010,Dermatology,Specialty,10,15,5257,4706,4.76,1478,807,1094,20.81,410946138.0,9799785.68,421203670.06,183138549.86,28194875.14,80122.44,43.48,1
6,DEP006,General Medicine,General,6,50,5197,4687,4.73,1451,850,1040,20.01,407076823.0,9629673.31,417319506.97,171797664.31,31185805.63,80300.08,41.17,2
3,DEP003,Neurology,Specialty,3,30,5230,4673,4.72,1450,829,1042,19.92,405572153.0,9618173.35,415751678.81,179630853.22,29288913.86,79493.63,43.21,3
4,DEP004,Orthopedics,Specialty,4,40,5077,4563,4.75,1438,833,1013,19.95,405101033.0,10048298.04,414805371.99,175941487.5,28850910.96,81702.85,42.42,4
8,DEP008,Gynecology,Specialty,8,35,5040,4541,4.72,1405,799,962,19.09,404363698.0,9817723.94,414273272.46,177459138.74,29312566.22,82197.08,42.84,5
5,DEP005,Pediatrics,Specialty,5,30,5172,4632,4.69,1439,790,1054,20.38,399250862.0,9592965.43,409140791.34,174574205.96,29694842.69,79106.88,42.67,6
2,DEP002,Cardiology,Specialty,2,35,5084,4570,4.73,1404,799,1058,20.81,399330961.0,9717349.79,409094291.91,175122093.2,30402176.93,80467.01,42.81,7
9,DEP009,ENT,Specialty,9,20,5132,4621,4.73,1490,777,1050,20.46,398433255.0,9887282.73,407973271.03,177127936.49,29295335.35,79495.96,43.42,8
1,DEP001,Emergency,Emergency,1,40,5122,4632,4.68,1390,771,964,18.82,396323248.0,9284496.42,406390689.29,176437077.95,27395857.44,79342.19,43.42,9
7,DEP007,Oncology,Specialty,7,25,5006,4524,4.75,1351,807,971,19.4,391837656.0,9342738.31,401619663.62,170569579.7,27611455.55,80227.66,42.47,10
