variable_1,variable_2,correlation,absolute_correlation
tax_amount,net_amount,1.0,1.0
gross_amount,tax_amount,0.9986,0.9986
gross_amount,net_amount,0.9986,0.9986
patient_amount,paid_amount,0.919,0.919
length_of_stay,gross_amount,0.7591,0.7591
length_of_stay,net_amount,0.7581,0.7581
length_of_stay,tax_amount,0.7581,0.7581
insurance_amount,tax_amount,0.693,0.693
insurance_amount,net_amount,0.693,0.693
gross_amount,insurance_amount,0.6924,0.6924
patient_amount,tax_amount,0.6836,0.6836
patient_amount,net_amount,0.6836,0.6836
gross_amount,patient_amount,0.6823,0.6823
net_amount,paid_amount,0.63,0.63
tax_amount,paid_amount,0.63,0.63
gross_amount,paid_amount,0.6289,0.6289
paid_amount,admission_collection_ratio,0.6112,0.6112
length_of_stay,insurance_amount,0.5281,0.5281
length_of_stay,patient_amount,0.5154,0.5154
insurance_amount,admission_collection_ratio,-0.4949,0.4949
patient_amount,admission_collection_ratio,0.4934,0.4934
length_of_stay,paid_amount,0.4777,0.4777
gross_amount,discount_amount,0.4209,0.4209
discount_amount,tax_amount,0.3725,0.3725
discount_amount,net_amount,0.3725,0.3725
patient_amount,outstanding_amount,0.3682,0.3682
length_of_stay,discount_amount,0.3196,0.3196
length_of_stay,revenue_per_inpatient_day,-0.3111,0.3111
discount_amount,insurance_amount,0.2646,0.2646
discount_amount,patient_amount,0.2482,0.2482
net_amount,outstanding_amount,0.2476,0.2476
tax_amount,outstanding_amount,0.2476,0.2476
gross_amount,outstanding_amount,0.2468,0.2468
tax_amount,revenue_per_inpatient_day,0.2368,0.2368
net_amount,revenue_per_inpatient_day,0.2368,0.2368
gross_amount,revenue_per_inpatient_day,0.2349,0.2349
discount_amount,paid_amount,0.2316,0.2316
