department_key,department_id,department_name,bills,patients,net_revenue,collected_amount,outstanding_amount,average_financial_risk_score,high_risk_bills,medium_risk_bills,low_risk_bills,high_risk_bill_rate_pct,outstanding_rate_pct,outstanding_share_pct,outstanding_rank,financial_risk_rank
2,DEP002,Cardiology,5084,4570,409094291.91,175122093.2,30402176.93,15.58,554,964,3566,10.9,7.43,10.44,2,1
8,DEP008,Gynecology,5040,4541,414273272.46,177459138.74,29312566.22,15.32,546,909,3585,10.83,7.08,10.06,4,2
7,DEP007,Oncology,5006,4524,401619663.62,170569579.7,27611455.55,15.2,538,901,3567,10.75,6.88,9.48,9,3
6,DEP006,General Medicine,5197,4687,417319506.97,171797664.31,31185805.63,15.51,557,993,3647,10.72,7.47,10.71,1,4
4,DEP004,Orthopedics,5077,4563,414805371.99,175941487.5,28850910.96,15.3,535,945,3597,10.54,6.96,9.91,7,5
3,DEP003,Neurology,5230,4673,415751678.81,179630853.22,29288913.86,15.21,538,995,3697,10.29,7.04,10.06,6,6
9,DEP009,ENT,5132,4621,407973271.03,177127936.49,29295335.35,15.39,524,996,3612,10.21,7.18,10.06,5,7
5,DEP005,Pediatrics,5172,4632,409140791.34,174574205.96,29694842.69,15.25,524,1001,3647,10.13,7.26,10.2,3,8
1,DEP001,Emergency,5122,4632,406390689.29,176437077.95,27395857.44,14.78,499,940,3683,9.74,6.74,9.41,10,9
10,DEP010,Dermatology,5257,4706,421203670.06,183138549.86,28194875.14,14.8,508,975,3774,9.66,6.69,9.68,8,10
