month_start,total_claims,claim_amount,rejected_amount,high_risk_claims,average_claim_risk_score,high_risk_claim_rate_pct,rejected_value_rate_pct,high_risk_claim_rate_mom_change_pp,rejected_value_rate_mom_change_pp
2023-01-01,568,30596286.64,4958272.92,54,9.98,9.51,16.21,,
2023-02-01,756,43114947.45,4920603.54,48,8.56,6.35,11.41,-3.16,-4.8
2023-03-01,836,47785216.38,6883641.83,74,9.9,8.85,14.41,2.5,3.0
2023-04-01,831,47262277.73,6775221.76,76,9.99,9.15,14.34,0.3,-0.07
2023-05-01,801,44629742.28,5473589.79,54,8.65,6.74,12.26,-2.41,-2.08
2023-06-01,766,45191177.02,5510120.06,63,9.11,8.22,12.19,1.48,-0.07
2023-07-01,805,46551393.56,4989940.88,46,8.39,5.71,10.72,-2.51,-1.47
2023-08-01,822,46734165.93,5771604.32,61,9.01,7.42,12.35,1.71,1.63
2023-09-01,770,43203654.07,6622832.79,65,9.55,8.44,15.33,1.02,2.98
2023-10-01,802,45054864.85,6100211.9,63,9.99,7.86,13.54,-0.58,-1.79
2023-11-01,772,43991713.47,5221094.28,52,8.57,6.74,11.87,-1.12,-1.67
2023-12-01,719,40712877.02,5526389.66,55,9.08,7.65,13.57,0.91,1.7
2024-01-01,852,46139695.49,7036994.77,78,9.71,9.15,15.25,1.5,1.68
2024-02-01,735,41246321.16,5558121.99,52,9.2,7.07,13.48,-2.08,-1.77
2024-03-01,822,44847017.08,5899193.77,64,9.54,7.79,13.15,0.72,-0.33
2024-04-01,788,45986951.08,6455373.51,70,9.94,8.88,14.04,1.09,0.89
2024-05-01,834,48229921.91,6288902.27,65,9.39,7.79,13.04,-1.09,-1.0
2024-06-01,795,45243659.96,4619021.79,55,8.93,6.92,10.21,-0.87,-2.83
2024-07-01,828,46831524.86,6077169.46,67,9.54,8.09,12.98,1.17,2.77
2024-08-01,852,46241517.09,5764618.48,61,9.0,7.16,12.47,-0.93,-0.51
2024-09-01,755,42164647.56,5384753.71,58,9.36,7.68,12.77,0.52,0.3
2024-10-01,786,44839517.65,5500862.16,53,9.09,6.74,12.27,-0.94,-0.5
2024-11-01,782,46600548.1,5832985.9,56,8.95,7.16,12.52,0.42,0.25
2024-12-01,815,48033567.17,6530008.55,70,9.39,8.59,13.59,1.43,1.07
2025-01-01,807,47157225.41,7136873.46,73,9.71,9.05,15.13,0.46,1.54
2025-02-01,716,39755785.59,5210994.5,62,9.34,8.66,13.11,-0.39,-2.02
2025-03-01,810,45329258.81,6877731.64,71,9.55,8.77,15.17,0.11,2.06
2025-04-01,809,43570591.04,5311972.54,54,8.66,6.67,12.19,-2.1,-2.98
2025-05-01,820,45649870.95,5381361.76,54,8.73,6.59,11.79,-0.08,-0.4
2025-06-01,808,47973844.96,6869533.45,66,9.42,8.17,14.32,1.58,2.53
2025-07-01,766,43144970.94,5290457.8,62,9.42,8.09,12.26,-0.08,-2.06
2025-08-01,851,49578877.7,6691870.59,70,9.25,8.23,13.5,0.14,1.24
2025-09-01,756,43122939.16,5318052.78,53,8.54,7.01,12.33,-1.22,-1.17
2025-10-01,829,47827414.28,5479972.86,57,9.07,6.88,11.46,-0.13,-0.87
2025-11-01,763,42391596.33,5828222.56,58,9.53,7.6,13.75,0.72,2.29
2025-12-01,862,48345941.39,6645361.91,72,9.76,8.35,13.75,0.75,0.0
2026-01-01,804,45776835.9,5385291.05,55,9.04,6.84,11.76,-1.51,-1.99
2026-02-01,732,42952458.56,6287983.03,63,9.73,8.61,14.64,1.77,2.88
2026-03-01,860,48278692.07,6732980.13,70,9.44,8.14,13.95,-0.47,-0.69
2026-04-01,775,44411030.61,6266350.48,56,9.59,7.23,14.11,-0.91,0.16
2026-05-01,825,45123490.69,5819410.63,63,9.32,7.64,12.9,0.41,-1.21
2026-06-01,803,44999229.36,6723272.12,66,9.44,8.22,14.94,0.58,2.04
2026-07-01,847,48749237.7,6408609.31,65,9.26,7.67,13.15,-0.55,-1.79
2026-08-01,825,45492491.56,6018915.77,72,8.85,8.73,13.23,1.06,0.08
2026-09-01,1196,56338856.74,8167485.34,91,8.92,7.61,14.5,-1.12,1.27
2026-10-01,494,27337035.76,3976076.33,50,9.88,10.12,14.54,2.51,0.04
