month_start,bills,net_revenue,collected_amount,outstanding_amount,average_financial_risk_score,high_risk_bills,high_risk_bill_rate_pct,outstanding_rate_pct,high_risk_bill_rate_mom_change_pp,outstanding_rate_mom_change_pp
2023-01-01,941,71029992.25,28197046.93,4900464.11,14.33,84,8.93,6.9,,
2023-02-01,1065,88268558.72,37564468.65,7888393.77,16.99,127,11.92,8.94,2.99,2.04
2023-03-01,1143,90413257.52,37390197.88,6253642.83,15.4,118,10.32,6.92,-1.6,-2.02
2023-04-01,1189,97439759.23,44650805.84,6094658.09,14.92,122,10.26,6.25,-0.06,-0.67
2023-05-01,1123,90438690.62,39081680.75,6131170.37,14.92,116,10.33,6.78,0.07,0.53
2023-06-01,1115,90635841.0,39086493.24,5697454.29,14.14,98,8.79,6.29,-1.54,-0.49
2023-07-01,1125,92032200.68,39754852.29,6167644.12,15.05,115,10.22,6.7,1.43,0.41
2023-08-01,1133,92217339.21,39017759.78,7439692.64,15.64,121,10.68,8.07,0.46,1.37
2023-09-01,1088,87878001.93,37978995.83,6628890.66,16.03,114,10.48,7.54,-0.2,-0.53
2023-10-01,1124,91916747.01,39798506.0,6507870.74,15.79,128,11.39,7.08,0.91,-0.46
2023-11-01,1047,82872613.51,34377303.91,5678985.54,14.15,102,9.74,6.85,-1.65,-0.23
2023-12-01,1080,87172447.07,38373937.47,6422601.75,15.5,115,10.65,7.37,0.91,0.52
2024-01-01,1169,90372806.68,38386523.36,6356681.54,15.68,124,10.61,7.03,-0.04,-0.34
2024-02-01,1058,85283201.43,36817232.26,6596603.95,14.91,112,10.59,7.73,-0.02,0.7
2024-03-01,1120,88703999.25,38771515.55,6229390.03,14.99,114,10.18,7.02,-0.41,-0.71
2024-04-01,1121,90558306.49,37674316.42,6402656.5,15.16,113,10.08,7.07,-0.1,0.05
2024-05-01,1132,91686997.39,37118490.58,6142611.23,16.1,123,10.87,6.7,0.79,-0.37
2024-06-01,1075,88344416.75,36729007.01,5799656.59,15.07,95,8.84,6.56,-2.03,-0.14
2024-07-01,1123,89068402.94,37064075.63,6104913.14,15.33,116,10.33,6.85,1.49,0.29
2024-08-01,1154,94914788.04,41823907.16,6441075.66,15.8,125,10.83,6.79,0.5,-0.06
2024-09-01,1059,84098468.76,35540823.5,6573039.48,15.18,116,10.95,7.82,0.12,1.03
2024-10-01,1154,93037133.68,41380827.04,6439254.8,14.96,123,10.66,6.92,-0.29,-0.9
2024-11-01,1126,92310722.06,39409139.39,6763458.42,15.08,115,10.21,7.33,-0.45,0.41
2024-12-01,1160,96939773.81,43419891.03,6351835.55,15.06,112,9.66,6.55,-0.55,-0.78
2025-01-01,1135,93281671.3,38934276.02,6172171.97,15.09,117,10.31,6.62,0.65,0.07
2025-02-01,1021,82428022.07,36006734.52,6081324.46,15.73,114,11.17,7.38,0.86,0.76
2025-03-01,1139,89953476.08,39665103.86,5880424.76,14.87,116,10.18,6.54,-0.99,-0.84
2025-04-01,1125,87422576.1,37824625.59,6358891.43,14.92,122,10.84,7.27,0.66,0.73
2025-05-01,1162,93872432.16,40380652.57,6772286.3,15.36,133,11.45,7.21,0.61,-0.06
2025-06-01,1085,91163521.03,37689695.14,6352881.55,15.65,124,11.43,6.97,-0.02,-0.24
2025-07-01,1100,88841073.79,40204830.12,5656660.58,14.58,109,9.91,6.37,-1.52,-0.6
2025-08-01,1165,94127063.77,38505101.02,6348854.09,15.18,115,9.87,6.74,-0.04,0.37
2025-09-01,1060,84701301.6,35880817.83,5264539.85,13.7,106,10.0,6.22,0.13,-0.52
2025-10-01,1142,93853602.32,38694065.57,6473552.78,15.25,122,10.68,6.9,0.68,0.68
2025-11-01,1069,84256767.75,37029408.49,5798526.42,14.77,103,9.64,6.88,-1.04,-0.02
2025-12-01,1154,92155299.85,37466007.24,6380664.1,15.58,121,10.49,6.92,0.85,0.04
2026-01-01,1141,95382026.71,40935808.29,6849534.41,15.37,121,10.6,7.18,0.11,0.26
2026-02-01,1033,85067470.78,38451749.85,5498675.22,14.55,90,8.71,6.46,-1.89,-0.72
2026-03-01,1208,98484102.93,42380031.35,7047838.83,16.38,143,11.84,7.16,3.13,0.7
2026-04-01,1103,87939462.68,38108570.16,5992230.49,14.57,98,8.88,6.81,-2.96,-0.35
2026-05-01,1143,88880313.28,36941266.58,6927909.86,15.56,129,11.29,7.79,2.41,0.98
2026-06-01,1086,88008806.48,36146786.05,6528490.72,15.5,117,10.77,7.42,-0.52,-0.37
2026-07-01,1192,98337437.17,41496678.95,7068071.74,15.68,123,10.32,7.19,-0.45,-0.23
2026-08-01,1136,90308148.58,39847644.77,6635289.65,15.92,139,12.24,7.35,1.92,0.16
2026-09-01,2039,129611289.27,55856697.77,10486296.44,14.48,170,8.34,8.09,-3.9,0.74
2026-10-01,255,31861875.75,13944237.69,2644978.32,18.71,43,16.86,8.3,8.52,0.21
