batch_id,bill_id,admission_id,patient_id,billing_date,room_charge,doctor_charge,procedure_charge,medication_charge,lab_charge,other_charge,gross_amount,discount_amount,insurance_amount,patient_amount,tax_amount,net_amount,paid_amount,outstanding_amount,payment_status,payment_method
BATCH-20260925-006,BILL-00052146,ADM-00052146,PAT-0015976,2026-10-01 19:53:16,15000.0,9000.0,12000.0,11567.0,2560.0,3022.0,53149.0,0.0,33964.9,21841.55,2657.45,55806.45,21841.55,0.0,Paid,UPI
BATCH-20260925-006,BILL-00052147,ADM-00052147,PAT-0013841,2026-10-01 22:52:27,15000.0,9000.0,5000.0,5823.0,5663.0,2528.0,43014.0,860.28,34398.49,9862.91,2107.69,44261.41,9862.91,0.0,Paid,Card
BATCH-20260925-006,BILL-00052148,ADM-00052148,PAT-0019546,2026-09-30 21:39:14,35000.0,3000.0,0.0,5484.0,2713.0,3150.0,49347.0,0.0,31404.96,20409.39,2467.35,51814.35,10204.7,10204.7,Partially Paid,UPI
BATCH-20260925-006,BILL-00052149,ADM-00052149,PAT-0000488,2026-10-01 13:02:26,27000.0,6000.0,40000.0,3073.0,1968.0,366.0,78407.0,0.0,0.0,82327.35,3920.35,82327.35,82327.35,0.0,Paid,Bank Transfer
BATCH-20260925-006,BILL-00052150,ADM-00052150,PAT-0017562,2026-09-30 07:58:57,75000.0,4000.0,45430.0,11066.0,7655.0,3438.0,146589.0,0.0,0.0,153918.45,7329.45,153918.45,115438.84,38479.61,Partially Paid,Bank Transfer
BATCH-20260925-006,BILL-00052151,ADM-00052151,PAT-0000519,2026-09-27 05:35:24,5000.0,2500.0,0.0,8605.0,1211.0,393.0,17709.0,1770.9,11983.2,4751.8,796.91,16735.01,4751.8,0.0,Paid,Bank Transfer
BATCH-20260925-006,BILL-00052152,ADM-00052152,PAT-0000675,2026-09-29 21:52:30,18000.0,3200.0,0.0,3085.0,6867.0,1338.0,32490.0,649.8,0.0,33432.21,1592.01,33432.21,33432.21,0.0,Paid,UPI
BATCH-20260925-006,BILL-00052153,ADM-00052153,PAT-0022979,2026-09-30 15:51:38,35000.0,7500.0,5000.0,4543.0,3605.0,3221.0,58869.0,1177.38,0.0,60576.2,2884.58,60576.2,30288.1,30288.1,Partially Paid,Bank Transfer
BATCH-20260925-006,BILL-00052154,ADM-00052154,PAT-0016059,2026-09-26 22:38:10,2500.0,2000.0,0.0,9611.0,1689.0,3474.0,19274.0,0.0,15382.03,4855.67,963.7,20237.7,4855.67,0.0,Paid,Bank Transfer
BATCH-20260925-006,BILL-00052155,ADM-00052155,PAT-0009475,2026-10-02 17:53:43,49000.0,5400.0,0.0,6437.0,7038.0,77.0,67952.0,0.0,43302.18,28047.42,3397.6,71349.6,0.0,28047.42,Outstanding,Bank Transfer
BATCH-20260925-006,BILL-00052156,ADM-00052156,PAT-0001140,2026-09-30 20:40:27,75000.0,1500.0,96134.0,18984.0,4989.0,1131.0,197738.0,9886.9,0.0,197243.65,9392.56,197243.65,147932.74,49310.91,Partially Paid,Cash
BATCH-20260925-006,BILL-00052157,ADM-00052157,PAT-0001335,2026-09-28 23:33:49,7500.0,3600.0,40000.0,10435.0,3330.0,2209.0,67074.0,3353.7,40767.94,26138.37,3186.02,66906.32,26138.37,0.0,Paid,Cash
BATCH-20260925-006,BILL-00052158,ADM-00052158,PAT-0020608,2026-10-02 23:54:29,17500.0,1200.0,75000.0,4965.0,3506.0,4397.0,106568.0,0.0,0.0,111896.4,5328.4,111896.4,83922.3,27974.1,Partially Paid,Cash
BATCH-20260925-006,BILL-00052159,ADM-00052159,PAT-0006898,2026-09-30 03:39:23,35000.0,500.0,0.0,3431.0,3946.0,3755.0,46632.0,2331.6,29424.8,17090.62,2215.02,46515.42,17090.62,0.0,Paid,Bank Transfer
BATCH-20260925-006,BILL-00052160,ADM-00052160,PAT-0016764,2026-10-02 11:55:22,49000.0,10000.0,25000.0,11037.0,2806.0,2908.0,100751.0,5037.55,0.0,100499.12,4785.67,100499.12,100499.12,0.0,Paid,Cash
BATCH-20260925-006,BILL-00052161,ADM-00052161,PAT-0004270,2026-10-01 01:38:46,90000.0,2400.0,48105.0,6796.0,8541.0,1556.0,157398.0,0.0,117906.97,47360.93,7869.9,165267.9,47360.93,0.0,Paid,Cash
BATCH-20260925-006,BILL-00052162,ADM-00052162,PAT-0000352,2026-10-02 20:56:24,105000.0,5000.0,9047.0,8280.0,6693.0,968.0,134988.0,0.0,89712.58,52024.82,6749.4,141737.4,52024.82,0.0,Paid,Card
BATCH-20260925-006,BILL-00052163,ADM-00052163,PAT-0023968,2026-10-04 15:19:35,135000.0,12000.0,46454.0,7134.0,4976.0,2269.0,207833.0,0.0,0.0,218224.65,10391.65,218224.65,163668.49,54556.16,Partially Paid,UPI
BATCH-20260925-006,BILL-00052164,ADM-00052164,PAT-0000275,2026-10-10 13:27:05,225000.0,3600.0,97208.0,13782.0,8718.0,1284.0,349592.0,6991.84,230414.7,129315.47,17130.01,359730.17,129315.47,0.0,Paid,Bank Transfer
BATCH-20260925-006,BILL-00052165,ADM-00052165,PAT-0009326,2026-09-27 20:26:52,14000.0,1600.0,0.0,8892.0,8286.0,3034.0,35812.0,0.0,0.0,37602.6,1790.6,37602.6,37602.6,0.0,Paid,Card
BATCH-20260925-006,BILL-00052166,ADM-00052166,PAT-0022182,2026-10-01 19:18:28,15000.0,10000.0,8000.0,7957.0,897.0,2087.0,43941.0,0.0,0.0,46138.05,2197.05,46138.05,46138.05,0.0,Paid,UPI
BATCH-20260925-006,BILL-00052167,ADM-00052167,PAT-0023837,2026-09-27 06:58:31,14000.0,4000.0,12000.0,5553.0,5884.0,2135.0,43572.0,2178.6,28282.26,15180.81,2069.67,43463.07,0.0,15180.81,Outstanding,UPI
BATCH-20260925-006,BILL-00052168,ADM-00052168,PAT-0022035,2026-09-28 02:35:35,21000.0,700.0,40000.0,9623.0,6276.0,1628.0,79227.0,3961.35,0.0,79028.93,3763.28,79028.93,59271.7,19757.23,Partially Paid,Bank Transfer
BATCH-20260925-006,BILL-00052169,ADM-00052169,PAT-0017687,2026-09-28 12:01:10,7500.0,1500.0,0.0,11198.0,7884.0,2458.0,30540.0,1527.0,22774.08,7689.57,1450.65,30463.65,7689.57,0.0,Paid,Cash
BATCH-20260925-006,BILL-00052170,ADM-00052170,PAT-0009850,2026-09-27 23:53:52,5000.0,2000.0,5000.0,11362.0,4655.0,2175.0,30192.0,603.84,21526.76,9540.81,1479.41,31067.57,9540.81,0.0,Paid,Card
BATCH-20260925-006,BILL-00052171,ADM-00052171,PAT-0024432,2026-10-02 00:21:56,49000.0,1000.0,25000.0,7989.0,8746.0,3314.0,95049.0,4752.45,78424.16,16387.22,4514.83,94811.38,16387.22,0.0,Paid,Card
BATCH-20260925-006,BILL-00052172,ADM-00052172,PAT-0022017,2026-10-02 14:14:50,31500.0,15000.0,0.0,4012.0,6461.0,1108.0,58081.0,0.0,0.0,60985.05,2904.05,60985.05,60985.05,0.0,Paid,UPI
BATCH-20260925-006,BILL-00052173,ADM-00052173,PAT-0005291,2026-10-01 17:08:35,42000.0,3600.0,75000.0,6636.0,6842.0,1540.0,135618.0,2712.36,106610.64,32940.28,6645.28,139550.92,24705.21,8235.07,Partially Paid,Cash
BATCH-20260925-006,BILL-00052174,ADM-00052174,PAT-0024398,2026-09-29 15:35:57,18000.0,4500.0,5000.0,4760.0,1307.0,2834.0,36401.0,1820.05,0.0,36310.0,1729.05,36310.0,36310.0,0.0,Paid,Bank Transfer
BATCH-20260925-006,BILL-00052175,ADM-00052175,PAT-0013869,2026-10-09 10:13:01,210000.0,7000.0,17410.0,3514.0,2078.0,4744.0,244746.0,0.0,0.0,256983.3,12237.3,256983.3,192737.47,64245.83,Partially Paid,Bank Transfer
BATCH-20260925-006,BILL-00052176,ADM-00052176,PAT-0010278,2026-09-26 11:34:16,4500.0,700.0,40000.0,6577.0,8516.0,4215.0,64508.0,1290.16,37795.12,28583.61,3160.89,66378.73,28583.61,0.0,Paid,Cash
BATCH-20260925-006,BILL-00052177,ADM-00052177,PAT-0004443,2026-09-30 23:25:30,12500.0,3000.0,8000.0,4268.0,8459.0,2127.0,38354.0,0.0,23480.07,16791.63,1917.7,40271.7,12593.72,4197.91,Partially Paid,UPI
BATCH-20260925-006,BILL-00052178,ADM-00052178,PAT-0024738,2026-10-08 20:15:55,195000.0,10000.0,58647.0,10568.0,3339.0,2885.0,280439.0,5608.78,0.0,288571.73,13741.51,288571.73,288571.73,0.0,Paid,Card
BATCH-20260925-006,BILL-00052179,ADM-00052179,PAT-0010479,2026-09-26 20:33:37,2500.0,1500.0,25000.0,9137.0,1419.0,33.0,39589.0,0.0,25491.35,16077.1,1979.45,41568.45,16077.1,0.0,Paid,Card
BATCH-20260925-006,BILL-00052180,ADM-00052180,PAT-0002937,2026-10-03 19:49:56,120000.0,6000.0,25830.0,8768.0,1763.0,4000.0,166361.0,8318.05,115484.42,50460.68,7902.15,165945.1,50460.68,0.0,Paid,UPI
BATCH-20260925-006,BILL-00052181,ADM-00052181,PAT-0009733,2026-09-27 23:28:23,14000.0,2000.0,40000.0,10697.0,5912.0,956.0,73565.0,0.0,0.0,77243.25,3678.25,77243.25,77243.25,0.0,Paid,UPI
BATCH-20260925-006,BILL-00052182,ADM-00052182,PAT-0016621,2026-10-06 08:08:54,165000.0,11000.0,58130.0,7932.0,3866.0,2393.0,248321.0,0.0,215899.44,44837.61,12416.05,260737.05,44837.61,0.0,Paid,Cash
BATCH-20260925-006,BILL-00052183,ADM-00052183,PAT-0008700,2026-10-02 21:09:40,105000.0,7000.0,64101.0,22966.0,2616.0,2231.0,203914.0,4078.28,137428.03,72399.48,9991.79,209827.51,72399.48,0.0,Paid,UPI
BATCH-20260925-006,BILL-00052184,ADM-00052184,PAT-0006189,2026-09-28 06:07:42,21000.0,3000.0,25000.0,2388.0,1728.0,746.0,53862.0,2693.1,0.0,53727.35,2558.45,53727.35,53727.35,0.0,Paid,Cash
BATCH-20260925-006,BILL-00052185,ADM-00052185,PAT-0016296,2026-09-29 23:37:44,18000.0,4800.0,5000.0,6117.0,5680.0,3373.0,42970.0,2148.5,29758.56,13104.02,2041.08,42862.57,13104.02,0.0,Paid,Bank Transfer
BATCH-20260925-006,BILL-00052186,ADM-00052186,PAT-0016141,2026-10-02 13:37:39,49000.0,3500.0,12000.0,6988.0,4032.0,1801.0,77321.0,3866.05,50657.23,26470.46,3672.75,77127.7,26470.46,0.0,Paid,Bank Transfer
BATCH-20260925-006,BILL-00052187,ADM-00052187,PAT-0017752,2026-10-04 21:32:48,135000.0,2000.0,94485.0,5706.0,5638.0,62.0,242891.0,0.0,209252.92,45782.63,12144.55,255035.55,45782.63,0.0,Paid,UPI
BATCH-20260925-006,BILL-00052188,ADM-00052188,PAT-0001905,2026-10-01 01:19:00,42000.0,4000.0,12000.0,7687.0,3109.0,203.0,68999.0,0.0,54165.94,18283.01,3449.95,72448.95,18283.01,0.0,Paid,Card
BATCH-20260925-006,BILL-00052189,ADM-00052189,PAT-0006538,2026-09-26 06:10:44,4500.0,2500.0,0.0,7583.0,5031.0,2958.0,22572.0,451.44,0.0,23226.59,1106.03,23226.59,17419.94,5806.65,Partially Paid,Bank Transfer
BATCH-20260925-006,BILL-00052190,ADM-00052190,PAT-0019214,2026-09-26 04:12:52,2500.0,1000.0,0.0,2640.0,1520.0,1311.0,8971.0,897.1,6744.61,1732.98,403.69,8477.59,1732.98,0.0,Paid,Card
BATCH-20260925-006,BILL-00052191,ADM-00052191,PAT-0009686,2026-09-26 07:39:05,4500.0,500.0,40000.0,4825.0,3877.0,948.0,54650.0,1093.0,45335.36,10899.49,2677.85,56234.85,10899.49,0.0,Paid,Cash
BATCH-20260925-006,BILL-00052192,ADM-00052192,PAT-0017252,2026-10-01 23:17:42,15000.0,4000.0,8000.0,11433.0,6761.0,4562.0,49756.0,995.12,40135.11,11063.81,2438.04,51198.92,11063.81,0.0,Paid,Cash
BATCH-20260925-006,BILL-00052193,ADM-00052193,PAT-0017961,2026-09-30 09:52:40,35000.0,1200.0,40000.0,2243.0,2702.0,2819.0,83964.0,0.0,71188.6,16973.6,4198.2,88162.2,12730.2,4243.4,Partially Paid,UPI
BATCH-20260925-006,BILL-00052194,ADM-00052194,PAT-0013544,2026-10-03 22:21:09,120000.0,1500.0,23790.0,5700.0,7517.0,4054.0,162561.0,0.0,121546.93,49142.12,8128.05,170689.05,49142.12,0.0,Paid,Card
BATCH-20260925-006,BILL-00052195,ADM-00052195,PAT-0024553,2026-09-26 04:37:52,7000.0,800.0,12000.0,8208.0,4877.0,4754.0,37639.0,0.0,23800.81,15720.14,1881.95,39520.95,15720.14,0.0,Paid,Bank Transfer
BATCH-20260925-006,BILL-00052196,ADM-00052196,PAT-0000210,2026-09-28 07:47:06,13500.0,3600.0,0.0,9230.0,6754.0,4176.0,37260.0,0.0,0.0,39123.0,1863.0,39123.0,39123.0,0.0,Paid,UPI
BATCH-20260925-006,BILL-00052197,ADM-00052197,PAT-0012917,2026-09-30 07:43:22,75000.0,1500.0,46313.0,20230.0,1344.0,3612.0,147999.0,0.0,103622.83,51776.12,7399.95,155398.95,38832.09,12944.03,Partially Paid,UPI
BATCH-20260925-006,BILL-00052198,ADM-00052198,PAT-0024453,2026-09-28 07:20:26,21000.0,4500.0,12000.0,10764.0,4211.0,2068.0,54543.0,0.0,37173.17,20096.98,2727.15,57270.15,20096.98,0.0,Paid,Cash
BATCH-20260925-006,BILL-00052199,ADM-00052199,PAT-0020157,2026-09-30 06:51:38,35000.0,2000.0,0.0,9055.0,8804.0,2799.0,57658.0,2882.9,46535.93,10977.92,2738.76,57513.85,0.0,10977.92,Outstanding,Cash
BATCH-20260925-006,BILL-00052200,ADM-00052200,PAT-0015063,2026-09-30 16:54:59,22500.0,3200.0,12000.0,11379.0,3324.0,1593.0,53996.0,0.0,32883.34,23812.46,2699.8,56695.8,23812.46,0.0,Paid,Card
BATCH-20260925-006,BILL-00052201,ADM-00052201,PAT-0005344,2026-10-01 06:58:52,90000.0,2000.0,15702.0,12458.0,2083.0,1203.0,123446.0,2468.92,96121.85,30904.09,6048.85,127025.93,30904.09,0.0,Paid,Bank Transfer
BATCH-20260925-006,BILL-00052202,ADM-00052202,PAT-0019948,2026-10-05 16:34:54,150000.0,8400.0,22912.0,23852.0,7780.0,1579.0,214523.0,10726.15,142937.87,71048.83,10189.84,213986.69,71048.83,0.0,Paid,Cash
BATCH-20260925-006,BILL-00052203,ADM-00052203,PAT-0017432,2026-09-29 09:59:29,18000.0,10000.0,0.0,11430.0,8589.0,242.0,48261.0,0.0,37306.21,13367.84,2413.05,50674.05,10025.88,3341.96,Partially Paid,Bank Transfer
BATCH-20260925-006,BILL-00052204,ADM-00052204,PAT-0007499,2026-10-04 05:28:17,135000.0,22500.0,8061.0,8068.0,3108.0,4593.0,181330.0,0.0,0.0,190396.5,9066.5,190396.5,142797.38,47599.12,Partially Paid,Card
BATCH-20260925-006,BILL-00052205,ADM-00052205,PAT-0014809,2026-09-28 02:01:10,21000.0,1000.0,0.0,2285.0,2622.0,3287.0,30194.0,603.88,0.0,31069.63,1479.51,31069.63,31069.63,0.0,Paid,Cash
BATCH-20260925-006,BILL-00052206,ADM-00052206,PAT-0005818,2026-09-27 08:47:47,5000.0,1400.0,25000.0,9524.0,2238.0,111.0,43273.0,0.0,38128.51,7308.14,2163.65,45436.65,7308.14,0.0,Paid,Bank Transfer
BATCH-20260925-006,BILL-00052207,ADM-00052207,PAT-0021660,2026-09-30 00:58:32,75000.0,5000.0,23688.0,19110.0,5295.0,4755.0,132848.0,6642.4,87208.93,45306.95,6310.28,132515.88,33980.21,11326.74,Partially Paid,Bank Transfer
BATCH-20260925-006,BILL-00052208,ADM-00052208,PAT-0019583,2026-09-27 06:54:18,9000.0,1000.0,8000.0,1301.0,3992.0,2118.0,25411.0,0.0,22481.95,4199.6,1270.55,26681.55,4199.6,0.0,Paid,UPI
BATCH-20260925-006,BILL-00052209,ADM-00052209,PAT-0000537,2026-10-01 18:31:24,15000.0,7200.0,0.0,4450.0,1399.0,1024.0,29073.0,581.46,20712.09,9204.03,1424.58,29916.12,4602.01,4602.01,Partially Paid,Cash
BATCH-20260925-006,BILL-00052210,ADM-00052210,PAT-0018663,2026-10-02 20:52:55,17500.0,2000.0,40000.0,10626.0,2895.0,576.0,73597.0,0.0,52287.02,24989.83,3679.85,77276.85,18742.37,6247.46,Partially Paid,Bank Transfer
BATCH-20260925-006,BILL-00052211,ADM-00052211,PAT-0019194,2026-10-01 12:20:11,15000.0,1800.0,0.0,6471.0,4038.0,2781.0,30090.0,3009.0,22080.04,6355.01,1354.05,28435.05,6355.01,0.0,Paid,Cash
BATCH-20260925-006,BILL-00052212,ADM-00052212,PAT-0011864,2026-09-30 00:24:52,22500.0,1000.0,12000.0,4840.0,1668.0,1874.0,43882.0,0.0,27966.49,18109.61,2194.1,46076.1,13582.21,4527.4,Partially Paid,Bank Transfer
BATCH-20260925-006,BILL-00052213,ADM-00052213,PAT-0014618,2026-10-01 01:26:28,27000.0,3600.0,12000.0,10483.0,4157.0,1575.0,58815.0,2940.75,42262.05,16405.91,2793.71,58667.96,16405.91,0.0,Paid,UPI
BATCH-20260925-006,BILL-00052214,ADM-00052214,PAT-0002972,2026-09-29 16:19:05,28000.0,2000.0,0.0,10460.0,2966.0,2328.0,45754.0,0.0,29328.6,18713.1,2287.7,48041.7,18713.1,0.0,Paid,Cash
BATCH-20260925-006,BILL-00052215,ADM-00052215,PAT-0000008,2026-09-26 22:01:10,4500.0,1000.0,8000.0,6663.0,8211.0,4219.0,32593.0,0.0,27494.77,6727.88,1629.65,34222.65,3363.94,3363.94,Partially Paid,Card
BATCH-20260925-006,BILL-00052216,ADM-00052216,PAT-0020102,2026-09-28 21:38:22,21000.0,1000.0,0.0,1031.0,3692.0,2858.0,29581.0,0.0,23756.0,7304.05,1479.05,31060.05,7304.05,0.0,Paid,UPI
BATCH-20260925-006,BILL-00052217,ADM-00052217,PAT-0014569,2026-09-27 21:08:21,5000.0,2000.0,25000.0,5735.0,1709.0,3223.0,42667.0,0.0,35338.92,9461.43,2133.35,44800.35,0.0,9461.43,Outstanding,Card
BATCH-20260925-006,BILL-00052218,ADM-00052218,PAT-0012510,2026-09-27 07:38:00,9000.0,2000.0,40000.0,10329.0,7855.0,4709.0,73893.0,7389.3,47090.25,22738.63,3325.18,69828.88,11369.32,11369.32,Partially Paid,Card
BATCH-20260925-006,BILL-00052219,ADM-00052219,PAT-0000572,2026-09-30 23:32:52,12500.0,500.0,40000.0,4754.0,4789.0,3619.0,66162.0,0.0,56936.0,12534.1,3308.1,69470.1,12534.1,0.0,Paid,Cash
BATCH-20260925-006,BILL-00052220,ADM-00052220,PAT-0024008,2026-10-04 12:40:54,135000.0,8400.0,38068.0,22308.0,2509.0,1243.0,207528.0,0.0,167661.3,50243.1,10376.4,217904.4,50243.1,0.0,Paid,Card
BATCH-20260925-006,BILL-00052221,ADM-00052221,PAT-0009335,2026-10-01 01:06:02,27000.0,5000.0,75000.0,1985.0,6339.0,2085.0,117409.0,0.0,76033.87,47245.58,5870.45,123279.45,35434.18,11811.39,Partially Paid,Cash
BATCH-20260925-006,BILL-00052222,ADM-00052222,PAT-0016381,2026-09-27 05:50:07,5000.0,5000.0,0.0,4256.0,3729.0,3396.0,21381.0,2138.1,0.0,20205.05,962.15,20205.05,20205.05,0.0,Paid,Card
BATCH-20260925-006,BILL-00052223,ADM-00052223,PAT-0014822,2026-09-30 13:38:47,35000.0,2500.0,25000.0,6509.0,5893.0,358.0,75260.0,7526.0,57284.44,13836.26,3386.7,71120.7,13836.26,0.0,Paid,UPI
BATCH-20260925-006,BILL-00052224,ADM-00052224,PAT-0007616,2026-09-29 17:35:52,28000.0,7500.0,25000.0,6468.0,8618.0,4796.0,80382.0,1607.64,61569.39,21143.69,3938.72,82713.08,21143.69,0.0,Paid,Cash
BATCH-20260925-006,BILL-00052225,ADM-00052225,PAT-0001850,2026-09-30 02:55:30,35000.0,7500.0,5000.0,5779.0,1328.0,592.0,55199.0,1103.98,36499.97,20299.8,2704.75,56799.77,20299.8,0.0,Paid,Bank Transfer
BATCH-20260925-006,BILL-00052226,ADM-00052226,PAT-0023710,2026-09-28 05:41:30,13500.0,7500.0,75000.0,4732.0,3311.0,468.0,104511.0,0.0,0.0,109736.55,5225.55,109736.55,109736.55,0.0,Paid,Cash
BATCH-20260925-006,BILL-00052227,ADM-00052227,PAT-0001514,2026-09-29 16:27:28,18000.0,1800.0,75000.0,11614.0,5705.0,4922.0,117041.0,0.0,102815.92,20077.13,5852.05,122893.05,20077.13,0.0,Paid,Bank Transfer
BATCH-20260925-006,BILL-00052228,ADM-00052228,PAT-0003757,2026-09-27 23:30:36,14000.0,2000.0,0.0,11607.0,6261.0,4806.0,38674.0,1933.7,0.0,38577.32,1837.02,38577.32,38577.32,0.0,Paid,Cash
BATCH-20260925-006,BILL-00052229,ADM-00052229,PAT-0014873,2026-09-30 22:08:39,75000.0,1500.0,64716.0,12926.0,2058.0,2509.0,158709.0,0.0,0.0,166644.45,7935.45,166644.45,124983.34,41661.11,Partially Paid,UPI
BATCH-20260925-006,BILL-00052230,ADM-00052230,PAT-0001546,2026-09-27 14:55:42,5000.0,2000.0,8000.0,2688.0,4265.0,1206.0,23159.0,0.0,0.0,24316.95,1157.95,24316.95,24316.95,0.0,Paid,UPI
BATCH-20260925-006,BILL-00052231,ADM-00052231,PAT-0008833,2026-10-07 11:20:35,180000.0,2400.0,37217.0,15850.0,7360.0,2618.0,245445.0,0.0,0.0,257717.25,12272.25,257717.25,257717.25,0.0,Paid,Cash
BATCH-20260925-006,BILL-00052232,ADM-00052232,PAT-0020163,2026-09-28 03:30:00,13500.0,2500.0,40000.0,11199.0,5477.0,974.0,73650.0,0.0,56425.57,20906.93,3682.5,77332.5,20906.93,0.0,Paid,Cash
BATCH-20260925-006,BILL-00052233,ADM-00052233,PAT-0000443,2026-10-06 12:32:47,165000.0,4000.0,56213.0,20382.0,4878.0,2426.0,252899.0,0.0,205852.1,59691.85,12644.95,265543.95,59691.85,0.0,Paid,Cash
BATCH-20260925-006,BILL-00052234,ADM-00052234,PAT-0006206,2026-10-03 15:10:15,120000.0,17500.0,22962.0,10598.0,8748.0,3626.0,183434.0,0.0,0.0,192605.7,9171.7,192605.7,192605.7,0.0,Paid,Cash
BATCH-20260925-006,BILL-00052235,ADM-00052235,PAT-0021275,2026-10-01 17:27:22,15000.0,6000.0,25000.0,1263.0,4348.0,354.0,51965.0,0.0,0.0,54563.25,2598.25,54563.25,54563.25,0.0,Paid,UPI
BATCH-20260925-006,BILL-00052236,ADM-00052236,PAT-0018606,2026-09-27 22:16:56,9000.0,5000.0,8000.0,3680.0,5361.0,2477.0,33518.0,0.0,22399.45,12794.45,1675.9,35193.9,12794.45,0.0,Paid,Bank Transfer
BATCH-20260925-006,BILL-00052237,ADM-00052237,PAT-0018083,2026-10-02 01:55:27,31500.0,5000.0,5000.0,11909.0,2040.0,315.0,55764.0,5576.4,34903.71,17793.27,2509.38,52696.98,17793.27,0.0,Paid,UPI
BATCH-20260925-006,BILL-00052238,ADM-00052238,PAT-0017663,2026-09-29 19:46:18,28000.0,2000.0,12000.0,10177.0,4871.0,2460.0,59508.0,0.0,50335.95,12147.45,2975.4,62483.4,6073.73,6073.73,Partially Paid,UPI
BATCH-20260925-006,BILL-00052239,ADM-00052239,PAT-0011403,2026-10-02 03:08:39,31500.0,10000.0,0.0,10864.0,8725.0,2157.0,63246.0,0.0,0.0,66408.3,3162.3,66408.3,49806.23,16602.07,Partially Paid,UPI
BATCH-20260925-006,BILL-00052240,ADM-00052240,PAT-0011131,2026-09-30 05:58:12,75000.0,4000.0,24490.0,6598.0,3203.0,1280.0,114571.0,2291.42,0.0,117893.56,5613.98,117893.56,117893.56,0.0,Paid,Cash
BATCH-20260925-006,BILL-00052241,ADM-00052241,PAT-0015279,2026-09-30 17:00:19,35000.0,2500.0,40000.0,4937.0,8313.0,319.0,91069.0,1821.38,0.0,93710.0,4462.38,93710.0,93710.0,0.0,Paid,Bank Transfer
BATCH-20260925-006,BILL-00052242,ADM-00052242,PAT-0023864,2026-09-26 00:45:21,7000.0,800.0,40000.0,2208.0,8248.0,2425.0,60681.0,0.0,52169.75,11545.3,3034.05,63715.05,8658.98,2886.33,Partially Paid,Card
BATCH-20260925-006,BILL-00052243,ADM-00052243,PAT-0012234,2026-09-29 23:19:09,18000.0,2100.0,25000.0,3293.0,2565.0,140.0,51098.0,2554.9,0.0,50970.25,2427.16,50970.25,50970.25,0.0,Paid,Cash
BATCH-20260925-006,BILL-00052244,ADM-00052244,PAT-0020884,2026-10-02 11:14:53,105000.0,500.0,30655.0,9598.0,2237.0,3356.0,151346.0,0.0,0.0,158913.3,7567.3,158913.3,0.0,158913.3,Outstanding,Bank Transfer
BATCH-20260925-006,BILL-00052245,ADM-00052245,PAT-0021222,2026-09-27 19:16:19,14000.0,2500.0,40000.0,2400.0,8062.0,2134.0,69096.0,6909.6,47010.16,18285.56,3109.32,65295.72,0.0,18285.56,Outstanding,Card
BATCH-20260925-006,BILL-00052246,ADM-00052246,PAT-0013876,2026-09-27 23:30:24,14000.0,1200.0,8000.0,6130.0,8700.0,1407.0,39437.0,788.74,23625.32,16955.35,1932.41,40580.67,16955.35,0.0,Paid,UPI
BATCH-20260925-006,BILL-00052247,ADM-00052247,PAT-0001408,2026-10-02 01:45:31,17500.0,3600.0,0.0,6023.0,5940.0,2021.0,35084.0,1754.2,22569.95,12426.34,1666.49,34996.29,12426.34,0.0,Paid,Cash
BATCH-20260925-006,BILL-00052248,ADM-00052248,PAT-0018732,2026-09-28 11:40:40,13500.0,3000.0,0.0,7365.0,3644.0,4496.0,32005.0,0.0,28257.42,5347.83,1600.25,33605.25,5347.83,0.0,Paid,Card
BATCH-20260925-006,BILL-00052249,ADM-00052249,PAT-0007778,2026-10-02 19:19:02,17500.0,10000.0,5000.0,11242.0,1621.0,4275.0,49638.0,0.0,40292.83,11827.07,2481.9,52119.9,11827.07,0.0,Paid,Cash
BATCH-20260925-006,BILL-00052250,ADM-00052250,PAT-0022711,2026-09-30 17:06:12,22500.0,1000.0,40000.0,9182.0,8856.0,2959.0,84497.0,4224.85,69357.3,14928.46,4013.61,84285.76,11196.34,3732.11,Partially Paid,Card
BATCH-20260925-006,BILL-00052251,ADM-00052251,PAT-0000258,2026-09-26 18:26:40,2500.0,1000.0,5000.0,4022.0,2141.0,3753.0,18416.0,1841.6,14381.53,3021.59,828.72,17403.12,1510.79,1510.79,Partially Paid,Card
BATCH-20260925-006,BILL-00052252,ADM-00052252,PAT-0019055,2026-10-01 08:10:20,90000.0,6000.0,23600.0,18508.0,6903.0,4990.0,150001.0,3000.02,104572.94,49778.09,7350.05,154351.03,37333.57,12444.52,Partially Paid,Bank Transfer
BATCH-20260925-006,BILL-00052253,ADM-00052253,PAT-0008286,2026-09-30 06:16:48,12500.0,10000.0,12000.0,9400.0,7204.0,4355.0,55459.0,0.0,43018.1,15213.85,2772.95,58231.95,15213.85,0.0,Paid,UPI
BATCH-20260925-006,BILL-00052254,ADM-00052254,PAT-0012389,2026-10-02 00:13:29,49000.0,7000.0,5000.0,9628.0,4213.0,4244.0,79085.0,0.0,52412.85,30626.4,3954.25,83039.25,30626.4,0.0,Paid,Card
BATCH-20260925-006,BILL-00052255,ADM-00052255,PAT-0003736,2026-10-01 17:49:51,27000.0,2800.0,40000.0,7772.0,6892.0,4225.0,88689.0,4434.45,69905.0,18562.28,4212.73,88467.28,18562.28,0.0,Paid,UPI
BATCH-20260925-006,BILL-00052256,ADM-00052256,PAT-0013919,2026-09-27 15:18:59,9000.0,1000.0,12000.0,1613.0,8898.0,3080.0,35591.0,1779.55,25005.87,10496.15,1690.57,35502.02,7872.11,2624.04,Partially Paid,UPI
BATCH-20260925-006,BILL-00052257,ADM-00052257,PAT-0016375,2026-09-26 16:05:32,4500.0,500.0,12000.0,8795.0,7375.0,3943.0,37113.0,0.0,22920.16,16048.49,1855.65,38968.65,16048.49,0.0,Paid,Card
BATCH-20260925-006,BILL-00052258,ADM-00052258,PAT-0000984,2026-09-27 08:33:04,14000.0,800.0,5000.0,6892.0,3943.0,254.0,30889.0,3088.9,21020.16,8169.95,1390.01,29190.1,8169.95,0.0,Paid,Cash
BATCH-20260925-006,BILL-00052259,ADM-00052259,PAT-0015397,2026-09-30 03:23:16,12500.0,700.0,25000.0,5477.0,3895.0,505.0,48077.0,2403.85,0.0,47956.81,2283.66,47956.81,35967.61,11989.2,Partially Paid,Cash
BATCH-20260925-006,BILL-00052260,ADM-00052260,PAT-0015331,2026-10-01 14:29:01,15000.0,5000.0,12000.0,10329.0,7273.0,200.0,49802.0,0.0,37140.9,15151.2,2490.1,52292.1,15151.2,0.0,Paid,Bank Transfer
BATCH-20260925-006,BILL-00052261,ADM-00052261,PAT-0016598,2026-10-03 06:55:53,120000.0,2400.0,43500.0,17826.0,999.0,798.0,185523.0,9276.15,117767.33,67291.86,8812.34,185059.19,67291.86,0.0,Paid,Cash
BATCH-20260925-006,BILL-00052262,ADM-00052262,PAT-0019884,2026-09-28 04:17:52,13500.0,2000.0,5000.0,7463.0,3667.0,380.0,32010.0,0.0,18868.39,14742.11,1600.5,33610.5,14742.11,0.0,Paid,Bank Transfer
BATCH-20260925-006,BILL-00052263,ADM-00052263,PAT-0000914,2026-09-30 03:30:21,22500.0,4000.0,12000.0,9741.0,5206.0,4516.0,57963.0,2898.15,41997.67,15820.42,2753.24,57818.09,15820.42,0.0,Paid,Card
BATCH-20260925-006,BILL-00052264,ADM-00052264,PAT-0000763,2026-09-30 19:39:47,35000.0,12500.0,8000.0,8801.0,8388.0,4829.0,77518.0,1550.36,0.0,79766.02,3798.38,79766.02,79766.02,0.0,Paid,Card
BATCH-20260925-006,BILL-00052265,ADM-00052265,PAT-0008260,2026-10-06 22:22:01,165000.0,500.0,26353.0,19324.0,6296.0,633.0,218106.0,0.0,165540.27,63471.03,10905.3,229011.3,63471.03,0.0,Paid,Bank Transfer
BATCH-20260925-006,BILL-00052266,ADM-00052266,PAT-0008216,2026-10-02 10:50:07,17500.0,6000.0,8000.0,4048.0,5407.0,2799.0,43754.0,0.0,33865.45,12076.25,2187.7,45941.7,12076.25,0.0,Paid,UPI
BATCH-20260925-006,BILL-00052267,ADM-00052267,PAT-0001089,2026-09-30 04:38:55,35000.0,2400.0,25000.0,3513.0,4060.0,436.0,70409.0,1408.18,51761.63,20689.23,3450.04,72450.86,20689.23,0.0,Paid,Bank Transfer
BATCH-20260925-006,BILL-00052268,ADM-00052268,PAT-0015314,2026-09-27 10:32:12,9000.0,1200.0,25000.0,4783.0,8163.0,4743.0,52889.0,2644.45,35143.8,17612.97,2512.23,52756.78,17612.97,0.0,Paid,Cash
BATCH-20260925-006,BILL-00052269,ADM-00052269,PAT-0022184,2026-10-02 07:28:25,105000.0,4200.0,28746.0,15266.0,2524.0,4989.0,160725.0,0.0,110641.08,58120.17,8036.25,168761.25,58120.17,0.0,Paid,UPI
BATCH-20260925-006,BILL-00052270,ADM-00052270,PAT-0018918,2026-09-28 23:57:31,21000.0,5000.0,40000.0,4416.0,5801.0,4820.0,81037.0,0.0,0.0,85088.85,4051.85,85088.85,85088.85,0.0,Paid,Card
BATCH-20260925-006,BILL-00052271,ADM-00052271,PAT-0014000,2026-09-26 19:34:26,4500.0,700.0,75000.0,2198.0,6653.0,20.0,89071.0,0.0,0.0,93524.55,4453.55,93524.55,93524.55,0.0,Paid,Bank Transfer
BATCH-20260925-006,BILL-00052272,ADM-00052272,PAT-0001094,2026-09-30 03:00:05,22500.0,1000.0,5000.0,9538.0,4761.0,1597.0,44396.0,4439.6,26580.89,15373.33,1997.82,41954.22,7686.66,7686.66,Partially Paid,Bank Transfer
BATCH-20260925-006,BILL-00052273,ADM-00052273,PAT-0016235,2026-09-28 09:03:00,7500.0,3000.0,0.0,7388.0,4616.0,3424.0,25928.0,0.0,21366.95,5857.45,1296.4,27224.4,2928.73,2928.73,Partially Paid,Bank Transfer
BATCH-20260925-006,BILL-00052274,ADM-00052274,PAT-0024892,2026-09-28 06:04:51,7500.0,1500.0,5000.0,7537.0,8238.0,1450.0,31225.0,1561.25,21343.26,9803.67,1483.19,31146.94,9803.67,0.0,Paid,Cash
BATCH-20260925-006,BILL-00052275,ADM-00052275,PAT-0017224,2026-10-01 20:40:26,15000.0,2000.0,5000.0,7208.0,7730.0,58.0,36996.0,0.0,0.0,38845.8,1849.8,38845.8,38845.8,0.0,Paid,Bank Transfer
BATCH-20260925-006,BILL-00052276,ADM-00052276,PAT-0025542,2026-09-29 00:27:38,18000.0,1000.0,12000.0,2900.0,7971.0,4625.0,46496.0,929.92,28121.2,19723.19,2278.3,47844.38,9861.59,9861.59,Partially Paid,UPI
BATCH-20260925-006,BILL-00052277,ADM-00052277,PAT-0004382,2026-09-29 15:39:09,28000.0,2500.0,25000.0,2853.0,3961.0,4638.0,66952.0,1339.04,49651.36,19242.25,3280.65,68893.61,19242.25,0.0,Paid,Cash
BATCH-20260925-006,BILL-00052278,ADM-00052278,PAT-0012473,2026-09-28 01:45:46,21000.0,2000.0,40000.0,4558.0,7051.0,2455.0,77064.0,1541.28,43986.33,35312.52,3776.14,79298.86,35312.52,0.0,Paid,UPI
BATCH-20260925-006,BILL-00052279,ADM-00052279,PAT-0025214,2026-09-26 17:00:44,7000.0,1500.0,12000.0,7821.0,4081.0,1056.0,33458.0,0.0,20077.52,15053.38,1672.9,35130.9,15053.38,0.0,Paid,Bank Transfer
BATCH-20260925-006,BILL-00052280,ADM-00052280,PAT-0023888,2026-09-28 10:51:56,21000.0,2400.0,0.0,3814.0,4243.0,4872.0,36329.0,726.58,0.0,37382.54,1780.12,37382.54,37382.54,0.0,Paid,Cash
BATCH-20260925-006,BILL-00052281,ADM-00052281,PAT-0017325,2026-10-04 12:54:37,135000.0,7500.0,22328.0,21292.0,6489.0,3473.0,196082.0,9804.1,114663.26,80928.54,9313.9,195591.79,80928.54,0.0,Paid,Card
BATCH-20260925-006,BILL-00052282,ADM-00052282,PAT-0002920,2026-09-30 07:37:31,22500.0,3600.0,75000.0,7969.0,7083.0,4293.0,120445.0,6022.25,79386.4,40757.48,5721.14,120143.89,40757.48,0.0,Paid,UPI
BATCH-20260925-006,BILL-00052283,ADM-00052283,PAT-0013197,2026-10-02 22:00:28,17500.0,5600.0,5000.0,11172.0,4393.0,273.0,43938.0,878.76,36733.39,8478.81,2152.96,45212.2,8478.81,0.0,Paid,UPI
BATCH-20260925-006,BILL-00052284,ADM-00052284,PAT-0012494,2026-09-26 05:16:09,7000.0,2500.0,12000.0,6319.0,8557.0,4261.0,40637.0,0.0,0.0,42668.85,2031.85,42668.85,42668.85,0.0,Paid,Bank Transfer
BATCH-20260925-006,BILL-00052285,ADM-00052285,PAT-0018848,2026-10-09 03:20:42,210000.0,5500.0,18837.0,16216.0,3913.0,321.0,254787.0,0.0,209239.3,58287.05,12739.35,267526.35,58287.05,0.0,Paid,Bank Transfer
BATCH-20260925-006,BILL-00052286,ADM-00052286,PAT-0012843,2026-09-29 03:50:26,28000.0,3200.0,75000.0,10317.0,5788.0,1071.0,123376.0,0.0,89855.28,39689.52,6168.8,129544.8,39689.52,0.0,Paid,Cash
BATCH-20260925-006,BILL-00052287,ADM-00052287,PAT-0006349,2026-10-06 11:37:04,165000.0,3000.0,33900.0,23056.0,2656.0,1364.0,228976.0,4579.52,146128.51,89487.8,11219.82,235616.3,89487.8,0.0,Paid,Cash
BATCH-20260925-006,BILL-00052288,ADM-00052288,PAT-0004625,2026-10-02 03:12:20,17500.0,1800.0,8000.0,6066.0,7251.0,1031.0,41648.0,0.0,31800.44,11929.96,2082.4,43730.4,5964.98,5964.98,Partially Paid,UPI
BATCH-20260925-006,BILL-00052289,ADM-00052289,PAT-0015174,2026-09-27 15:37:16,14000.0,2000.0,12000.0,2951.0,6181.0,1041.0,38173.0,0.0,28478.68,11602.97,1908.65,40081.65,11602.97,0.0,Paid,Card
BATCH-20260925-006,BILL-00052290,ADM-00052290,PAT-0008827,2026-10-02 02:49:55,49000.0,10800.0,40000.0,7356.0,3224.0,4849.0,115229.0,0.0,79403.07,41587.38,5761.45,120990.45,41587.38,0.0,Paid,Cash
BATCH-20260925-006,BILL-00052291,ADM-00052291,PAT-0013816,2026-09-28 08:59:19,7500.0,500.0,75000.0,2404.0,4076.0,841.0,90321.0,9032.1,58626.37,26726.98,4064.44,85353.35,13363.49,13363.49,Partially Paid,UPI
BATCH-20260925-006,BILL-00052292,ADM-00052292,PAT-0017458,2026-09-30 09:41:16,35000.0,2500.0,8000.0,1286.0,7073.0,1689.0,55548.0,0.0,44810.73,13514.67,2777.4,58325.4,10136.0,3378.67,Partially Paid,Cash
BATCH-20260925-006,BILL-00052293,ADM-00052293,PAT-0010255,2026-09-27 01:49:31,14000.0,1200.0,8000.0,5029.0,8235.0,4236.0,40700.0,0.0,24045.18,18689.82,2035.0,42735.0,18689.82,0.0,Paid,Bank Transfer
BATCH-20260925-006,BILL-00052294,ADM-00052294,PAT-0002779,2026-10-01 17:15:06,27000.0,2500.0,12000.0,1512.0,7142.0,3372.0,53526.0,0.0,46336.64,9865.66,2676.3,56202.3,4932.83,4932.83,Partially Paid,Cash
BATCH-20260925-006,BILL-00052295,ADM-00052295,PAT-0015521,2026-10-02 02:21:28,105000.0,3000.0,27989.0,9866.0,1602.0,1640.0,149097.0,2981.94,0.0,153420.81,7305.75,153420.81,76710.41,76710.41,Partially Paid,Card
BATCH-20260925-006,BILL-00052296,ADM-00052296,PAT-0008383,2026-09-29 10:27:07,28000.0,6000.0,75000.0,4325.0,6895.0,2963.0,123183.0,6159.15,95818.43,27056.61,5851.19,122875.04,27056.61,0.0,Paid,Cash
BATCH-20260925-006,BILL-00052297,ADM-00052297,PAT-0000999,2026-09-27 02:03:48,14000.0,5000.0,0.0,6815.0,7544.0,2341.0,35700.0,0.0,0.0,37485.0,1785.0,37485.0,37485.0,0.0,Paid,Card
BATCH-20260925-006,BILL-00052298,ADM-00052298,PAT-0008446,2026-10-02 04:32:12,49000.0,8400.0,75000.0,10222.0,2890.0,1711.0,147223.0,14722.3,0.0,139125.74,6625.04,139125.74,139125.74,0.0,Paid,Cash
BATCH-20260925-006,BILL-00052299,ADM-00052299,PAT-0017877,2026-10-07 23:06:27,180000.0,8000.0,58697.0,11632.0,5962.0,2449.0,266740.0,13337.0,149840.21,116232.94,12670.15,266073.15,116232.94,0.0,Paid,Card
BATCH-20260925-006,BILL-00052300,ADM-00052300,PAT-0010091,2026-10-07 04:57:27,180000.0,15000.0,63440.0,4812.0,4186.0,797.0,268235.0,26823.5,199974.86,53507.21,12070.58,253482.08,40130.41,13376.8,Partially Paid,Card
BATCH-20260925-006,BILL-00052301,ADM-00052301,PAT-0000688,2026-09-30 13:22:36,35000.0,1600.0,0.0,2975.0,5702.0,4716.0,49993.0,0.0,35635.73,16856.92,2499.65,52492.65,16856.92,0.0,Paid,Card
BATCH-20260925-006,BILL-00052302,ADM-00052302,PAT-0002166,2026-09-29 19:28:03,18000.0,1200.0,0.0,9596.0,6380.0,59.0,35235.0,1761.75,21718.22,13428.7,1673.66,35146.91,13428.7,0.0,Paid,Card
BATCH-20260925-006,BILL-00052303,ADM-00052303,PAT-0002560,2026-09-26 06:14:38,7000.0,2000.0,5000.0,2264.0,4747.0,4769.0,25780.0,0.0,0.0,27069.0,1289.0,27069.0,27069.0,0.0,Paid,Cash
BATCH-20260925-006,BILL-00052304,ADM-00052304,PAT-0001778,2026-10-04 17:33:50,135000.0,12600.0,91073.0,10102.0,6058.0,416.0,255249.0,0.0,175961.99,92049.46,12762.45,268011.45,46024.73,46024.73,Partially Paid,Cash
BATCH-20260925-006,BILL-00052305,ADM-00052305,PAT-0022806,2026-10-02 19:26:30,49000.0,6000.0,0.0,5800.0,5858.0,619.0,67277.0,0.0,49171.44,21469.41,3363.85,70640.85,21469.41,0.0,Paid,UPI
BATCH-20260925-006,BILL-00052306,ADM-00052306,PAT-0003943,2026-09-29 13:41:19,18000.0,2000.0,0.0,11082.0,7423.0,2664.0,41169.0,2058.45,24964.3,16101.78,1955.53,41066.08,16101.78,0.0,Paid,Cash
BATCH-20260925-006,BILL-00052307,ADM-00052307,PAT-0001861,2026-09-30 11:54:57,12500.0,10000.0,0.0,10946.0,6769.0,4944.0,45159.0,2257.95,34812.17,10233.93,2145.05,45046.1,7675.45,2558.48,Partially Paid,UPI
BATCH-20260925-006,BILL-00052308,ADM-00052308,PAT-0003967,2026-09-26 18:00:27,7000.0,2500.0,0.0,9009.0,6378.0,3727.0,28614.0,0.0,21961.67,8083.03,1430.7,30044.7,8083.03,0.0,Paid,Bank Transfer
BATCH-20260925-006,BILL-00052309,ADM-00052309,PAT-0010750,2026-10-02 05:09:54,49000.0,7000.0,0.0,3814.0,7295.0,447.0,67556.0,0.0,0.0,70933.8,3377.8,70933.8,70933.8,0.0,Paid,Cash
BATCH-20260925-006,BILL-00052310,ADM-00052310,PAT-0017278,2026-10-09 10:21:05,210000.0,27500.0,80482.0,22958.0,4752.0,860.0,346552.0,17327.6,256212.24,89473.38,16461.22,345685.62,89473.38,0.0,Paid,Cash
BATCH-20260925-006,BILL-00052311,ADM-00052311,PAT-0008134,2026-10-01 03:33:43,90000.0,1000.0,21843.0,23108.0,8394.0,2181.0,146526.0,0.0,103843.34,50008.96,7326.3,153852.3,37506.72,12502.24,Partially Paid,Cash
BATCH-20260925-006,BILL-00052312,ADM-00052312,PAT-0005758,2026-09-30 11:17:35,12500.0,2500.0,5000.0,11524.0,6356.0,1881.0,39761.0,795.22,28818.22,12095.85,1948.29,40914.07,12095.85,0.0,Paid,Card
BATCH-20260925-006,BILL-00052313,ADM-00052313,PAT-0002487,2026-09-30 12:31:04,12500.0,1000.0,75000.0,7976.0,4915.0,4038.0,105429.0,5271.45,0.0,105165.43,5007.88,105165.43,78874.07,26291.36,Partially Paid,UPI
BATCH-20260925-006,BILL-00052314,ADM-00052314,PAT-0023883,2026-09-29 16:35:04,18000.0,7200.0,25000.0,11222.0,4112.0,1881.0,67415.0,3370.75,55496.58,11749.88,3202.21,67246.46,11749.88,0.0,Paid,UPI
BATCH-20260925-006,BILL-00052315,ADM-00052315,PAT-0003330,2026-10-01 20:24:55,15000.0,1800.0,25000.0,10612.0,3702.0,519.0,56633.0,0.0,43770.73,15693.92,2831.65,59464.65,15693.92,0.0,Paid,Cash
BATCH-20260925-006,BILL-00052316,ADM-00052316,PAT-0005769,2026-09-26 10:42:55,7000.0,500.0,75000.0,3283.0,8889.0,312.0,94984.0,0.0,74332.06,25401.14,4749.2,99733.2,25401.14,0.0,Paid,UPI
BATCH-20260925-006,BILL-00052317,ADM-00052317,PAT-0004288,2026-09-29 19:48:19,28000.0,1200.0,0.0,9186.0,1348.0,2088.0,41822.0,836.44,29970.19,13064.64,2049.28,43034.84,13064.64,0.0,Paid,Cash
BATCH-20260925-006,BILL-00052318,ADM-00052318,PAT-0008805,2026-09-27 22:20:57,14000.0,1000.0,0.0,5060.0,4836.0,1262.0,26158.0,0.0,18978.58,8487.32,1307.9,27465.9,8487.32,0.0,Paid,Card
BATCH-20260925-006,BILL-00052319,ADM-00052319,PAT-0023441,2026-09-27 20:08:41,5000.0,800.0,40000.0,3301.0,6319.0,2486.0,57906.0,5790.6,0.0,54721.17,2605.77,54721.17,54721.17,0.0,Paid,Cash
BATCH-20260925-006,BILL-00052320,ADM-00052320,PAT-0002131,2026-10-02 23:15:05,17500.0,4000.0,12000.0,10397.0,3537.0,745.0,48179.0,963.58,0.0,49576.19,2360.77,49576.19,49576.19,0.0,Paid,UPI
BATCH-20260925-006,BILL-00052321,ADM-00052321,PAT-0013318,2026-09-29 16:18:32,10000.0,500.0,8000.0,1141.0,2253.0,2683.0,24577.0,2457.7,15002.99,8222.28,1105.96,23225.26,4111.14,4111.14,Partially Paid,Card
BATCH-20260925-006,BILL-00052322,ADM-00052322,PAT-0002967,2026-09-28 20:05:17,13500.0,5000.0,5000.0,4715.0,4020.0,3374.0,35609.0,3560.9,0.0,33650.5,1602.4,33650.5,25237.88,8412.63,Partially Paid,UPI
BATCH-20260925-006,BILL-00052323,ADM-00052323,PAT-0020334,2026-10-01 21:09:42,15000.0,5000.0,0.0,9887.0,6601.0,817.0,37305.0,0.0,33277.05,5893.2,1865.25,39170.25,5893.2,0.0,Paid,Card
BATCH-20260925-006,BILL-00052324,ADM-00052324,PAT-0010810,2026-09-30 20:58:48,22500.0,5000.0,12000.0,7684.0,7776.0,4536.0,59496.0,0.0,38041.56,24429.24,2974.8,62470.8,24429.24,0.0,Paid,Bank Transfer
BATCH-20260925-006,BILL-00052325,ADM-00052325,PAT-0020313,2026-10-01 12:18:36,42000.0,4800.0,0.0,4747.0,5719.0,1085.0,58351.0,1167.02,40393.93,19649.25,2859.2,60043.18,19649.25,0.0,Paid,UPI
BATCH-20260925-006,BILL-00052326,ADM-00052326,PAT-0006186,2026-09-28 11:16:21,7500.0,2000.0,75000.0,1702.0,6429.0,4768.0,97399.0,0.0,83211.05,19057.9,4869.95,102268.95,19057.9,0.0,Paid,UPI
BATCH-20260925-006,BILL-00052327,ADM-00052327,PAT-0012930,2026-10-02 23:25:53,31500.0,2500.0,5000.0,5395.0,4339.0,1248.0,49982.0,0.0,29429.16,23051.94,2499.1,52481.1,17288.95,5762.98,Partially Paid,Cash
BATCH-20260925-006,BILL-00052328,ADM-00052328,PAT-0025409,2026-09-27 18:44:15,14000.0,500.0,8000.0,8691.0,1143.0,3642.0,35976.0,719.52,23317.9,13701.4,1762.82,37019.3,13701.4,0.0,Paid,Cash
BATCH-20260925-006,BILL-00052329,ADM-00052329,PAT-0005005,2026-09-30 10:00:51,22500.0,6000.0,12000.0,3794.0,7110.0,3261.0,54665.0,2733.25,0.0,54528.34,2596.59,54528.34,54528.34,0.0,Paid,Bank Transfer
BATCH-20260925-006,BILL-00052330,ADM-00052330,PAT-0001262,2026-10-08 14:25:01,195000.0,7200.0,85335.0,22608.0,7969.0,2878.0,320990.0,32099.0,235935.91,67399.64,14444.55,303335.55,67399.64,0.0,Paid,Cash
BATCH-20260925-006,BILL-00052331,ADM-00052331,PAT-0005225,2026-10-02 20:47:27,31500.0,3200.0,0.0,5131.0,1932.0,3311.0,45074.0,901.48,38892.56,7488.59,2208.63,46381.15,7488.59,0.0,Paid,UPI
BATCH-20260925-006,BILL-00052332,ADM-00052332,PAT-0005896,2026-09-28 17:26:26,7500.0,1400.0,0.0,6784.0,2317.0,4825.0,22826.0,456.52,14264.67,9223.29,1118.47,23487.95,9223.29,0.0,Paid,Cash
BATCH-20260925-006,BILL-00052333,ADM-00052333,PAT-0013034,2026-09-27 05:55:57,9000.0,2400.0,5000.0,7182.0,2620.0,305.0,26507.0,0.0,23613.8,4218.55,1325.35,27832.35,0.0,4218.55,Outstanding,Card
BATCH-20260925-006,BILL-00052334,ADM-00052334,PAT-0006906,2026-10-01 20:44:35,15000.0,4500.0,5000.0,5356.0,2535.0,3341.0,35732.0,0.0,27564.6,9954.0,1786.6,37518.6,9954.0,0.0,Paid,Bank Transfer
BATCH-20260925-006,BILL-00052335,ADM-00052335,PAT-0013159,2026-09-28 17:00:29,21000.0,2400.0,0.0,2585.0,1482.0,1442.0,28909.0,0.0,18875.96,11478.49,1445.45,30354.45,11478.49,0.0,Paid,Bank Transfer
BATCH-20260925-006,BILL-00052336,ADM-00052336,PAT-0011682,2026-10-04 19:15:07,135000.0,4000.0,31134.0,18420.0,5236.0,4616.0,198406.0,0.0,0.0,208326.3,9920.3,208326.3,156244.72,52081.58,Partially Paid,Cash
BATCH-20260925-006,BILL-00052337,ADM-00052337,PAT-0006274,2026-10-07 05:28:17,180000.0,8000.0,9222.0,6238.0,823.0,3605.0,207888.0,10394.4,129289.59,78078.69,9874.68,207368.28,78078.69,0.0,Paid,UPI
BATCH-20260925-006,BILL-00052338,ADM-00052338,PAT-0006414,2026-10-09 23:49:49,210000.0,1800.0,41516.0,2884.0,7065.0,4007.0,267272.0,5345.44,0.0,275022.89,13096.33,275022.89,275022.89,0.0,Paid,Card
BATCH-20260925-006,BILL-00052339,ADM-00052339,PAT-0018513,2026-09-30 23:23:55,12500.0,500.0,12000.0,3467.0,6364.0,2231.0,37062.0,0.0,0.0,38915.1,1853.1,38915.1,38915.1,0.0,Paid,Card
BATCH-20260925-006,BILL-00052340,ADM-00052340,PAT-0024856,2026-10-02 23:59:24,49000.0,4800.0,25000.0,3009.0,7093.0,2221.0,91123.0,0.0,58392.59,37286.56,4556.15,95679.15,37286.56,0.0,Paid,Cash
BATCH-20260925-006,BILL-00052341,ADM-00052341,PAT-0022494,2026-09-28 03:56:11,13500.0,1600.0,0.0,10562.0,4083.0,1339.0,31084.0,0.0,21167.64,11470.56,1554.2,32638.2,11470.56,0.0,Paid,Bank Transfer
BATCH-20260925-006,BILL-00052342,ADM-00052342,PAT-0017716,2026-09-28 17:45:12,21000.0,500.0,0.0,4489.0,8110.0,2519.0,36618.0,1830.9,26638.52,9887.93,1739.36,36526.46,7415.95,2471.98,Partially Paid,Card
BATCH-20260925-006,BILL-00052343,ADM-00052343,PAT-0023069,2026-09-30 05:28:47,12500.0,4000.0,25000.0,3324.0,4234.0,2004.0,51062.0,2553.1,39829.34,11105.0,2425.45,50934.35,11105.0,0.0,Paid,Card
BATCH-20260925-006,BILL-00052344,ADM-00052344,PAT-0018456,2026-09-28 19:09:03,21000.0,2400.0,75000.0,5541.0,1582.0,2170.0,107693.0,10769.3,79943.31,21826.58,4846.19,101769.88,21826.58,0.0,Paid,Cash
BATCH-20260925-006,BILL-00052345,ADM-00052345,PAT-0024366,2026-09-27 14:03:04,5000.0,2000.0,0.0,11539.0,1961.0,175.0,20675.0,0.0,0.0,21708.75,1033.75,21708.75,10854.38,10854.38,Partially Paid,Bank Transfer
BATCH-20260925-006,BILL-00052346,ADM-00052346,PAT-0005215,2026-09-29 09:39:05,60000.0,1400.0,15389.0,6134.0,3773.0,4157.0,90853.0,0.0,0.0,95395.65,4542.65,95395.65,95395.65,0.0,Paid,Bank Transfer
BATCH-20260925-006,BILL-00052347,ADM-00052347,PAT-0012500,2026-10-06 04:05:31,165000.0,4000.0,29437.0,4676.0,8203.0,2470.0,213786.0,4275.72,121743.39,98242.4,10475.51,219985.79,0.0,98242.4,Outstanding,UPI
BATCH-20260925-006,BILL-00052348,ADM-00052348,PAT-0014691,2026-09-30 18:08:23,22500.0,5000.0,0.0,2396.0,6563.0,3647.0,40106.0,0.0,34201.58,7909.72,2005.3,42111.3,7909.72,0.0,Paid,UPI
BATCH-20260925-006,BILL-00052349,ADM-00052349,PAT-0023002,2026-09-28 15:26:11,7500.0,3600.0,25000.0,11639.0,2842.0,4855.0,55436.0,2771.8,42700.32,12597.09,2633.21,55297.41,12597.09,0.0,Paid,Cash
BATCH-20260925-006,BILL-00052350,ADM-00052350,PAT-0003888,2026-09-27 09:18:51,14000.0,4000.0,25000.0,11395.0,3168.0,4733.0,62296.0,3114.8,47128.79,15011.47,2959.06,62140.26,15011.47,0.0,Paid,Bank Transfer
BATCH-20260925-006,BILL-00052351,ADM-00052351,PAT-0003905,2026-10-01 17:07:02,27000.0,3600.0,8000.0,6641.0,1759.0,3867.0,50867.0,0.0,44433.37,8976.98,2543.35,53410.35,0.0,8976.98,Outstanding,Bank Transfer
BATCH-20260925-006,BILL-00052352,ADM-00052352,PAT-0000575,2026-09-28 20:55:48,7500.0,1000.0,25000.0,10661.0,8864.0,1554.0,54579.0,2728.95,36609.17,17833.38,2592.5,54442.55,17833.38,0.0,Paid,UPI
BATCH-20260925-006,BILL-00052353,ADM-00052353,PAT-0020606,2026-09-29 03:31:06,10000.0,1500.0,25000.0,9860.0,2638.0,930.0,49928.0,4992.8,0.0,47181.96,2246.76,47181.96,35386.47,11795.49,Partially Paid,Cash
BATCH-20260925-006,BILL-00052354,ADM-00052354,PAT-0003033,2026-09-30 17:45:38,12500.0,2400.0,40000.0,10703.0,5297.0,1926.0,72826.0,1456.52,55913.97,19023.98,3568.47,74937.95,14267.99,4756.0,Partially Paid,UPI
BATCH-20260925-006,BILL-00052355,ADM-00052355,PAT-0013471,2026-09-30 16:26:49,12500.0,6000.0,25000.0,5392.0,6180.0,3203.0,58275.0,2913.75,0.0,58129.31,2768.06,58129.31,58129.31,0.0,Paid,Card
BATCH-20260925-006,BILL-00052356,ADM-00052356,PAT-0000185,2026-09-26 01:47:58,2500.0,2500.0,75000.0,5203.0,6522.0,3012.0,94737.0,1894.74,0.0,97484.37,4642.11,97484.37,48742.19,48742.19,Partially Paid,Card
BATCH-20260925-006,BILL-00052357,ADM-00052357,PAT-0000727,2026-10-09 08:56:26,210000.0,8400.0,38842.0,12914.0,4586.0,1834.0,276576.0,13828.8,0.0,275884.56,13137.36,275884.56,275884.56,0.0,Paid,UPI
BATCH-20260925-006,BILL-00052358,ADM-00052358,PAT-0000260,2026-09-27 13:07:34,5000.0,5000.0,40000.0,5918.0,2527.0,1330.0,59775.0,0.0,50962.13,11801.62,2988.75,62763.75,5900.81,5900.81,Partially Paid,Cash
BATCH-20260925-006,BILL-00052359,ADM-00052359,PAT-0000955,2026-10-01 08:45:58,42000.0,5400.0,12000.0,1203.0,8527.0,2634.0,71764.0,3588.2,0.0,71584.59,3408.79,71584.59,71584.59,0.0,Paid,Card
BATCH-20260925-006,BILL-00052360,ADM-00052360,PAT-0009060,2026-10-07 12:59:05,180000.0,7500.0,91948.0,7112.0,5398.0,534.0,292492.0,29249.2,0.0,276404.94,13162.14,276404.94,138202.47,138202.47,Partially Paid,Cash
BATCH-20260925-006,BILL-00052361,ADM-00052361,PAT-0004318,2026-09-28 05:37:09,7500.0,500.0,0.0,6355.0,4725.0,3621.0,22701.0,1135.05,15895.86,6748.39,1078.3,22644.25,3374.19,3374.19,Partially Paid,UPI
BATCH-20260925-006,BILL-00052362,ADM-00052362,PAT-0012508,2026-10-02 21:28:01,17500.0,12500.0,5000.0,5800.0,6569.0,2371.0,49740.0,0.0,40263.77,11963.23,2487.0,52227.0,8972.42,2990.81,Partially Paid,Card
BATCH-20260925-006,BILL-00052363,ADM-00052363,PAT-0003053,2026-09-26 01:51:53,7000.0,500.0,0.0,4778.0,828.0,3677.0,16783.0,839.15,11885.12,4855.93,797.19,16741.04,4855.93,0.0,Paid,Bank Transfer
BATCH-20260925-006,BILL-00052364,ADM-00052364,PAT-0009518,2026-10-06 19:53:50,165000.0,1000.0,35884.0,19526.0,6109.0,2187.0,229706.0,22970.6,146853.38,70218.79,10336.77,217072.17,70218.79,0.0,Paid,Cash
BATCH-20260925-006,BILL-00052365,ADM-00052365,PAT-0021320,2026-09-29 04:45:25,10000.0,2400.0,12000.0,7710.0,1017.0,4068.0,37195.0,743.9,31125.28,7148.38,1822.56,38273.65,7148.38,0.0,Paid,UPI
BATCH-20260925-006,BILL-00052366,ADM-00052366,PAT-0002378,2026-09-27 07:39:15,5000.0,2000.0,5000.0,7239.0,3315.0,2187.0,24741.0,0.0,19467.66,6510.39,1237.05,25978.05,4882.79,1627.6,Partially Paid,UPI
BATCH-20260925-006,BILL-00052367,ADM-00052367,PAT-0025563,2026-09-27 04:17:24,9000.0,1800.0,40000.0,9622.0,4602.0,4911.0,69935.0,1398.7,44466.54,27496.58,3426.82,71963.12,0.0,27496.58,Outstanding,Bank Transfer
BATCH-20260925-006,BILL-00052368,ADM-00052368,PAT-0023577,2026-10-02 03:59:56,31500.0,14000.0,12000.0,3132.0,3370.0,2147.0,66149.0,0.0,0.0,69456.45,3307.45,69456.45,69456.45,0.0,Paid,Bank Transfer
BATCH-20260925-006,BILL-00052369,ADM-00052369,PAT-0003826,2026-10-01 05:01:57,15000.0,7200.0,25000.0,8429.0,2295.0,4468.0,62392.0,1247.84,51187.22,13014.15,3057.21,64201.37,9760.61,3253.54,Partially Paid,Cash
BATCH-20260925-006,BILL-00052370,ADM-00052370,PAT-0021647,2026-09-27 09:32:42,9000.0,2500.0,40000.0,3555.0,1113.0,4548.0,60716.0,0.0,49034.48,14717.32,3035.8,63751.8,14717.32,0.0,Paid,UPI
BATCH-20260925-006,BILL-00052371,ADM-00052371,PAT-0023904,2026-09-30 14:50:41,22500.0,2400.0,8000.0,6200.0,1435.0,1260.0,41795.0,0.0,27888.19,15996.56,2089.75,43884.75,7998.28,7998.28,Partially Paid,Bank Transfer
BATCH-20260925-006,BILL-00052372,ADM-00052372,PAT-0007257,2026-09-28 14:47:18,21000.0,1400.0,12000.0,8342.0,5998.0,4727.0,53467.0,0.0,41615.71,14524.64,2673.35,56140.35,14524.64,0.0,Paid,Bank Transfer
BATCH-20260925-006,BILL-00052373,ADM-00052373,PAT-0014494,2026-09-28 01:37:42,21000.0,7500.0,12000.0,4224.0,2856.0,1847.0,49427.0,0.0,35018.33,16880.02,2471.35,51898.35,16880.02,0.0,Paid,Cash
BATCH-20260925-006,BILL-00052374,ADM-00052374,PAT-0002782,2026-09-30 07:18:33,12500.0,2000.0,25000.0,4356.0,4376.0,3317.0,51549.0,5154.9,38536.03,10177.77,2319.7,48713.81,10177.77,0.0,Paid,Bank Transfer
BATCH-20260925-006,BILL-00052375,ADM-00052375,PAT-0015567,2026-09-27 08:38:14,14000.0,800.0,12000.0,6634.0,7857.0,4035.0,45326.0,0.0,0.0,47592.3,2266.3,47592.3,47592.3,0.0,Paid,Bank Transfer
BATCH-20260925-006,BILL-00052376,ADM-00052376,PAT-0002961,2026-10-02 03:33:52,17500.0,6000.0,0.0,8697.0,8828.0,2817.0,43842.0,876.84,32910.85,12202.57,2148.26,45113.42,6101.29,6101.29,Partially Paid,Bank Transfer
BATCH-20260925-006,BILL-00052377,ADM-00052377,PAT-0024578,2026-10-01 15:21:32,42000.0,4000.0,75000.0,9785.0,1765.0,1824.0,134374.0,2687.48,94403.52,43867.32,6584.33,138270.85,43867.32,0.0,Paid,Bank Transfer
BATCH-20260925-006,BILL-00052378,ADM-00052378,PAT-0008638,2026-10-01 22:34:14,15000.0,15000.0,40000.0,10142.0,1460.0,4115.0,85717.0,4285.85,54966.58,30536.13,4071.56,85502.71,30536.13,0.0,Paid,UPI
BATCH-20260925-006,BILL-00052379,ADM-00052379,PAT-0019787,2026-10-03 11:02:55,120000.0,1000.0,44315.0,13712.0,3833.0,4777.0,187637.0,0.0,127438.27,69580.58,9381.85,197018.85,69580.58,0.0,Paid,Card
BATCH-20260925-006,BILL-00052380,ADM-00052380,PAT-0005480,2026-09-26 03:10:57,2500.0,1800.0,5000.0,1448.0,1547.0,4295.0,16590.0,331.8,11858.22,5212.89,812.91,17071.11,5212.89,0.0,Paid,Card
BATCH-20260925-006,BILL-00052381,ADM-00052381,PAT-0025533,2026-09-27 23:24:05,9000.0,2500.0,5000.0,2523.0,7351.0,4652.0,31026.0,1551.3,0.0,30948.44,1473.74,30948.44,0.0,30948.44,Outstanding,Bank Transfer
BATCH-20260925-006,BILL-00052382,ADM-00052382,PAT-0005752,2026-10-02 08:40:42,49000.0,1000.0,25000.0,10724.0,7906.0,1547.0,95177.0,1903.54,0.0,97937.13,4663.67,97937.13,97937.13,0.0,Paid,Card
BATCH-20260925-006,BILL-00052383,ADM-00052383,PAT-0011190,2026-09-30 03:43:03,12500.0,3000.0,40000.0,2811.0,8103.0,2094.0,68508.0,6850.8,41020.94,23719.12,3082.86,64740.06,11859.56,11859.56,Partially Paid,UPI
BATCH-20260925-006,BILL-00052384,ADM-00052384,PAT-0009749,2026-10-01 03:06:34,90000.0,3000.0,35377.0,21754.0,4745.0,4775.0,159651.0,0.0,113998.8,53634.75,7982.55,167633.55,53634.75,0.0,Paid,Cash
BATCH-20260925-006,BILL-00052385,ADM-00052385,PAT-0024226,2026-10-02 14:09:41,31500.0,8000.0,8000.0,8871.0,3600.0,75.0,60046.0,0.0,50651.42,12396.88,3002.3,63048.3,12396.88,0.0,Paid,Cash
BATCH-20260925-006,BILL-00052386,ADM-00052386,PAT-0011277,2026-10-06 02:01:10,165000.0,10500.0,18975.0,6766.0,1301.0,2606.0,205148.0,0.0,134643.76,80761.64,10257.4,215405.4,80761.64,0.0,Paid,Card
BATCH-20260925-006,BILL-00052387,ADM-00052387,PAT-0017500,2026-09-26 03:06:18,7000.0,1000.0,12000.0,8047.0,2646.0,2630.0,33323.0,0.0,21705.13,13284.02,1666.15,34989.15,9963.01,3321.0,Partially Paid,Cash
BATCH-20260925-006,BILL-00052388,ADM-00052388,PAT-0003878,2026-09-27 09:24:29,9000.0,1200.0,8000.0,6194.0,8302.0,2740.0,35436.0,1771.8,27421.16,7926.25,1683.21,35347.41,7926.25,0.0,Paid,Bank Transfer
BATCH-20260925-006,BILL-00052389,ADM-00052389,PAT-0019793,2026-09-30 06:39:11,22500.0,2500.0,40000.0,2540.0,4079.0,3253.0,74872.0,3743.6,56627.5,18057.32,3556.42,74684.82,18057.32,0.0,Paid,Cash
BATCH-20260925-006,BILL-00052390,ADM-00052390,PAT-0000577,2026-10-01 14:15:34,42000.0,4000.0,40000.0,8183.0,5186.0,4966.0,104335.0,0.0,82264.68,27287.07,5216.75,109551.75,27287.07,0.0,Paid,Card
BATCH-20260925-006,BILL-00052391,ADM-00052391,PAT-0008265,2026-10-01 01:22:07,42000.0,1000.0,40000.0,6068.0,1837.0,1046.0,91951.0,0.0,64190.13,32358.42,4597.55,96548.55,32358.42,0.0,Paid,Card
BATCH-20260925-006,BILL-00052392,ADM-00052392,PAT-0016831,2026-10-01 06:14:31,42000.0,2000.0,12000.0,3014.0,3145.0,2542.0,64701.0,1294.02,40644.79,25932.54,3170.35,66577.33,19449.41,6483.14,Partially Paid,Card
BATCH-20260925-006,BILL-00052393,ADM-00052393,PAT-0005216,2026-09-30 23:38:17,35000.0,500.0,5000.0,6250.0,7177.0,1918.0,55845.0,2792.25,32679.01,23026.37,2652.64,55705.39,23026.37,0.0,Paid,Card
BATCH-20260925-006,BILL-00052394,ADM-00052394,PAT-0003596,2026-09-29 09:59:34,28000.0,2000.0,5000.0,7362.0,8021.0,523.0,50906.0,0.0,35540.83,17910.47,2545.3,53451.3,17910.47,0.0,Paid,Bank Transfer
BATCH-20260925-006,BILL-00052395,ADM-00052395,PAT-0017762,2026-09-26 09:19:11,4500.0,1200.0,40000.0,3981.0,3235.0,3812.0,56728.0,5672.8,42112.23,11495.73,2552.76,53607.96,8621.79,2873.93,Partially Paid,UPI
BATCH-20260925-006,BILL-00052396,ADM-00052396,PAT-0018029,2026-09-30 16:43:26,35000.0,2500.0,5000.0,4577.0,1226.0,4695.0,52998.0,5299.8,0.0,50083.11,2384.91,50083.11,50083.11,0.0,Paid,Cash
BATCH-20260925-006,BILL-00052397,ADM-00052397,PAT-0006952,2026-09-30 05:41:29,12500.0,5000.0,25000.0,11161.0,3138.0,3241.0,60040.0,0.0,42773.89,20268.11,3002.0,63042.0,20268.11,0.0,Paid,Bank Transfer
BATCH-20260925-006,BILL-00052398,ADM-00052398,PAT-0009562,2026-10-02 14:50:38,49000.0,3500.0,12000.0,4979.0,1952.0,3716.0,75147.0,3757.35,49118.91,25840.22,3569.48,74959.13,0.0,25840.22,Outstanding,Bank Transfer
BATCH-20260925-006,BILL-00052399,ADM-00052399,PAT-0018136,2026-09-26 13:40:54,2500.0,1000.0,12000.0,9509.0,4347.0,2551.0,31907.0,1595.35,17998.19,13829.04,1515.58,31827.23,13829.04,0.0,Paid,Bank Transfer
BATCH-20260925-006,BILL-00052400,ADM-00052400,PAT-0018417,2026-09-27 03:22:40,9000.0,5000.0,75000.0,9425.0,4423.0,488.0,103336.0,0.0,70774.87,37727.93,5166.8,108502.8,28295.95,9431.98,Partially Paid,Bank Transfer
BATCH-20260925-006,BILL-00052401,ADM-00052401,PAT-0012227,2026-10-02 10:00:02,31500.0,5000.0,12000.0,2585.0,4348.0,283.0,55716.0,5571.6,40191.93,12459.69,2507.22,52651.62,12459.69,0.0,Paid,UPI
BATCH-20260925-006,BILL-00052402,ADM-00052402,PAT-0003914,2026-09-26 19:21:49,7000.0,2500.0,0.0,9699.0,6408.0,3940.0,29547.0,0.0,0.0,31024.35,1477.35,31024.35,31024.35,0.0,Paid,UPI
BATCH-20260925-006,BILL-00052403,ADM-00052403,PAT-0015409,2026-09-28 15:27:10,7500.0,3000.0,0.0,5097.0,4771.0,2759.0,23127.0,0.0,17666.16,6617.19,1156.35,24283.35,6617.19,0.0,Paid,Bank Transfer
BATCH-20260925-006,BILL-00052404,ADM-00052404,PAT-0010021,2026-10-01 07:47:56,15000.0,4000.0,8000.0,7681.0,4627.0,1097.0,40405.0,4040.5,29527.87,8654.85,1818.23,38182.72,6491.14,2163.71,Partially Paid,UPI
BATCH-20260925-006,BILL-00052405,ADM-00052405,PAT-0002826,2026-10-02 06:53:09,31500.0,1500.0,0.0,7635.0,4509.0,4653.0,49797.0,0.0,0.0,52286.85,2489.85,52286.85,52286.85,0.0,Paid,UPI
BATCH-20260925-006,BILL-00052406,ADM-00052406,PAT-0023232,2026-09-27 13:07:34,5000.0,5000.0,5000.0,9367.0,5043.0,1771.0,31181.0,0.0,27438.91,5301.14,1559.05,32740.05,5301.14,0.0,Paid,UPI
BATCH-20260925-006,BILL-00052407,ADM-00052407,PAT-0022966,2026-09-28 22:43:17,7500.0,3600.0,25000.0,2769.0,1399.0,3617.0,43885.0,4388.5,32561.76,8909.56,1974.83,41471.32,8909.56,0.0,Paid,Cash
BATCH-20260925-006,BILL-00052408,ADM-00052408,PAT-0000976,2026-09-30 08:18:32,35000.0,1600.0,75000.0,5296.0,7837.0,751.0,125484.0,0.0,0.0,131758.2,6274.2,131758.2,65879.1,65879.1,Partially Paid,UPI
BATCH-20260925-006,BILL-00052409,ADM-00052409,PAT-0025505,2026-10-01 18:27:55,27000.0,6000.0,75000.0,11503.0,6796.0,1229.0,127528.0,6376.4,79155.77,48053.41,6057.58,127209.18,48053.41,0.0,Paid,Card
BATCH-20260925-006,BILL-00052410,ADM-00052410,PAT-0011759,2026-09-26 16:27:17,2500.0,1500.0,0.0,1211.0,3959.0,2052.0,11222.0,561.1,8821.77,2372.18,533.04,11193.94,1186.09,1186.09,Partially Paid,Cash
BATCH-20260925-006,BILL-00052411,ADM-00052411,PAT-0017823,2026-10-05 10:59:08,150000.0,4500.0,16612.0,7786.0,5316.0,4541.0,188755.0,0.0,117782.23,80410.52,9437.75,198192.75,80410.52,0.0,Paid,Cash
BATCH-20260925-006,BILL-00052412,ADM-00052412,PAT-0012024,2026-09-30 07:10:37,22500.0,8000.0,5000.0,6088.0,8371.0,4631.0,54590.0,0.0,34676.92,22642.58,2729.5,57319.5,0.0,22642.58,Outstanding,Cash
BATCH-20260925-006,BILL-00052413,ADM-00052413,PAT-0019202,2026-10-06 03:06:07,165000.0,4000.0,30308.0,8446.0,5910.0,1184.0,214848.0,0.0,138502.59,87087.81,10742.4,225590.4,87087.81,0.0,Paid,UPI
BATCH-20260925-006,BILL-00052414,ADM-00052414,PAT-0012033,2026-09-30 22:54:48,22500.0,9000.0,8000.0,11871.0,6493.0,2914.0,60778.0,0.0,49431.32,14385.58,3038.9,63816.9,14385.58,0.0,Paid,Card
BATCH-20260925-006,BILL-00052415,ADM-00052415,PAT-0000589,2026-10-06 14:36:35,165000.0,1800.0,95288.0,21060.0,1505.0,554.0,285207.0,0.0,0.0,299467.35,14260.35,299467.35,149733.67,149733.67,Partially Paid,Cash
BATCH-20260925-006,BILL-00052416,ADM-00052416,PAT-0008443,2026-09-29 01:41:25,10000.0,500.0,75000.0,9803.0,2867.0,2306.0,100476.0,0.0,68641.32,36858.48,5023.8,105499.8,18429.24,18429.24,Partially Paid,UPI
BATCH-20260925-006,BILL-00052417,ADM-00052417,PAT-0020014,2026-10-06 21:45:57,165000.0,13200.0,15265.0,22944.0,3467.0,443.0,220319.0,0.0,142413.38,88921.57,11015.95,231334.95,88921.57,0.0,Paid,Bank Transfer
BATCH-20260925-006,BILL-00052418,ADM-00052418,PAT-0004957,2026-09-27 18:38:11,5000.0,5000.0,5000.0,6858.0,1569.0,1293.0,24720.0,1236.0,20895.83,3762.37,1174.2,24658.2,2821.78,940.59,Partially Paid,Cash
BATCH-20260925-006,BILL-00052419,ADM-00052419,PAT-0018653,2026-09-26 13:05:02,4500.0,500.0,75000.0,9775.0,1596.0,1506.0,92877.0,0.0,78389.02,19131.83,4643.85,97520.85,9565.92,9565.92,Partially Paid,Cash
BATCH-20260925-006,BILL-00052420,ADM-00052420,PAT-0019992,2026-10-01 00:09:45,27000.0,1000.0,25000.0,11863.0,3947.0,98.0,68908.0,1378.16,49524.66,21381.67,3376.49,70906.33,21381.67,0.0,Paid,Card
BATCH-20260925-006,BILL-00052421,ADM-00052421,PAT-0005757,2026-09-29 08:39:40,18000.0,1200.0,5000.0,1310.0,2199.0,1649.0,29358.0,2935.8,17885.68,9857.63,1321.11,27743.31,9857.63,0.0,Paid,Card
