department_key,department_id,department_name,department_type,total_bills,billed_patients,room_revenue,doctor_revenue,procedure_revenue,medication_revenue,lab_revenue,other_revenue,gross_revenue,discount_amount,net_revenue,collected_amount,outstanding_amount,average_bill_value,collection_efficiency_pct,revenue_rank,outstanding_rank,collection_efficiency_pct_python,outstanding_rate_pct_python,outstanding_share_pct,collection_efficiency_vs_hospital_pct_point,outstanding_rate_vs_hospital_pct_point
2,DEP002,Cardiology,Specialty,5269,4579,193498000.0,22078700.0,120361167.0,40000491.0,25677123.0,13040807.0,414656288.0,10113295.7,424770142.07,181186222.24,31561059.46,80616.84,42.66,5,1,42.66,7.43,10.52,-0.15,0.35
6,DEP006,General Medicine,General,5304,4690,197385500.0,18845000.0,120826518.0,40077181.0,25954436.0,13289114.0,416377749.0,9812095.13,426893936.34,175250952.99,31376305.26,80485.28,41.05,4,2,41.05,7.35,10.46,-1.76,0.27
9,DEP009,ENT,Specialty,5221,4626,188305500.0,20400200.0,120286666.0,39029741.0,25293512.0,13187443.0,406503062.0,10090184.68,416233521.37,181114277.48,30558255.02,79722.95,43.51,9,3,43.51,7.34,10.18,0.7,0.26
3,DEP003,Neurology,Specialty,5373,4680,197088000.0,20066700.0,120485699.0,39936391.0,26414829.0,13318054.0,417309673.0,9773587.51,427912889.89,184876536.12,30500650.22,79641.33,43.2,3,4,43.2,7.13,10.17,0.39,0.05
5,DEP005,Pediatrics,Specialty,5290,4638,191803000.0,19076900.0,120381164.0,39826943.0,25801407.0,13214343.0,410103757.0,9834985.52,420282209.92,180154524.8,30442868.57,79448.43,42.87,7,5,42.87,7.24,10.15,0.06,0.16
8,DEP008,Gynecology,Specialty,5173,4544,190498500.0,26270500.0,119777710.0,38526657.0,25553046.0,12932288.0,413558701.0,10151401.3,423577664.31,181983897.09,30410168.43,81882.4,42.96,6,6,42.96,7.18,10.14,0.15,0.1
10,DEP010,Dermatology,Specialty,5410,4708,197691500.0,22058500.0,124672995.0,40680526.0,26993213.0,13368561.0,425465295.0,10221550.39,436005931.91,190117248.25,29472872.11,80592.59,43.6,1,7,43.6,6.76,9.82,0.79,-0.32
4,DEP004,Orthopedics,Specialty,5265,4571,197763000.0,20289900.0,124284953.0,39983840.0,25796365.0,13375287.0,421493345.0,10462475.03,431582413.78,182647897.88,29412046.95,81971.97,42.32,2,8,42.32,6.81,9.8,-0.49,-0.27
1,DEP001,Emergency,Emergency,5250,4637,189214000.0,21164600.0,120645562.0,39733090.0,25866117.0,13213324.0,409836693.0,9571299.02,420278663.84,182731763.9,28160151.62,80053.08,43.48,8,9,43.48,6.7,9.39,0.67,-0.38
7,DEP007,Oncology,Specialty,5142,4530,190442500.0,19411400.0,115278698.0,38832518.0,25267303.0,12988411.0,402220830.0,9700049.73,412146819.3,175088728.55,28155849.17,80153.02,42.48,10,10,42.48,6.83,9.38,-0.33,-0.25
