batch_id,medication_event_id,patient_id,admission_id,medication_id,prescribed_date,quantity,unit_price,total_amount
BATCH-20260925-004,MEV-000180301,PAT-0020688,ADM-00051594,MED007,2026-09-29 01:22:28,2,25.0,50.0
BATCH-20260925-004,MEV-000180302,PAT-0017470,ADM-00051595,MED004,2026-09-28 21:10:27,16,10.0,160.0
BATCH-20260925-004,MEV-000180303,PAT-0006925,ADM-00051596,MED006,2026-09-26 19:28:58,12,9.0,108.0
BATCH-20260925-004,MEV-000180304,PAT-0006925,ADM-00051596,MED003,2026-09-27 19:24:23,14,12.0,168.0
BATCH-20260925-004,MEV-000180305,PAT-0006925,ADM-00051596,MED003,2026-09-26 02:11:46,19,12.0,228.0
BATCH-20260925-004,MEV-000180306,PAT-0014480,ADM-00051597,MED001,2026-09-26 08:44:13,19,8.0,152.0
BATCH-20260925-004,MEV-000180307,PAT-0014480,ADM-00051597,MED001,2026-09-25 19:02:04,7,8.0,56.0
BATCH-20260925-004,MEV-000180308,PAT-0011290,ADM-00051598,MED005,2026-09-25 19:34:02,6,15.0,90.0
BATCH-20260925-004,MEV-000180309,PAT-0004821,ADM-00051599,MED003,2026-09-25 19:44:09,8,12.0,96.0
BATCH-20260925-004,MEV-000180310,PAT-0023866,ADM-00051600,MED002,2026-09-26 13:01:07,19,18.0,342.0
BATCH-20260925-004,MEV-000180311,PAT-0023866,ADM-00051600,MED003,2026-09-25 12:45:14,15,12.0,180.0
BATCH-20260925-004,MEV-000180312,PAT-0022432,ADM-00051601,MED004,2026-09-27 17:01:33,7,10.0,70.0
BATCH-20260925-004,MEV-000180313,PAT-0022432,ADM-00051601,MED007,2026-09-28 08:27:11,13,25.0,325.0
BATCH-20260925-004,MEV-000180314,PAT-0022432,ADM-00051601,MED001,2026-09-25 22:31:46,13,8.0,104.0
BATCH-20260925-004,MEV-000180315,PAT-0022432,ADM-00051601,MED001,2026-09-26 06:34:33,15,8.0,120.0
BATCH-20260925-004,MEV-000180316,PAT-0022432,ADM-00051601,MED007,2026-09-27 06:11:36,11,25.0,275.0
BATCH-20260925-004,MEV-000180317,PAT-0022432,ADM-00051601,MED008,2026-09-28 07:19:58,17,5.0,85.0
BATCH-20260925-004,MEV-000180318,PAT-0016059,ADM-00051602,MED008,2026-09-26 19:58:46,13,5.0,65.0
BATCH-20260925-004,MEV-000180319,PAT-0016059,ADM-00051602,MED008,2026-09-26 21:04:20,15,5.0,75.0
BATCH-20260925-004,MEV-000180320,PAT-0016059,ADM-00051602,MED001,2026-09-26 15:19:49,20,8.0,160.0
BATCH-20260925-004,MEV-000180321,PAT-0016059,ADM-00051602,MED002,2026-09-26 18:26:25,9,18.0,162.0
BATCH-20260925-004,MEV-000180322,PAT-0009475,ADM-00051603,MED001,2026-09-25 23:23:36,3,8.0,24.0
BATCH-20260925-004,MEV-000180323,PAT-0009475,ADM-00051603,MED007,2026-10-01 16:33:40,5,25.0,125.0
BATCH-20260925-004,MEV-000180324,PAT-0009475,ADM-00051603,MED006,2026-09-29 04:30:59,17,9.0,153.0
BATCH-20260925-004,MEV-000180325,PAT-0009475,ADM-00051603,MED007,2026-10-01 03:23:21,1,25.0,25.0
BATCH-20260925-004,MEV-000180326,PAT-0009475,ADM-00051603,MED001,2026-09-29 19:37:27,14,8.0,112.0
BATCH-20260925-004,MEV-000180327,PAT-0001140,ADM-00051604,MED002,2026-09-26 20:49:18,15,18.0,270.0
BATCH-20260925-004,MEV-000180328,PAT-0001335,ADM-00051605,MED007,2026-09-28 20:57:05,15,25.0,375.0
BATCH-20260925-004,MEV-000180329,PAT-0020608,ADM-00051606,MED006,2026-09-28 13:26:58,7,9.0,63.0
BATCH-20260925-004,MEV-000180330,PAT-0020608,ADM-00051606,MED007,2026-09-28 19:24:37,12,25.0,300.0
BATCH-20260925-004,MEV-000180331,PAT-0020608,ADM-00051606,MED001,2026-10-01 00:02:46,14,8.0,112.0
BATCH-20260925-004,MEV-000180332,PAT-0020608,ADM-00051606,MED007,2026-09-28 17:53:25,7,25.0,175.0
BATCH-20260925-004,MEV-000180333,PAT-0020608,ADM-00051606,MED004,2026-09-30 02:22:23,14,10.0,140.0
BATCH-20260925-004,MEV-000180334,PAT-0006898,ADM-00051607,MED003,2026-09-26 16:57:39,10,12.0,120.0
BATCH-20260925-004,MEV-000180335,PAT-0016764,ADM-00051608,MED003,2026-09-30 05:23:02,14,12.0,168.0
BATCH-20260925-004,MEV-000180336,PAT-0016764,ADM-00051608,MED006,2026-09-30 21:56:58,11,9.0,99.0
BATCH-20260925-004,MEV-000180337,PAT-0016764,ADM-00051608,MED002,2026-09-30 14:55:46,10,18.0,180.0
BATCH-20260925-004,MEV-000180338,PAT-0016764,ADM-00051608,MED004,2026-09-29 06:51:45,19,10.0,190.0
BATCH-20260925-004,MEV-000180339,PAT-0016764,ADM-00051608,MED006,2026-09-27 21:59:26,19,9.0,171.0
BATCH-20260925-004,MEV-000180340,PAT-0004270,ADM-00051609,MED002,2026-09-26 11:31:45,13,18.0,234.0
BATCH-20260925-004,MEV-000180341,PAT-0000352,ADM-00051610,MED003,2026-09-26 03:12:58,19,12.0,228.0
BATCH-20260925-004,MEV-000180342,PAT-0000352,ADM-00051610,MED004,2026-09-27 14:07:42,17,10.0,170.0
BATCH-20260925-004,MEV-000180343,PAT-0000352,ADM-00051610,MED005,2026-09-29 21:50:55,12,15.0,180.0
BATCH-20260925-004,MEV-000180344,PAT-0023968,ADM-00051611,MED006,2026-09-28 20:46:53,6,9.0,54.0
BATCH-20260925-004,MEV-000180345,PAT-0023968,ADM-00051611,MED004,2026-09-29 13:06:40,6,10.0,60.0
BATCH-20260925-004,MEV-000180346,PAT-0023968,ADM-00051611,MED004,2026-10-02 15:08:32,17,10.0,170.0
BATCH-20260925-004,MEV-000180347,PAT-0023968,ADM-00051611,MED004,2026-09-28 10:53:57,9,10.0,90.0
BATCH-20260925-004,MEV-000180348,PAT-0000275,ADM-00051612,MED002,2026-10-05 02:28:50,8,18.0,144.0
BATCH-20260925-004,MEV-000180349,PAT-0000275,ADM-00051612,MED003,2026-10-08 01:02:49,4,12.0,48.0
BATCH-20260925-004,MEV-000180350,PAT-0009326,ADM-00051613,MED003,2026-09-27 07:54:26,17,12.0,204.0
BATCH-20260925-004,MEV-000180351,PAT-0009326,ADM-00051613,MED007,2026-09-27 03:33:03,6,25.0,150.0
BATCH-20260925-004,MEV-000180352,PAT-0009326,ADM-00051613,MED007,2026-09-26 12:38:42,19,25.0,475.0
BATCH-20260925-004,MEV-000180353,PAT-0009326,ADM-00051613,MED001,2026-09-27 13:18:30,5,8.0,40.0
BATCH-20260925-004,MEV-000180354,PAT-0009326,ADM-00051613,MED004,2026-09-27 11:59:45,15,10.0,150.0
BATCH-20260925-004,MEV-000180355,PAT-0022182,ADM-00051614,MED006,2026-09-27 05:57:57,6,9.0,54.0
BATCH-20260925-004,MEV-000180356,PAT-0022182,ADM-00051614,MED006,2026-09-30 11:43:25,11,9.0,99.0
BATCH-20260925-004,MEV-000180357,PAT-0022182,ADM-00051614,MED006,2026-09-28 02:57:35,17,9.0,153.0
BATCH-20260925-004,MEV-000180358,PAT-0022182,ADM-00051614,MED002,2026-09-26 06:15:44,4,18.0,72.0
BATCH-20260925-004,MEV-000180359,PAT-0023837,ADM-00051615,MED002,2026-09-25 09:31:31,15,18.0,270.0
BATCH-20260925-004,MEV-000180360,PAT-0023837,ADM-00051615,MED005,2026-09-26 12:23:18,7,15.0,105.0
BATCH-20260925-004,MEV-000180361,PAT-0023837,ADM-00051615,MED002,2026-09-26 11:23:18,1,18.0,18.0
BATCH-20260925-004,MEV-000180362,PAT-0023837,ADM-00051615,MED005,2026-09-26 20:42:54,18,15.0,270.0
BATCH-20260925-004,MEV-000180363,PAT-0022035,ADM-00051616,MED008,2026-09-26 14:53:28,14,5.0,70.0
BATCH-20260925-004,MEV-000180364,PAT-0022035,ADM-00051616,MED006,2026-09-27 05:46:01,4,9.0,36.0
BATCH-20260925-004,MEV-000180365,PAT-0022035,ADM-00051616,MED001,2026-09-25 08:22:05,2,8.0,16.0
BATCH-20260925-004,MEV-000180366,PAT-0022035,ADM-00051616,MED002,2026-09-25 14:43:21,14,18.0,252.0
BATCH-20260925-004,MEV-000180367,PAT-0022035,ADM-00051616,MED008,2026-09-27 04:14:43,3,5.0,15.0
BATCH-20260925-004,MEV-000180368,PAT-0022035,ADM-00051616,MED002,2026-09-26 06:56:31,2,18.0,36.0
BATCH-20260925-004,MEV-000180369,PAT-0017687,ADM-00051617,MED002,2026-09-25 20:10:09,3,18.0,54.0
BATCH-20260925-004,MEV-000180370,PAT-0017687,ADM-00051617,MED002,2026-09-26 16:19:35,9,18.0,162.0
BATCH-20260925-004,MEV-000180371,PAT-0009850,ADM-00051618,MED001,2026-09-27 04:30:38,20,8.0,160.0
BATCH-20260925-004,MEV-000180372,PAT-0024432,ADM-00051619,MED003,2026-10-01 08:39:22,6,12.0,72.0
BATCH-20260925-004,MEV-000180373,PAT-0024432,ADM-00051619,MED002,2026-09-29 19:32:54,2,18.0,36.0
BATCH-20260925-004,MEV-000180374,PAT-0024432,ADM-00051619,MED001,2026-10-01 23:17:14,15,8.0,120.0
BATCH-20260925-004,MEV-000180375,PAT-0022017,ADM-00051620,MED007,2026-09-30 09:30:48,5,25.0,125.0
BATCH-20260925-004,MEV-000180376,PAT-0005291,ADM-00051621,MED003,2026-10-01 05:44:57,4,12.0,48.0
BATCH-20260925-004,MEV-000180377,PAT-0005291,ADM-00051621,MED006,2026-09-27 23:31:39,8,9.0,72.0
BATCH-20260925-004,MEV-000180378,PAT-0005291,ADM-00051621,MED007,2026-09-27 17:39:11,18,25.0,450.0
BATCH-20260925-004,MEV-000180379,PAT-0024398,ADM-00051622,MED002,2026-09-26 12:52:11,19,18.0,342.0
BATCH-20260925-004,MEV-000180380,PAT-0024398,ADM-00051622,MED005,2026-09-27 13:42:02,10,15.0,150.0
BATCH-20260925-004,MEV-000180381,PAT-0013869,ADM-00051623,MED005,2026-09-26 02:20:16,12,15.0,180.0
BATCH-20260925-004,MEV-000180382,PAT-0013869,ADM-00051623,MED004,2026-10-07 11:15:39,11,10.0,110.0
BATCH-20260925-004,MEV-000180383,PAT-0010278,ADM-00051624,MED002,2026-09-25 13:57:18,13,18.0,234.0
BATCH-20260925-004,MEV-000180384,PAT-0004443,ADM-00051625,MED008,2026-09-27 15:39:06,20,5.0,100.0
BATCH-20260925-004,MEV-000180385,PAT-0024738,ADM-00051626,MED004,2026-09-27 12:38:22,1,10.0,10.0
BATCH-20260925-004,MEV-000180386,PAT-0010479,ADM-00051627,MED006,2026-09-26 11:07:28,17,9.0,153.0
BATCH-20260925-004,MEV-000180387,PAT-0010479,ADM-00051627,MED008,2026-09-26 11:11:05,1,5.0,5.0
BATCH-20260925-004,MEV-000180388,PAT-0010479,ADM-00051627,MED001,2026-09-26 05:56:42,7,8.0,56.0
BATCH-20260925-004,MEV-000180389,PAT-0010479,ADM-00051627,MED006,2026-09-26 08:21:46,16,9.0,144.0
BATCH-20260925-004,MEV-000180390,PAT-0010479,ADM-00051627,MED008,2026-09-26 09:48:29,5,5.0,25.0
BATCH-20260925-004,MEV-000180391,PAT-0010479,ADM-00051627,MED002,2026-09-25 22:44:21,11,18.0,198.0
BATCH-20260925-004,MEV-000180392,PAT-0002937,ADM-00051628,MED002,2026-10-01 16:14:35,8,18.0,144.0
BATCH-20260925-004,MEV-000180393,PAT-0002937,ADM-00051628,MED006,2026-09-28 17:25:40,13,9.0,117.0
BATCH-20260925-004,MEV-000180394,PAT-0009733,ADM-00051629,MED003,2026-09-27 18:03:20,10,12.0,120.0
BATCH-20260925-004,MEV-000180395,PAT-0009733,ADM-00051629,MED004,2026-09-27 17:00:38,17,10.0,170.0
BATCH-20260925-004,MEV-000180396,PAT-0009733,ADM-00051629,MED004,2026-09-27 22:29:47,16,10.0,160.0
BATCH-20260925-004,MEV-000180397,PAT-0009733,ADM-00051629,MED007,2026-09-26 10:25:36,15,25.0,375.0
BATCH-20260925-004,MEV-000180398,PAT-0016621,ADM-00051630,MED004,2026-09-28 01:52:23,8,10.0,80.0
BATCH-20260925-004,MEV-000180399,PAT-0016621,ADM-00051630,MED005,2026-10-03 20:03:26,11,15.0,165.0
BATCH-20260925-004,MEV-000180400,PAT-0008700,ADM-00051631,MED007,2026-09-27 09:08:00,16,25.0,400.0
BATCH-20260925-004,MEV-000180401,PAT-0008700,ADM-00051631,MED001,2026-09-30 00:11:40,2,8.0,16.0
BATCH-20260925-004,MEV-000180402,PAT-0008700,ADM-00051631,MED004,2026-10-01 13:18:17,14,10.0,140.0
BATCH-20260925-004,MEV-000180403,PAT-0008700,ADM-00051631,MED006,2026-09-27 17:07:45,3,9.0,27.0
BATCH-20260925-004,MEV-000180404,PAT-0008700,ADM-00051631,MED006,2026-09-26 00:25:40,7,9.0,63.0
BATCH-20260925-004,MEV-000180405,PAT-0006189,ADM-00051632,MED004,2026-09-27 11:13:10,6,10.0,60.0
BATCH-20260925-004,MEV-000180406,PAT-0006189,ADM-00051632,MED004,2026-09-26 14:56:31,19,10.0,190.0
BATCH-20260925-004,MEV-000180407,PAT-0006189,ADM-00051632,MED001,2026-09-28 02:11:10,6,8.0,48.0
BATCH-20260925-004,MEV-000180408,PAT-0016296,ADM-00051633,MED006,2026-09-29 19:39:46,16,9.0,144.0
BATCH-20260925-004,MEV-000180409,PAT-0016141,ADM-00051634,MED001,2026-09-29 07:20:45,3,8.0,24.0
BATCH-20260925-004,MEV-000180410,PAT-0016141,ADM-00051634,MED005,2026-09-28 21:26:05,7,15.0,105.0
BATCH-20260925-004,MEV-000180411,PAT-0016141,ADM-00051634,MED007,2026-09-25 15:30:14,1,25.0,25.0
BATCH-20260925-004,MEV-000180412,PAT-0016141,ADM-00051634,MED003,2026-09-29 18:30:32,9,12.0,108.0
BATCH-20260925-004,MEV-000180413,PAT-0016141,ADM-00051634,MED004,2026-10-02 09:34:52,18,10.0,180.0
BATCH-20260925-004,MEV-000180414,PAT-0016141,ADM-00051634,MED001,2026-10-01 14:16:26,4,8.0,32.0
BATCH-20260925-004,MEV-000180415,PAT-0017752,ADM-00051635,MED003,2026-09-26 10:20:13,9,12.0,108.0
BATCH-20260925-004,MEV-000180416,PAT-0017752,ADM-00051635,MED002,2026-09-26 01:43:30,9,18.0,162.0
BATCH-20260925-004,MEV-000180417,PAT-0017752,ADM-00051635,MED007,2026-09-26 12:37:17,11,25.0,275.0
BATCH-20260925-004,MEV-000180418,PAT-0017752,ADM-00051635,MED003,2026-09-26 22:45:04,13,12.0,156.0
BATCH-20260925-004,MEV-000180419,PAT-0017752,ADM-00051635,MED005,2026-09-28 08:14:31,4,15.0,60.0
BATCH-20260925-004,MEV-000180420,PAT-0001905,ADM-00051636,MED002,2026-09-25 14:00:56,4,18.0,72.0
BATCH-20260925-004,MEV-000180421,PAT-0001905,ADM-00051636,MED006,2026-09-29 14:48:17,8,9.0,72.0
BATCH-20260925-004,MEV-000180422,PAT-0001905,ADM-00051636,MED003,2026-09-26 08:11:29,8,12.0,96.0
BATCH-20260925-004,MEV-000180423,PAT-0001905,ADM-00051636,MED002,2026-09-25 03:06:34,6,18.0,108.0
BATCH-20260925-004,MEV-000180424,PAT-0006538,ADM-00051637,MED005,2026-09-25 20:00:15,20,15.0,300.0
BATCH-20260925-004,MEV-000180425,PAT-0019214,ADM-00051638,MED001,2026-09-25 14:25:20,5,8.0,40.0
BATCH-20260925-004,MEV-000180426,PAT-0019214,ADM-00051638,MED005,2026-09-25 16:33:38,6,15.0,90.0
BATCH-20260925-004,MEV-000180427,PAT-0019214,ADM-00051638,MED004,2026-09-26 04:05:30,8,10.0,80.0
BATCH-20260925-004,MEV-000180428,PAT-0019214,ADM-00051638,MED008,2026-09-25 21:48:54,10,5.0,50.0
BATCH-20260925-004,MEV-000180429,PAT-0019214,ADM-00051638,MED007,2026-09-25 11:00:52,14,25.0,350.0
BATCH-20260925-004,MEV-000180430,PAT-0009686,ADM-00051639,MED008,2026-09-25 19:04:13,5,5.0,25.0
BATCH-20260925-004,MEV-000180431,PAT-0009686,ADM-00051639,MED007,2026-09-25 13:27:02,11,25.0,275.0
BATCH-20260925-004,MEV-000180432,PAT-0009686,ADM-00051639,MED004,2026-09-25 23:00:12,5,10.0,50.0
BATCH-20260925-004,MEV-000180433,PAT-0009686,ADM-00051639,MED002,2026-09-25 22:52:08,19,18.0,342.0
BATCH-20260925-004,MEV-000180434,PAT-0009686,ADM-00051639,MED001,2026-09-25 08:37:07,16,8.0,128.0
BATCH-20260925-004,MEV-000180435,PAT-0009686,ADM-00051639,MED004,2026-09-25 10:05:16,17,10.0,170.0
BATCH-20260925-004,MEV-000180436,PAT-0017252,ADM-00051640,MED005,2026-09-28 09:00:38,18,15.0,270.0
BATCH-20260925-004,MEV-000180437,PAT-0017252,ADM-00051640,MED003,2026-09-26 08:04:08,20,12.0,240.0
BATCH-20260925-004,MEV-000180438,PAT-0017252,ADM-00051640,MED006,2026-09-27 21:33:43,5,9.0,45.0
BATCH-20260925-004,MEV-000180439,PAT-0017252,ADM-00051640,MED004,2026-09-29 15:33:17,1,10.0,10.0
BATCH-20260925-004,MEV-000180440,PAT-0017252,ADM-00051640,MED001,2026-09-29 12:26:22,2,8.0,16.0
BATCH-20260925-004,MEV-000180441,PAT-0017961,ADM-00051641,MED005,2026-09-28 16:23:35,16,15.0,240.0
BATCH-20260925-004,MEV-000180442,PAT-0017961,ADM-00051641,MED004,2026-09-27 00:41:04,19,10.0,190.0
BATCH-20260925-004,MEV-000180443,PAT-0013544,ADM-00051642,MED002,2026-10-01 10:09:48,14,18.0,252.0
BATCH-20260925-004,MEV-000180444,PAT-0013544,ADM-00051642,MED007,2026-09-30 20:18:54,16,25.0,400.0
BATCH-20260925-004,MEV-000180445,PAT-0013544,ADM-00051642,MED002,2026-09-28 21:06:42,19,18.0,342.0
BATCH-20260925-004,MEV-000180446,PAT-0024553,ADM-00051643,MED006,2026-09-25 13:50:33,19,9.0,171.0
BATCH-20260925-004,MEV-000180447,PAT-0024553,ADM-00051643,MED004,2026-09-25 12:08:34,7,10.0,70.0
BATCH-20260925-004,MEV-000180448,PAT-0024553,ADM-00051643,MED002,2026-09-25 21:53:17,19,18.0,342.0
BATCH-20260925-004,MEV-000180449,PAT-0000210,ADM-00051644,MED002,2026-09-26 14:42:15,15,18.0,270.0
BATCH-20260925-004,MEV-000180450,PAT-0000210,ADM-00051644,MED003,2026-09-26 03:58:06,19,12.0,228.0
BATCH-20260925-004,MEV-000180451,PAT-0012917,ADM-00051645,MED008,2026-09-28 21:31:37,18,5.0,90.0
BATCH-20260925-004,MEV-000180452,PAT-0012917,ADM-00051645,MED004,2026-09-25 20:03:17,4,10.0,40.0
BATCH-20260925-004,MEV-000180453,PAT-0012917,ADM-00051645,MED002,2026-09-26 10:42:07,17,18.0,306.0
BATCH-20260925-004,MEV-000180454,PAT-0012917,ADM-00051645,MED008,2026-09-28 23:44:40,7,5.0,35.0
BATCH-20260925-004,MEV-000180455,PAT-0012917,ADM-00051645,MED008,2026-09-25 11:21:58,12,5.0,60.0
BATCH-20260925-004,MEV-000180456,PAT-0012917,ADM-00051645,MED001,2026-09-29 22:43:08,14,8.0,112.0
BATCH-20260925-004,MEV-000180457,PAT-0024453,ADM-00051646,MED002,2026-09-26 09:39:30,11,18.0,198.0
BATCH-20260925-004,MEV-000180458,PAT-0024453,ADM-00051646,MED007,2026-09-25 15:45:36,2,25.0,50.0
BATCH-20260925-004,MEV-000180459,PAT-0024453,ADM-00051646,MED005,2026-09-26 09:55:35,10,15.0,150.0
BATCH-20260925-004,MEV-000180460,PAT-0024453,ADM-00051646,MED007,2026-09-26 12:58:01,20,25.0,500.0
BATCH-20260925-004,MEV-000180461,PAT-0020157,ADM-00051647,MED002,2026-09-26 14:37:48,5,18.0,90.0
BATCH-20260925-004,MEV-000180462,PAT-0020157,ADM-00051647,MED005,2026-09-26 07:29:59,5,15.0,75.0
BATCH-20260925-004,MEV-000180463,PAT-0020157,ADM-00051647,MED004,2026-09-28 21:40:06,11,10.0,110.0
BATCH-20260925-004,MEV-000180464,PAT-0020157,ADM-00051647,MED002,2026-09-27 09:55:56,10,18.0,180.0
BATCH-20260925-004,MEV-000180465,PAT-0020157,ADM-00051647,MED008,2026-09-26 02:54:15,3,5.0,15.0
BATCH-20260925-004,MEV-000180466,PAT-0015063,ADM-00051648,MED003,2026-09-29 20:21:29,9,12.0,108.0
BATCH-20260925-004,MEV-000180467,PAT-0015063,ADM-00051648,MED008,2026-09-28 10:13:18,8,5.0,40.0
BATCH-20260925-004,MEV-000180468,PAT-0015063,ADM-00051648,MED005,2026-09-29 09:00:57,2,15.0,30.0
BATCH-20260925-004,MEV-000180469,PAT-0015063,ADM-00051648,MED002,2026-09-26 10:10:13,19,18.0,342.0
BATCH-20260925-004,MEV-000180470,PAT-0015063,ADM-00051648,MED003,2026-09-29 18:26:17,3,12.0,36.0
BATCH-20260925-004,MEV-000180471,PAT-0015063,ADM-00051648,MED008,2026-09-30 12:03:53,3,5.0,15.0
BATCH-20260925-004,MEV-000180472,PAT-0005344,ADM-00051649,MED002,2026-09-25 12:02:57,5,18.0,90.0
BATCH-20260925-004,MEV-000180473,PAT-0005344,ADM-00051649,MED006,2026-09-29 18:59:53,17,9.0,153.0
BATCH-20260925-004,MEV-000180474,PAT-0005344,ADM-00051649,MED002,2026-09-28 12:04:17,7,18.0,126.0
BATCH-20260925-004,MEV-000180475,PAT-0005344,ADM-00051649,MED002,2026-09-30 17:47:40,11,18.0,198.0
BATCH-20260925-004,MEV-000180476,PAT-0019948,ADM-00051650,MED007,2026-10-03 20:34:58,17,25.0,425.0
BATCH-20260925-004,MEV-000180477,PAT-0019948,ADM-00051650,MED007,2026-09-29 23:14:35,15,25.0,375.0
BATCH-20260925-004,MEV-000180478,PAT-0017432,ADM-00051651,MED008,2026-09-26 06:42:50,1,5.0,5.0
BATCH-20260925-004,MEV-000180479,PAT-0017432,ADM-00051651,MED003,2026-09-28 11:58:57,12,12.0,144.0
BATCH-20260925-004,MEV-000180480,PAT-0017432,ADM-00051651,MED008,2026-09-25 20:18:07,2,5.0,10.0
BATCH-20260925-004,MEV-000180481,PAT-0017432,ADM-00051651,MED001,2026-09-27 21:01:40,15,8.0,120.0
BATCH-20260925-004,MEV-000180482,PAT-0007499,ADM-00051652,MED002,2026-09-25 15:48:26,2,18.0,36.0
BATCH-20260925-004,MEV-000180483,PAT-0007499,ADM-00051652,MED001,2026-10-03 07:09:28,6,8.0,48.0
BATCH-20260925-004,MEV-000180484,PAT-0014809,ADM-00051653,MED005,2026-09-26 04:50:03,11,15.0,165.0
BATCH-20260925-004,MEV-000180485,PAT-0014809,ADM-00051653,MED003,2026-09-26 10:58:02,11,12.0,132.0
BATCH-20260925-004,MEV-000180486,PAT-0014809,ADM-00051653,MED007,2026-09-27 01:11:38,12,25.0,300.0
BATCH-20260925-004,MEV-000180487,PAT-0014809,ADM-00051653,MED002,2026-09-25 04:51:52,16,18.0,288.0
BATCH-20260925-004,MEV-000180488,PAT-0014809,ADM-00051653,MED001,2026-09-27 15:57:42,18,8.0,144.0
BATCH-20260925-004,MEV-000180489,PAT-0005818,ADM-00051654,MED003,2026-09-27 02:52:23,1,12.0,12.0
BATCH-20260925-004,MEV-000180490,PAT-0005818,ADM-00051654,MED002,2026-09-26 18:33:14,12,18.0,216.0
BATCH-20260925-004,MEV-000180491,PAT-0005818,ADM-00051654,MED002,2026-09-25 12:54:29,17,18.0,306.0
BATCH-20260925-004,MEV-000180492,PAT-0005818,ADM-00051654,MED005,2026-09-27 00:18:01,10,15.0,150.0
BATCH-20260925-004,MEV-000180493,PAT-0005818,ADM-00051654,MED003,2026-09-26 10:34:06,18,12.0,216.0
BATCH-20260925-004,MEV-000180494,PAT-0021660,ADM-00051655,MED002,2026-09-29 15:38:21,20,18.0,360.0
BATCH-20260925-004,MEV-000180495,PAT-0021660,ADM-00051655,MED001,2026-09-27 01:56:19,8,8.0,64.0
BATCH-20260925-004,MEV-000180496,PAT-0021660,ADM-00051655,MED005,2026-09-29 13:07:24,2,15.0,30.0
BATCH-20260925-004,MEV-000180497,PAT-0021660,ADM-00051655,MED008,2026-09-26 11:36:33,4,5.0,20.0
BATCH-20260925-004,MEV-000180498,PAT-0019583,ADM-00051656,MED006,2026-09-27 03:03:22,2,9.0,18.0
BATCH-20260925-004,MEV-000180499,PAT-0019583,ADM-00051656,MED005,2026-09-27 05:55:15,20,15.0,300.0
BATCH-20260925-004,MEV-000180500,PAT-0019583,ADM-00051656,MED008,2026-09-27 02:04:10,3,5.0,15.0
BATCH-20260925-004,MEV-000180501,PAT-0000537,ADM-00051657,MED004,2026-09-26 10:33:34,18,10.0,180.0
BATCH-20260925-004,MEV-000180502,PAT-0000537,ADM-00051657,MED007,2026-09-26 03:34:08,10,25.0,250.0
BATCH-20260925-004,MEV-000180503,PAT-0000537,ADM-00051657,MED001,2026-09-30 12:00:00,10,8.0,80.0
BATCH-20260925-004,MEV-000180504,PAT-0000537,ADM-00051657,MED002,2026-09-30 14:34:39,8,18.0,144.0
BATCH-20260925-004,MEV-000180505,PAT-0000537,ADM-00051657,MED007,2026-09-26 00:57:06,20,25.0,500.0
BATCH-20260925-004,MEV-000180506,PAT-0000537,ADM-00051657,MED004,2026-09-28 10:18:07,4,10.0,40.0
BATCH-20260925-004,MEV-000180507,PAT-0018663,ADM-00051658,MED005,2026-10-01 05:09:05,14,15.0,210.0
BATCH-20260925-004,MEV-000180508,PAT-0018663,ADM-00051658,MED005,2026-09-27 23:44:11,13,15.0,195.0
BATCH-20260925-004,MEV-000180509,PAT-0018663,ADM-00051658,MED003,2026-09-27 00:19:46,17,12.0,204.0
BATCH-20260925-004,MEV-000180510,PAT-0019194,ADM-00051659,MED001,2026-09-25 20:06:14,17,8.0,136.0
BATCH-20260925-004,MEV-000180511,PAT-0019194,ADM-00051659,MED003,2026-09-27 07:56:55,10,12.0,120.0
BATCH-20260925-004,MEV-000180512,PAT-0019194,ADM-00051659,MED005,2026-10-01 08:44:35,9,15.0,135.0
BATCH-20260925-004,MEV-000180513,PAT-0019194,ADM-00051659,MED008,2026-09-28 10:54:06,7,5.0,35.0
BATCH-20260925-004,MEV-000180514,PAT-0011864,ADM-00051660,MED005,2026-09-27 14:53:53,12,15.0,180.0
BATCH-20260925-004,MEV-000180515,PAT-0011864,ADM-00051660,MED002,2026-09-26 11:23:26,15,18.0,270.0
BATCH-20260925-004,MEV-000180516,PAT-0011864,ADM-00051660,MED006,2026-09-25 11:57:18,5,9.0,45.0
BATCH-20260925-004,MEV-000180517,PAT-0014618,ADM-00051661,MED008,2026-09-30 18:12:06,6,5.0,30.0
BATCH-20260925-004,MEV-000180518,PAT-0014618,ADM-00051661,MED001,2026-09-27 16:11:53,5,8.0,40.0
BATCH-20260925-004,MEV-000180519,PAT-0014618,ADM-00051661,MED007,2026-09-29 07:35:42,10,25.0,250.0
BATCH-20260925-004,MEV-000180520,PAT-0014618,ADM-00051661,MED003,2026-09-28 23:17:40,14,12.0,168.0
BATCH-20260925-004,MEV-000180521,PAT-0014618,ADM-00051661,MED001,2026-09-28 19:17:39,20,8.0,160.0
BATCH-20260925-004,MEV-000180522,PAT-0002972,ADM-00051662,MED002,2026-09-28 17:51:36,12,18.0,216.0
BATCH-20260925-004,MEV-000180523,PAT-0002972,ADM-00051662,MED005,2026-09-25 17:50:44,3,15.0,45.0
BATCH-20260925-004,MEV-000180524,PAT-0002972,ADM-00051662,MED003,2026-09-26 23:05:58,3,12.0,36.0
BATCH-20260925-004,MEV-000180525,PAT-0002972,ADM-00051662,MED006,2026-09-27 19:59:13,9,9.0,81.0
BATCH-20260925-004,MEV-000180526,PAT-0002972,ADM-00051662,MED004,2026-09-27 04:46:28,7,10.0,70.0
BATCH-20260925-004,MEV-000180527,PAT-0000008,ADM-00051663,MED002,2026-09-26 07:19:09,3,18.0,54.0
BATCH-20260925-004,MEV-000180528,PAT-0000008,ADM-00051663,MED007,2026-09-26 13:59:04,15,25.0,375.0
BATCH-20260925-004,MEV-000180529,PAT-0000008,ADM-00051663,MED007,2026-09-25 23:22:56,15,25.0,375.0
BATCH-20260925-004,MEV-000180530,PAT-0000008,ADM-00051663,MED001,2026-09-26 20:23:54,17,8.0,136.0
BATCH-20260925-004,MEV-000180531,PAT-0020102,ADM-00051664,MED007,2026-09-26 03:56:39,17,25.0,425.0
BATCH-20260925-004,MEV-000180532,PAT-0020102,ADM-00051664,MED004,2026-09-25 23:19:36,9,10.0,90.0
BATCH-20260925-004,MEV-000180533,PAT-0014569,ADM-00051665,MED008,2026-09-27 04:47:00,12,5.0,60.0
BATCH-20260925-004,MEV-000180534,PAT-0014569,ADM-00051665,MED002,2026-09-26 10:46:21,14,18.0,252.0
BATCH-20260925-004,MEV-000180535,PAT-0014569,ADM-00051665,MED001,2026-09-26 03:58:17,11,8.0,88.0
BATCH-20260925-004,MEV-000180536,PAT-0014569,ADM-00051665,MED002,2026-09-27 05:59:15,13,18.0,234.0
BATCH-20260925-004,MEV-000180537,PAT-0012510,ADM-00051666,MED002,2026-09-26 07:15:09,16,18.0,288.0
BATCH-20260925-004,MEV-000180538,PAT-0012510,ADM-00051666,MED008,2026-09-25 14:21:23,18,5.0,90.0
BATCH-20260925-004,MEV-000180539,PAT-0012510,ADM-00051666,MED006,2026-09-26 03:56:22,20,9.0,180.0
BATCH-20260925-004,MEV-000180540,PAT-0012510,ADM-00051666,MED007,2026-09-26 21:23:53,12,25.0,300.0
BATCH-20260925-004,MEV-000180541,PAT-0012510,ADM-00051666,MED007,2026-09-27 00:32:49,11,25.0,275.0
BATCH-20260925-004,MEV-000180542,PAT-0012510,ADM-00051666,MED007,2026-09-27 02:31:53,18,25.0,450.0
BATCH-20260925-004,MEV-000180543,PAT-0000572,ADM-00051667,MED008,2026-09-26 23:40:30,3,5.0,15.0
BATCH-20260925-004,MEV-000180544,PAT-0024008,ADM-00051668,MED005,2026-09-29 16:30:48,7,15.0,105.0
BATCH-20260925-004,MEV-000180545,PAT-0024008,ADM-00051668,MED007,2026-09-27 00:31:51,11,25.0,275.0
BATCH-20260925-004,MEV-000180546,PAT-0024008,ADM-00051668,MED007,2026-10-04 10:40:26,3,25.0,75.0
BATCH-20260925-004,MEV-000180547,PAT-0024008,ADM-00051668,MED004,2026-09-30 01:01:30,13,10.0,130.0
BATCH-20260925-004,MEV-000180548,PAT-0024008,ADM-00051668,MED001,2026-10-02 13:50:56,8,8.0,64.0
BATCH-20260925-004,MEV-000180549,PAT-0009335,ADM-00051669,MED002,2026-09-30 02:46:37,1,18.0,18.0
BATCH-20260925-004,MEV-000180550,PAT-0009335,ADM-00051669,MED001,2026-09-25 10:23:44,10,8.0,80.0
BATCH-20260925-004,MEV-000180551,PAT-0016381,ADM-00051670,MED005,2026-09-26 22:23:46,8,15.0,120.0
BATCH-20260925-004,MEV-000180552,PAT-0016381,ADM-00051670,MED006,2026-09-26 11:49:19,7,9.0,63.0
BATCH-20260925-004,MEV-000180553,PAT-0016381,ADM-00051670,MED006,2026-09-25 17:09:39,15,9.0,135.0
BATCH-20260925-004,MEV-000180554,PAT-0014822,ADM-00051671,MED006,2026-09-28 23:59:31,3,9.0,27.0
BATCH-20260925-004,MEV-000180555,PAT-0014822,ADM-00051671,MED003,2026-09-30 04:35:05,8,12.0,96.0
BATCH-20260925-004,MEV-000180556,PAT-0014822,ADM-00051671,MED002,2026-09-25 22:20:35,1,18.0,18.0
BATCH-20260925-004,MEV-000180557,PAT-0014822,ADM-00051671,MED003,2026-09-27 06:34:56,20,12.0,240.0
BATCH-20260925-004,MEV-000180558,PAT-0014822,ADM-00051671,MED003,2026-09-26 06:26:00,19,12.0,228.0
BATCH-20260925-004,MEV-000180559,PAT-0007616,ADM-00051672,MED007,2026-09-28 18:14:17,5,25.0,125.0
BATCH-20260925-004,MEV-000180560,PAT-0007616,ADM-00051672,MED004,2026-09-26 03:07:53,20,10.0,200.0
BATCH-20260925-004,MEV-000180561,PAT-0007616,ADM-00051672,MED001,2026-09-29 14:03:51,6,8.0,48.0
BATCH-20260925-004,MEV-000180562,PAT-0007616,ADM-00051672,MED001,2026-09-28 13:01:48,2,8.0,16.0
BATCH-20260925-004,MEV-000180563,PAT-0001850,ADM-00051673,MED001,2026-09-26 23:40:36,10,8.0,80.0
BATCH-20260925-004,MEV-000180564,PAT-0023710,ADM-00051674,MED006,2026-09-26 18:17:51,4,9.0,36.0
BATCH-20260925-004,MEV-000180565,PAT-0023710,ADM-00051674,MED007,2026-09-25 17:34:27,9,25.0,225.0
BATCH-20260925-004,MEV-000180566,PAT-0001514,ADM-00051675,MED006,2026-09-27 17:09:45,15,9.0,135.0
BATCH-20260925-004,MEV-000180567,PAT-0001514,ADM-00051675,MED005,2026-09-29 10:21:53,3,15.0,45.0
BATCH-20260925-004,MEV-000180568,PAT-0001514,ADM-00051675,MED007,2026-09-27 04:45:39,9,25.0,225.0
BATCH-20260925-004,MEV-000180569,PAT-0003757,ADM-00051676,MED008,2026-09-27 19:17:37,9,5.0,45.0
BATCH-20260925-004,MEV-000180570,PAT-0003757,ADM-00051676,MED006,2026-09-26 18:53:00,16,9.0,144.0
BATCH-20260925-004,MEV-000180571,PAT-0003757,ADM-00051676,MED002,2026-09-26 06:41:58,6,18.0,108.0
BATCH-20260925-004,MEV-000180572,PAT-0003757,ADM-00051676,MED007,2026-09-25 23:42:28,15,25.0,375.0
BATCH-20260925-004,MEV-000180573,PAT-0014873,ADM-00051677,MED003,2026-09-28 06:39:57,2,12.0,24.0
BATCH-20260925-004,MEV-000180574,PAT-0014873,ADM-00051677,MED006,2026-09-30 15:22:57,9,9.0,81.0
BATCH-20260925-004,MEV-000180575,PAT-0014873,ADM-00051677,MED007,2026-09-27 01:47:21,3,25.0,75.0
BATCH-20260925-004,MEV-000180576,PAT-0014873,ADM-00051677,MED003,2026-09-26 08:13:51,20,12.0,240.0
BATCH-20260925-004,MEV-000180577,PAT-0014873,ADM-00051677,MED001,2026-09-29 21:21:32,11,8.0,88.0
BATCH-20260925-004,MEV-000180578,PAT-0001546,ADM-00051678,MED006,2026-09-27 04:00:12,9,9.0,81.0
BATCH-20260925-004,MEV-000180579,PAT-0001546,ADM-00051678,MED008,2026-09-26 20:09:57,5,5.0,25.0
BATCH-20260925-004,MEV-000180580,PAT-0001546,ADM-00051678,MED007,2026-09-27 04:29:23,15,25.0,375.0
BATCH-20260925-004,MEV-000180581,PAT-0001546,ADM-00051678,MED007,2026-09-27 10:56:59,12,25.0,300.0
BATCH-20260925-004,MEV-000180582,PAT-0001546,ADM-00051678,MED008,2026-09-26 17:23:23,11,5.0,55.0
BATCH-20260925-004,MEV-000180583,PAT-0001546,ADM-00051678,MED002,2026-09-25 19:12:03,8,18.0,144.0
BATCH-20260925-004,MEV-000180584,PAT-0008833,ADM-00051679,MED005,2026-09-29 15:49:39,2,15.0,30.0
BATCH-20260925-004,MEV-000180585,PAT-0008833,ADM-00051679,MED007,2026-10-05 11:32:02,9,25.0,225.0
BATCH-20260925-004,MEV-000180586,PAT-0008833,ADM-00051679,MED001,2026-10-06 08:43:17,18,8.0,144.0
BATCH-20260925-004,MEV-000180587,PAT-0008833,ADM-00051679,MED002,2026-09-27 07:35:55,1,18.0,18.0
BATCH-20260925-004,MEV-000180588,PAT-0008833,ADM-00051679,MED007,2026-09-27 06:22:55,10,25.0,250.0
BATCH-20260925-004,MEV-000180589,PAT-0020163,ADM-00051680,MED002,2026-09-26 14:26:05,19,18.0,342.0
BATCH-20260925-004,MEV-000180590,PAT-0020163,ADM-00051680,MED003,2026-09-27 11:06:51,12,12.0,144.0
BATCH-20260925-004,MEV-000180591,PAT-0020163,ADM-00051680,MED002,2026-09-26 12:44:06,14,18.0,252.0
BATCH-20260925-004,MEV-000180592,PAT-0000443,ADM-00051681,MED004,2026-10-02 00:17:21,13,10.0,130.0
BATCH-20260925-004,MEV-000180593,PAT-0000443,ADM-00051681,MED008,2026-10-01 03:40:45,1,5.0,5.0
BATCH-20260925-004,MEV-000180594,PAT-0000443,ADM-00051681,MED002,2026-10-06 02:32:14,7,18.0,126.0
BATCH-20260925-004,MEV-000180595,PAT-0000443,ADM-00051681,MED005,2026-09-30 23:52:57,14,15.0,210.0
BATCH-20260925-004,MEV-000180596,PAT-0000443,ADM-00051681,MED003,2026-09-30 04:06:37,12,12.0,144.0
BATCH-20260925-004,MEV-000180597,PAT-0000443,ADM-00051681,MED005,2026-09-25 15:22:19,12,15.0,180.0
BATCH-20260925-004,MEV-000180598,PAT-0006206,ADM-00051682,MED007,2026-09-29 08:00:29,4,25.0,100.0
BATCH-20260925-004,MEV-000180599,PAT-0006206,ADM-00051682,MED002,2026-10-01 05:53:07,16,18.0,288.0
BATCH-20260925-004,MEV-000180600,PAT-0006206,ADM-00051682,MED005,2026-09-26 08:33:07,12,15.0,180.0
BATCH-20260925-004,MEV-000180601,PAT-0006206,ADM-00051682,MED007,2026-09-30 03:04:28,18,25.0,450.0
BATCH-20260925-004,MEV-000180602,PAT-0006206,ADM-00051682,MED006,2026-10-01 19:02:14,5,9.0,45.0
BATCH-20260925-004,MEV-000180603,PAT-0006206,ADM-00051682,MED007,2026-09-26 14:25:41,7,25.0,175.0
BATCH-20260925-004,MEV-000180604,PAT-0021275,ADM-00051683,MED002,2026-09-26 13:01:32,8,18.0,144.0
BATCH-20260925-004,MEV-000180605,PAT-0018606,ADM-00051684,MED008,2026-09-26 06:30:51,5,5.0,25.0
BATCH-20260925-004,MEV-000180606,PAT-0018606,ADM-00051684,MED008,2026-09-26 16:55:06,10,5.0,50.0
BATCH-20260925-004,MEV-000180607,PAT-0018606,ADM-00051684,MED006,2026-09-27 11:49:54,5,9.0,45.0
BATCH-20260925-004,MEV-000180608,PAT-0018606,ADM-00051684,MED001,2026-09-27 03:10:54,13,8.0,104.0
BATCH-20260925-004,MEV-000180609,PAT-0018606,ADM-00051684,MED005,2026-09-27 20:55:33,5,15.0,75.0
BATCH-20260925-004,MEV-000180610,PAT-0018083,ADM-00051685,MED006,2026-09-29 13:20:12,19,9.0,171.0
BATCH-20260925-004,MEV-000180611,PAT-0018083,ADM-00051685,MED004,2026-09-27 03:28:00,13,10.0,130.0
BATCH-20260925-004,MEV-000180612,PAT-0018083,ADM-00051685,MED008,2026-09-28 08:23:52,15,5.0,75.0
BATCH-20260925-004,MEV-000180613,PAT-0018083,ADM-00051685,MED005,2026-09-27 14:40:18,17,15.0,255.0
BATCH-20260925-004,MEV-000180614,PAT-0018083,ADM-00051685,MED001,2026-10-01 02:56:28,15,8.0,120.0
BATCH-20260925-004,MEV-000180615,PAT-0018083,ADM-00051685,MED007,2026-09-30 01:38:22,15,25.0,375.0
BATCH-20260925-004,MEV-000180616,PAT-0017663,ADM-00051686,MED006,2026-09-28 19:34:54,9,9.0,81.0
BATCH-20260925-004,MEV-000180617,PAT-0017663,ADM-00051686,MED004,2026-09-27 03:41:58,16,10.0,160.0
BATCH-20260925-004,MEV-000180618,PAT-0017663,ADM-00051686,MED006,2026-09-29 01:27:27,6,9.0,54.0
BATCH-20260925-004,MEV-000180619,PAT-0017663,ADM-00051686,MED006,2026-09-26 04:41:12,12,9.0,108.0
BATCH-20260925-004,MEV-000180620,PAT-0017663,ADM-00051686,MED001,2026-09-28 07:05:13,13,8.0,104.0
BATCH-20260925-004,MEV-000180621,PAT-0011403,ADM-00051687,MED005,2026-09-29 09:33:09,17,15.0,255.0
BATCH-20260925-004,MEV-000180622,PAT-0011403,ADM-00051687,MED001,2026-10-01 00:34:27,11,8.0,88.0
BATCH-20260925-004,MEV-000180623,PAT-0011131,ADM-00051688,MED002,2026-09-26 10:13:15,8,18.0,144.0
BATCH-20260925-004,MEV-000180624,PAT-0011131,ADM-00051688,MED005,2026-09-29 11:12:58,12,15.0,180.0
BATCH-20260925-004,MEV-000180625,PAT-0011131,ADM-00051688,MED001,2026-09-27 21:40:42,1,8.0,8.0
BATCH-20260925-004,MEV-000180626,PAT-0011131,ADM-00051688,MED003,2026-09-27 13:41:33,5,12.0,60.0
BATCH-20260925-004,MEV-000180627,PAT-0011131,ADM-00051688,MED008,2026-09-26 09:47:44,4,5.0,20.0
BATCH-20260925-004,MEV-000180628,PAT-0011131,ADM-00051688,MED006,2026-09-27 11:14:58,19,9.0,171.0
BATCH-20260925-004,MEV-000180629,PAT-0015279,ADM-00051689,MED003,2026-09-27 21:35:58,3,12.0,36.0
BATCH-20260925-004,MEV-000180630,PAT-0015279,ADM-00051689,MED005,2026-09-29 10:31:23,2,15.0,30.0
BATCH-20260925-004,MEV-000180631,PAT-0023864,ADM-00051690,MED003,2026-09-25 16:01:26,6,12.0,72.0
BATCH-20260925-004,MEV-000180632,PAT-0023864,ADM-00051690,MED001,2026-09-25 16:16:16,20,8.0,160.0
BATCH-20260925-004,MEV-000180633,PAT-0023864,ADM-00051690,MED001,2026-09-25 21:14:00,5,8.0,40.0
BATCH-20260925-004,MEV-000180634,PAT-0023864,ADM-00051690,MED007,2026-09-25 20:11:20,18,25.0,450.0
BATCH-20260925-004,MEV-000180635,PAT-0023864,ADM-00051690,MED004,2026-09-25 04:33:01,13,10.0,130.0
BATCH-20260925-004,MEV-000180636,PAT-0012234,ADM-00051691,MED001,2026-09-26 19:48:30,10,8.0,80.0
BATCH-20260925-004,MEV-000180637,PAT-0012234,ADM-00051691,MED008,2026-09-26 14:22:22,9,5.0,45.0
BATCH-20260925-004,MEV-000180638,PAT-0012234,ADM-00051691,MED007,2026-09-28 05:31:25,8,25.0,200.0
BATCH-20260925-004,MEV-000180639,PAT-0012234,ADM-00051691,MED004,2026-09-28 06:04:55,18,10.0,180.0
BATCH-20260925-004,MEV-000180640,PAT-0012234,ADM-00051691,MED008,2026-09-27 08:39:09,18,5.0,90.0
BATCH-20260925-004,MEV-000180641,PAT-0012234,ADM-00051691,MED005,2026-09-27 13:10:22,15,15.0,225.0
BATCH-20260925-004,MEV-000180642,PAT-0020884,ADM-00051692,MED005,2026-09-27 00:46:54,3,15.0,45.0
BATCH-20260925-004,MEV-000180643,PAT-0020884,ADM-00051692,MED007,2026-09-25 14:05:42,17,25.0,425.0
BATCH-20260925-004,MEV-000180644,PAT-0021222,ADM-00051693,MED001,2026-09-27 05:53:11,4,8.0,32.0
BATCH-20260925-004,MEV-000180645,PAT-0021222,ADM-00051693,MED008,2026-09-26 13:59:58,17,5.0,85.0
BATCH-20260925-004,MEV-000180646,PAT-0021222,ADM-00051693,MED008,2026-09-27 16:58:39,10,5.0,50.0
BATCH-20260925-004,MEV-000180647,PAT-0013876,ADM-00051694,MED008,2026-09-26 06:32:12,13,5.0,65.0
BATCH-20260925-004,MEV-000180648,PAT-0013876,ADM-00051694,MED003,2026-09-27 08:04:25,10,12.0,120.0
BATCH-20260925-004,MEV-000180649,PAT-0013876,ADM-00051694,MED001,2026-09-26 23:13:54,14,8.0,112.0
BATCH-20260925-004,MEV-000180650,PAT-0001408,ADM-00051695,MED005,2026-09-30 20:15:28,17,15.0,255.0
BATCH-20260925-004,MEV-000180651,PAT-0001408,ADM-00051695,MED004,2026-10-01 00:44:54,7,10.0,70.0
BATCH-20260925-004,MEV-000180652,PAT-0001408,ADM-00051695,MED007,2026-09-25 19:33:13,7,25.0,175.0
BATCH-20260925-004,MEV-000180653,PAT-0001408,ADM-00051695,MED008,2026-10-01 09:29:58,18,5.0,90.0
BATCH-20260925-004,MEV-000180654,PAT-0018732,ADM-00051696,MED003,2026-09-26 06:51:46,7,12.0,84.0
BATCH-20260925-004,MEV-000180655,PAT-0007778,ADM-00051697,MED006,2026-10-01 08:43:58,16,9.0,144.0
BATCH-20260925-004,MEV-000180656,PAT-0022711,ADM-00051698,MED007,2026-09-30 01:43:34,17,25.0,425.0
BATCH-20260925-004,MEV-000180657,PAT-0022711,ADM-00051698,MED002,2026-09-27 05:53:40,13,18.0,234.0
BATCH-20260925-004,MEV-000180658,PAT-0022711,ADM-00051698,MED002,2026-09-30 11:47:19,12,18.0,216.0
BATCH-20260925-004,MEV-000180659,PAT-0022711,ADM-00051698,MED001,2026-09-25 20:01:41,10,8.0,80.0
BATCH-20260925-004,MEV-000180660,PAT-0022711,ADM-00051698,MED004,2026-09-29 13:31:17,8,10.0,80.0
BATCH-20260925-004,MEV-000180661,PAT-0000258,ADM-00051699,MED003,2026-09-26 02:15:29,8,12.0,96.0
BATCH-20260925-004,MEV-000180662,PAT-0000258,ADM-00051699,MED002,2026-09-26 15:17:18,18,18.0,324.0
BATCH-20260925-004,MEV-000180663,PAT-0000258,ADM-00051699,MED005,2026-09-26 01:52:37,14,15.0,210.0
BATCH-20260925-004,MEV-000180664,PAT-0000258,ADM-00051699,MED007,2026-09-25 19:33:14,17,25.0,425.0
BATCH-20260925-004,MEV-000180665,PAT-0000258,ADM-00051699,MED001,2026-09-26 07:30:09,4,8.0,32.0
BATCH-20260925-004,MEV-000180666,PAT-0000258,ADM-00051699,MED006,2026-09-26 02:17:47,3,9.0,27.0
BATCH-20260925-004,MEV-000180667,PAT-0019055,ADM-00051700,MED007,2026-09-26 03:01:58,3,25.0,75.0
BATCH-20260925-004,MEV-000180668,PAT-0019055,ADM-00051700,MED005,2026-10-01 07:51:12,12,15.0,180.0
BATCH-20260925-004,MEV-000180669,PAT-0008286,ADM-00051701,MED008,2026-09-26 08:32:29,16,5.0,80.0
BATCH-20260925-004,MEV-000180670,PAT-0008286,ADM-00051701,MED008,2026-09-27 20:05:29,4,5.0,20.0
BATCH-20260925-004,MEV-000180671,PAT-0008286,ADM-00051701,MED006,2026-09-25 13:07:43,8,9.0,72.0
BATCH-20260925-004,MEV-000180672,PAT-0012389,ADM-00051702,MED004,2026-10-01 20:20:46,13,10.0,130.0
BATCH-20260925-004,MEV-000180673,PAT-0012389,ADM-00051702,MED002,2026-09-26 09:43:55,16,18.0,288.0
BATCH-20260925-004,MEV-000180674,PAT-0012389,ADM-00051702,MED003,2026-09-27 04:38:24,14,12.0,168.0
BATCH-20260925-004,MEV-000180675,PAT-0012389,ADM-00051702,MED006,2026-09-26 14:57:48,9,9.0,81.0
BATCH-20260925-004,MEV-000180676,PAT-0012389,ADM-00051702,MED002,2026-09-28 21:33:44,2,18.0,36.0
BATCH-20260925-004,MEV-000180677,PAT-0012389,ADM-00051702,MED004,2026-09-30 21:16:59,4,10.0,40.0
BATCH-20260925-004,MEV-000180678,PAT-0003736,ADM-00051703,MED003,2026-09-26 10:53:52,14,12.0,168.0
BATCH-20260925-004,MEV-000180679,PAT-0003736,ADM-00051703,MED001,2026-09-29 11:20:23,13,8.0,104.0
BATCH-20260925-004,MEV-000180680,PAT-0003736,ADM-00051703,MED005,2026-09-30 21:38:41,6,15.0,90.0
BATCH-20260925-004,MEV-000180681,PAT-0003736,ADM-00051703,MED007,2026-09-27 11:19:27,4,25.0,100.0
BATCH-20260925-004,MEV-000180682,PAT-0003736,ADM-00051703,MED008,2026-09-27 05:44:53,14,5.0,70.0
BATCH-20260925-004,MEV-000180683,PAT-0013919,ADM-00051704,MED004,2026-09-26 16:56:00,6,10.0,60.0
BATCH-20260925-004,MEV-000180684,PAT-0013919,ADM-00051704,MED002,2026-09-25 18:13:13,15,18.0,270.0
BATCH-20260925-004,MEV-000180685,PAT-0016375,ADM-00051705,MED005,2026-09-26 06:53:46,19,15.0,285.0
BATCH-20260925-004,MEV-000180686,PAT-0016375,ADM-00051705,MED006,2026-09-26 09:32:23,4,9.0,36.0
BATCH-20260925-004,MEV-000180687,PAT-0016375,ADM-00051705,MED004,2026-09-25 17:51:19,16,10.0,160.0
BATCH-20260925-004,MEV-000180688,PAT-0016375,ADM-00051705,MED002,2026-09-26 05:45:02,3,18.0,54.0
BATCH-20260925-004,MEV-000180689,PAT-0000984,ADM-00051706,MED003,2026-09-26 18:43:38,14,12.0,168.0
BATCH-20260925-004,MEV-000180690,PAT-0000984,ADM-00051706,MED004,2026-09-26 05:34:26,2,10.0,20.0
BATCH-20260925-004,MEV-000180691,PAT-0000984,ADM-00051706,MED003,2026-09-26 21:41:07,5,12.0,60.0
BATCH-20260925-004,MEV-000180692,PAT-0000984,ADM-00051706,MED008,2026-09-25 21:57:34,17,5.0,85.0
BATCH-20260925-004,MEV-000180693,PAT-0000984,ADM-00051706,MED002,2026-09-27 06:06:58,4,18.0,72.0
BATCH-20260925-004,MEV-000180694,PAT-0000984,ADM-00051706,MED002,2026-09-25 22:14:18,19,18.0,342.0
BATCH-20260925-004,MEV-000180695,PAT-0015397,ADM-00051707,MED001,2026-09-25 06:02:45,20,8.0,160.0
BATCH-20260925-004,MEV-000180696,PAT-0015331,ADM-00051708,MED008,2026-09-26 21:31:51,5,5.0,25.0
BATCH-20260925-004,MEV-000180697,PAT-0015331,ADM-00051708,MED007,2026-09-28 17:27:18,4,25.0,100.0
BATCH-20260925-004,MEV-000180698,PAT-0016598,ADM-00051709,MED007,2026-09-30 22:25:28,13,25.0,325.0
BATCH-20260925-004,MEV-000180699,PAT-0016598,ADM-00051709,MED002,2026-09-30 11:25:39,4,18.0,72.0
BATCH-20260925-004,MEV-000180700,PAT-0016598,ADM-00051709,MED002,2026-10-02 02:48:48,19,18.0,342.0
BATCH-20260925-004,MEV-000180701,PAT-0016598,ADM-00051709,MED004,2026-09-27 09:31:11,2,10.0,20.0
BATCH-20260925-004,MEV-000180702,PAT-0016598,ADM-00051709,MED003,2026-10-02 16:26:58,2,12.0,24.0
BATCH-20260925-004,MEV-000180703,PAT-0019884,ADM-00051710,MED004,2026-09-25 17:33:39,18,10.0,180.0
BATCH-20260925-004,MEV-000180704,PAT-0019884,ADM-00051710,MED004,2026-09-26 16:10:49,10,10.0,100.0
BATCH-20260925-004,MEV-000180705,PAT-0019884,ADM-00051710,MED001,2026-09-27 13:06:49,19,8.0,152.0
BATCH-20260925-004,MEV-000180706,PAT-0019884,ADM-00051710,MED007,2026-09-26 18:09:33,19,25.0,475.0
BATCH-20260925-004,MEV-000180707,PAT-0019884,ADM-00051710,MED008,2026-09-25 11:34:25,8,5.0,40.0
BATCH-20260925-004,MEV-000180708,PAT-0000914,ADM-00051711,MED006,2026-09-28 06:57:47,14,9.0,126.0
BATCH-20260925-004,MEV-000180709,PAT-0000914,ADM-00051711,MED008,2026-09-28 19:39:39,12,5.0,60.0
BATCH-20260925-004,MEV-000180710,PAT-0000914,ADM-00051711,MED001,2026-09-25 05:59:53,17,8.0,136.0
BATCH-20260925-004,MEV-000180711,PAT-0000763,ADM-00051712,MED006,2026-09-26 11:15:24,14,9.0,126.0
BATCH-20260925-004,MEV-000180712,PAT-0000763,ADM-00051712,MED004,2026-09-27 12:18:38,2,10.0,20.0
BATCH-20260925-004,MEV-000180713,PAT-0000763,ADM-00051712,MED001,2026-09-29 21:46:31,12,8.0,96.0
BATCH-20260925-004,MEV-000180714,PAT-0000763,ADM-00051712,MED004,2026-09-30 04:46:26,3,10.0,30.0
BATCH-20260925-004,MEV-000180715,PAT-0008260,ADM-00051713,MED002,2026-10-06 15:56:35,3,18.0,54.0
BATCH-20260925-004,MEV-000180716,PAT-0008260,ADM-00051713,MED004,2026-09-30 08:34:57,19,10.0,190.0
BATCH-20260925-004,MEV-000180717,PAT-0008260,ADM-00051713,MED001,2026-09-30 08:38:28,12,8.0,96.0
BATCH-20260925-004,MEV-000180718,PAT-0008260,ADM-00051713,MED004,2026-09-27 17:22:13,7,10.0,70.0
BATCH-20260925-004,MEV-000180719,PAT-0008216,ADM-00051714,MED002,2026-09-26 12:56:58,18,18.0,324.0
BATCH-20260925-004,MEV-000180720,PAT-0008216,ADM-00051714,MED002,2026-09-30 07:35:03,20,18.0,360.0
BATCH-20260925-004,MEV-000180721,PAT-0001089,ADM-00051715,MED001,2026-09-26 03:13:41,9,8.0,72.0
BATCH-20260925-004,MEV-000180722,PAT-0001089,ADM-00051715,MED001,2026-09-29 09:50:11,4,8.0,32.0
BATCH-20260925-004,MEV-000180723,PAT-0001089,ADM-00051715,MED002,2026-09-28 03:33:51,4,18.0,72.0
BATCH-20260925-004,MEV-000180724,PAT-0001089,ADM-00051715,MED003,2026-09-27 07:58:34,10,12.0,120.0
BATCH-20260925-004,MEV-000180725,PAT-0015314,ADM-00051716,MED003,2026-09-26 22:17:43,20,12.0,240.0
BATCH-20260925-004,MEV-000180726,PAT-0015314,ADM-00051716,MED005,2026-09-26 09:46:49,14,15.0,210.0
BATCH-20260925-004,MEV-000180727,PAT-0015314,ADM-00051716,MED005,2026-09-25 20:15:03,12,15.0,180.0
BATCH-20260925-004,MEV-000180728,PAT-0015314,ADM-00051716,MED003,2026-09-26 16:27:45,14,12.0,168.0
BATCH-20260925-004,MEV-000180729,PAT-0022184,ADM-00051717,MED006,2026-09-25 18:07:49,8,9.0,72.0
BATCH-20260925-004,MEV-000180730,PAT-0022184,ADM-00051717,MED002,2026-09-30 06:19:12,2,18.0,36.0
BATCH-20260925-004,MEV-000180731,PAT-0018918,ADM-00051718,MED005,2026-09-26 20:21:54,18,15.0,270.0
BATCH-20260925-004,MEV-000180732,PAT-0018918,ADM-00051718,MED002,2026-09-27 04:45:09,13,18.0,234.0
BATCH-20260925-004,MEV-000180733,PAT-0014000,ADM-00051719,MED004,2026-09-25 20:27:09,5,10.0,50.0
BATCH-20260925-004,MEV-000180734,PAT-0014000,ADM-00051719,MED008,2026-09-25 22:30:09,10,5.0,50.0
BATCH-20260925-004,MEV-000180735,PAT-0014000,ADM-00051719,MED005,2026-09-26 07:08:59,14,15.0,210.0
BATCH-20260925-004,MEV-000180736,PAT-0014000,ADM-00051719,MED005,2026-09-26 02:08:14,7,15.0,105.0
BATCH-20260925-004,MEV-000180737,PAT-0014000,ADM-00051719,MED006,2026-09-25 20:13:15,3,9.0,27.0
BATCH-20260925-004,MEV-000180738,PAT-0014000,ADM-00051719,MED008,2026-09-26 06:13:46,16,5.0,80.0
BATCH-20260925-004,MEV-000180739,PAT-0001094,ADM-00051720,MED007,2026-09-25 06:37:18,8,25.0,200.0
BATCH-20260925-004,MEV-000180740,PAT-0001094,ADM-00051720,MED006,2026-09-30 01:43:34,5,9.0,45.0
BATCH-20260925-004,MEV-000180741,PAT-0001094,ADM-00051720,MED004,2026-09-28 21:45:24,6,10.0,60.0
BATCH-20260925-004,MEV-000180742,PAT-0016235,ADM-00051721,MED001,2026-09-27 14:41:42,8,8.0,64.0
BATCH-20260925-004,MEV-000180743,PAT-0016235,ADM-00051721,MED008,2026-09-25 22:15:42,13,5.0,65.0
BATCH-20260925-004,MEV-000180744,PAT-0024892,ADM-00051722,MED002,2026-09-27 13:52:09,4,18.0,72.0
BATCH-20260925-004,MEV-000180745,PAT-0024892,ADM-00051722,MED003,2026-09-27 09:45:05,2,12.0,24.0
BATCH-20260925-004,MEV-000180746,PAT-0024892,ADM-00051722,MED005,2026-09-28 04:59:05,3,15.0,45.0
BATCH-20260925-004,MEV-000180747,PAT-0017224,ADM-00051723,MED003,2026-09-27 00:38:58,19,12.0,228.0
BATCH-20260925-004,MEV-000180748,PAT-0017224,ADM-00051723,MED004,2026-10-01 18:21:00,20,10.0,200.0
BATCH-20260925-004,MEV-000180749,PAT-0017224,ADM-00051723,MED001,2026-09-29 22:19:43,12,8.0,96.0
BATCH-20260925-004,MEV-000180750,PAT-0017224,ADM-00051723,MED007,2026-09-29 23:28:38,17,25.0,425.0
BATCH-20260925-004,MEV-000180751,PAT-0017224,ADM-00051723,MED008,2026-09-29 00:23:02,18,5.0,90.0
BATCH-20260925-004,MEV-000180752,PAT-0014125,ADM-00051724,MED003,2026-09-26 20:17:46,8,12.0,96.0
BATCH-20260925-004,MEV-000180753,PAT-0014125,ADM-00051724,MED006,2026-09-28 14:41:16,9,9.0,81.0
BATCH-20260925-004,MEV-000180754,PAT-0014125,ADM-00051724,MED008,2026-09-30 03:57:01,13,5.0,65.0
BATCH-20260925-004,MEV-000180755,PAT-0021695,ADM-00051725,MED005,2026-09-26 16:10:21,5,15.0,75.0
BATCH-20260925-004,MEV-000180756,PAT-0021609,ADM-00051726,MED004,2026-09-26 12:04:21,5,10.0,50.0
BATCH-20260925-004,MEV-000180757,PAT-0021609,ADM-00051726,MED007,2026-09-26 11:36:42,6,25.0,150.0
BATCH-20260925-004,MEV-000180758,PAT-0021609,ADM-00051726,MED002,2026-09-26 07:06:59,17,18.0,306.0
BATCH-20260925-004,MEV-000180759,PAT-0021609,ADM-00051726,MED003,2026-09-26 14:58:47,7,12.0,84.0
BATCH-20260925-004,MEV-000180760,PAT-0021609,ADM-00051726,MED008,2026-09-26 07:44:40,18,5.0,90.0
BATCH-20260925-004,MEV-000180761,PAT-0025214,ADM-00051727,MED003,2026-09-25 22:02:53,19,12.0,228.0
BATCH-20260925-004,MEV-000180762,PAT-0025214,ADM-00051727,MED001,2026-09-26 10:57:36,18,8.0,144.0
BATCH-20260925-004,MEV-000180763,PAT-0025214,ADM-00051727,MED005,2026-09-26 03:55:02,11,15.0,165.0
BATCH-20260925-004,MEV-000180764,PAT-0025214,ADM-00051727,MED005,2026-09-25 19:55:57,17,15.0,255.0
BATCH-20260925-004,MEV-000180765,PAT-0023888,ADM-00051728,MED006,2026-09-27 21:35:36,16,9.0,144.0
BATCH-20260925-004,MEV-000180766,PAT-0023888,ADM-00051728,MED007,2026-09-27 18:40:57,20,25.0,500.0
BATCH-20260925-004,MEV-000180767,PAT-0023888,ADM-00051728,MED001,2026-09-27 08:21:22,15,8.0,120.0
BATCH-20260925-004,MEV-000180768,PAT-0017325,ADM-00051729,MED007,2026-09-30 06:58:59,4,25.0,100.0
BATCH-20260925-004,MEV-000180769,PAT-0017325,ADM-00051729,MED007,2026-10-04 07:55:57,12,25.0,300.0
BATCH-20260925-004,MEV-000180770,PAT-0017325,ADM-00051729,MED005,2026-09-30 22:22:28,4,15.0,60.0
BATCH-20260925-004,MEV-000180771,PAT-0017325,ADM-00051729,MED002,2026-09-29 07:39:21,8,18.0,144.0
BATCH-20260925-004,MEV-000180772,PAT-0017325,ADM-00051729,MED003,2026-09-27 04:41:36,11,12.0,132.0
BATCH-20260925-004,MEV-000180773,PAT-0002920,ADM-00051730,MED006,2026-09-29 19:52:55,4,9.0,36.0
BATCH-20260925-004,MEV-000180774,PAT-0002920,ADM-00051730,MED004,2026-09-29 14:59:19,6,10.0,60.0
BATCH-20260925-004,MEV-000180775,PAT-0002920,ADM-00051730,MED002,2026-09-27 01:49:48,4,18.0,72.0
BATCH-20260925-004,MEV-000180776,PAT-0013197,ADM-00051731,MED006,2026-09-30 19:29:31,14,9.0,126.0
BATCH-20260925-004,MEV-000180777,PAT-0013197,ADM-00051731,MED004,2026-09-30 05:22:15,9,10.0,90.0
BATCH-20260925-004,MEV-000180778,PAT-0013197,ADM-00051731,MED005,2026-10-02 05:46:00,18,15.0,270.0
BATCH-20260925-004,MEV-000180779,PAT-0012494,ADM-00051732,MED008,2026-09-25 06:32:32,18,5.0,90.0
BATCH-20260925-004,MEV-000180780,PAT-0018848,ADM-00051733,MED005,2026-10-06 00:57:10,11,15.0,165.0
BATCH-20260925-004,MEV-000180781,PAT-0018848,ADM-00051733,MED004,2026-10-08 23:55:17,9,10.0,90.0
BATCH-20260925-004,MEV-000180782,PAT-0018848,ADM-00051733,MED006,2026-09-25 19:51:19,7,9.0,63.0
BATCH-20260925-004,MEV-000180783,PAT-0018848,ADM-00051733,MED005,2026-09-27 06:55:41,13,15.0,195.0
BATCH-20260925-004,MEV-000180784,PAT-0018848,ADM-00051733,MED005,2026-10-03 19:47:57,7,15.0,105.0
BATCH-20260925-004,MEV-000180785,PAT-0018848,ADM-00051733,MED006,2026-09-28 23:54:02,10,9.0,90.0
BATCH-20260925-004,MEV-000180786,PAT-0012843,ADM-00051734,MED008,2026-09-26 08:22:25,20,5.0,100.0
BATCH-20260925-004,MEV-000180787,PAT-0012843,ADM-00051734,MED006,2026-09-25 12:15:48,2,9.0,18.0
BATCH-20260925-004,MEV-000180788,PAT-0012843,ADM-00051734,MED007,2026-09-26 02:36:11,18,25.0,450.0
BATCH-20260925-004,MEV-000180789,PAT-0006349,ADM-00051735,MED007,2026-09-28 15:46:46,10,25.0,250.0
BATCH-20260925-004,MEV-000180790,PAT-0004625,ADM-00051736,MED002,2026-09-30 19:33:53,8,18.0,144.0
BATCH-20260925-004,MEV-000180791,PAT-0004625,ADM-00051736,MED006,2026-09-30 23:31:44,14,9.0,126.0
BATCH-20260925-004,MEV-000180792,PAT-0004625,ADM-00051736,MED007,2026-10-01 01:49:56,16,25.0,400.0
BATCH-20260925-004,MEV-000180793,PAT-0004625,ADM-00051736,MED005,2026-10-01 02:22:46,16,15.0,240.0
BATCH-20260925-004,MEV-000180794,PAT-0015174,ADM-00051737,MED005,2026-09-26 19:11:17,20,15.0,300.0
BATCH-20260925-004,MEV-000180795,PAT-0015174,ADM-00051737,MED008,2026-09-26 00:41:44,3,5.0,15.0
BATCH-20260925-004,MEV-000180796,PAT-0008827,ADM-00051738,MED004,2026-09-29 07:16:21,3,10.0,30.0
BATCH-20260925-004,MEV-000180797,PAT-0008827,ADM-00051738,MED004,2026-09-27 22:36:10,4,10.0,40.0
BATCH-20260925-004,MEV-000180798,PAT-0013816,ADM-00051739,MED003,2026-09-26 02:29:43,11,12.0,132.0
BATCH-20260925-004,MEV-000180799,PAT-0013816,ADM-00051739,MED004,2026-09-27 08:21:38,10,10.0,100.0
BATCH-20260925-004,MEV-000180800,PAT-0013816,ADM-00051739,MED008,2026-09-25 13:44:05,13,5.0,65.0
BATCH-20260925-004,MEV-000180801,PAT-0013816,ADM-00051739,MED008,2026-09-25 10:25:04,6,5.0,30.0
BATCH-20260925-004,MEV-000180802,PAT-0017458,ADM-00051740,MED005,2026-09-26 13:59:58,4,15.0,60.0
BATCH-20260925-004,MEV-000180803,PAT-0017458,ADM-00051740,MED007,2026-09-28 18:00:50,14,25.0,350.0
BATCH-20260925-004,MEV-000180804,PAT-0010255,ADM-00051741,MED008,2026-09-25 08:28:15,20,5.0,100.0
BATCH-20260925-004,MEV-000180805,PAT-0010255,ADM-00051741,MED004,2026-09-26 21:01:48,11,10.0,110.0
BATCH-20260925-004,MEV-000180806,PAT-0010255,ADM-00051741,MED002,2026-09-25 05:19:31,7,18.0,126.0
BATCH-20260925-004,MEV-000180807,PAT-0002779,ADM-00051742,MED001,2026-09-26 19:18:23,9,8.0,72.0
BATCH-20260925-004,MEV-000180808,PAT-0002779,ADM-00051742,MED006,2026-09-29 19:03:52,9,9.0,81.0
BATCH-20260925-004,MEV-000180809,PAT-0015521,ADM-00051743,MED008,2026-09-28 22:19:44,7,5.0,35.0
BATCH-20260925-004,MEV-000180810,PAT-0015521,ADM-00051743,MED007,2026-09-28 11:05:10,11,25.0,275.0
BATCH-20260925-004,MEV-000180811,PAT-0008383,ADM-00051744,MED003,2026-09-27 02:59:27,13,12.0,156.0
BATCH-20260925-004,MEV-000180812,PAT-0008383,ADM-00051744,MED004,2026-09-28 00:07:08,7,10.0,70.0
BATCH-20260925-004,MEV-000180813,PAT-0008383,ADM-00051744,MED004,2026-09-28 17:56:46,17,10.0,170.0
BATCH-20260925-004,MEV-000180814,PAT-0008383,ADM-00051744,MED008,2026-09-29 09:07:25,14,5.0,70.0
BATCH-20260925-004,MEV-000180815,PAT-0008383,ADM-00051744,MED007,2026-09-26 00:33:46,4,25.0,100.0
BATCH-20260925-004,MEV-000180816,PAT-0000999,ADM-00051745,MED008,2026-09-26 17:26:42,4,5.0,20.0
BATCH-20260925-004,MEV-000180817,PAT-0000999,ADM-00051745,MED005,2026-09-25 21:38:30,5,15.0,75.0
BATCH-20260925-004,MEV-000180818,PAT-0000999,ADM-00051745,MED006,2026-09-25 15:33:12,12,9.0,108.0
BATCH-20260925-004,MEV-000180819,PAT-0000999,ADM-00051745,MED007,2026-09-26 07:07:28,20,25.0,500.0
BATCH-20260925-004,MEV-000180820,PAT-0000999,ADM-00051745,MED005,2026-09-26 23:24:15,17,15.0,255.0
BATCH-20260925-004,MEV-000180821,PAT-0000999,ADM-00051745,MED007,2026-09-26 18:06:36,9,25.0,225.0
BATCH-20260925-004,MEV-000180822,PAT-0008446,ADM-00051746,MED005,2026-10-02 02:46:37,7,15.0,105.0
BATCH-20260925-004,MEV-000180823,PAT-0008446,ADM-00051746,MED001,2026-10-02 04:21:55,6,8.0,48.0
BATCH-20260925-004,MEV-000180824,PAT-0008446,ADM-00051746,MED003,2026-09-25 07:44:14,20,12.0,240.0
BATCH-20260925-004,MEV-000180825,PAT-0017877,ADM-00051747,MED003,2026-10-01 12:45:39,18,12.0,216.0
BATCH-20260925-004,MEV-000180826,PAT-0017877,ADM-00051747,MED006,2026-10-03 09:02:26,13,9.0,117.0
BATCH-20260925-004,MEV-000180827,PAT-0017877,ADM-00051747,MED001,2026-09-27 13:10:36,8,8.0,64.0
BATCH-20260925-004,MEV-000180828,PAT-0017877,ADM-00051747,MED001,2026-10-07 03:51:50,19,8.0,152.0
BATCH-20260925-004,MEV-000180829,PAT-0010091,ADM-00051748,MED003,2026-10-02 16:39:32,20,12.0,240.0
BATCH-20260925-004,MEV-000180830,PAT-0010091,ADM-00051748,MED003,2026-10-05 18:55:05,2,12.0,24.0
BATCH-20260925-004,MEV-000180831,PAT-0010091,ADM-00051748,MED004,2026-09-27 12:29:45,14,10.0,140.0
BATCH-20260925-004,MEV-000180832,PAT-0010091,ADM-00051748,MED006,2026-10-06 18:28:02,18,9.0,162.0
BATCH-20260925-004,MEV-000180833,PAT-0010091,ADM-00051748,MED001,2026-10-07 01:02:29,13,8.0,104.0
BATCH-20260925-004,MEV-000180834,PAT-0010091,ADM-00051748,MED002,2026-09-29 17:42:22,1,18.0,18.0
BATCH-20260925-004,MEV-000180835,PAT-0000688,ADM-00051749,MED005,2026-09-27 16:01:13,10,15.0,150.0
BATCH-20260925-004,MEV-000180836,PAT-0000688,ADM-00051749,MED007,2026-09-29 21:05:51,11,25.0,275.0
BATCH-20260925-004,MEV-000180837,PAT-0002166,ADM-00051750,MED004,2026-09-27 11:25:48,11,10.0,110.0
BATCH-20260925-004,MEV-000180838,PAT-0002166,ADM-00051750,MED004,2026-09-29 06:04:49,9,10.0,90.0
BATCH-20260925-004,MEV-000180839,PAT-0002166,ADM-00051750,MED004,2026-09-27 02:52:24,16,10.0,160.0
BATCH-20260925-004,MEV-000180840,PAT-0002166,ADM-00051750,MED007,2026-09-29 05:37:02,10,25.0,250.0
BATCH-20260925-004,MEV-000180841,PAT-0002166,ADM-00051750,MED002,2026-09-27 18:23:54,17,18.0,306.0
BATCH-20260925-004,MEV-000180842,PAT-0002560,ADM-00051751,MED008,2026-09-25 17:57:58,20,5.0,100.0
BATCH-20260925-004,MEV-000180843,PAT-0002560,ADM-00051751,MED001,2026-09-25 16:48:32,16,8.0,128.0
BATCH-20260925-004,MEV-000180844,PAT-0002560,ADM-00051751,MED003,2026-09-25 11:58:28,16,12.0,192.0
BATCH-20260925-004,MEV-000180845,PAT-0002560,ADM-00051751,MED006,2026-09-25 13:54:59,16,9.0,144.0
BATCH-20260925-004,MEV-000180846,PAT-0002560,ADM-00051751,MED007,2026-09-25 12:24:09,4,25.0,100.0
BATCH-20260925-004,MEV-000180847,PAT-0002560,ADM-00051751,MED003,2026-09-25 14:37:17,8,12.0,96.0
BATCH-20260925-004,MEV-000180848,PAT-0001778,ADM-00051752,MED006,2026-10-01 23:57:54,19,9.0,171.0
BATCH-20260925-004,MEV-000180849,PAT-0001778,ADM-00051752,MED002,2026-10-03 13:12:27,16,18.0,288.0
BATCH-20260925-004,MEV-000180850,PAT-0001778,ADM-00051752,MED002,2026-09-27 13:09:09,9,18.0,162.0
BATCH-20260925-004,MEV-000180851,PAT-0001778,ADM-00051752,MED004,2026-09-26 16:30:03,17,10.0,170.0
BATCH-20260925-004,MEV-000180852,PAT-0022806,ADM-00051753,MED008,2026-09-28 13:09:40,14,5.0,70.0
BATCH-20260925-004,MEV-000180853,PAT-0022806,ADM-00051753,MED001,2026-09-29 16:58:41,7,8.0,56.0
BATCH-20260925-004,MEV-000180854,PAT-0003943,ADM-00051754,MED002,2026-09-27 15:01:47,3,18.0,54.0
BATCH-20260925-004,MEV-000180855,PAT-0001861,ADM-00051755,MED004,2026-09-26 02:00:07,13,10.0,130.0
BATCH-20260925-004,MEV-000180856,PAT-0001861,ADM-00051755,MED003,2026-09-28 10:33:53,7,12.0,84.0
BATCH-20260925-004,MEV-000180857,PAT-0001861,ADM-00051755,MED005,2026-09-29 05:31:12,15,15.0,225.0
BATCH-20260925-004,MEV-000180858,PAT-0001861,ADM-00051755,MED006,2026-09-30 03:15:02,15,9.0,135.0
BATCH-20260925-004,MEV-000180859,PAT-0001861,ADM-00051755,MED005,2026-09-29 08:43:00,4,15.0,60.0
BATCH-20260925-004,MEV-000180860,PAT-0003967,ADM-00051756,MED005,2026-09-26 07:17:13,2,15.0,30.0
BATCH-20260925-004,MEV-000180861,PAT-0003967,ADM-00051756,MED007,2026-09-26 13:51:50,10,25.0,250.0
BATCH-20260925-004,MEV-000180862,PAT-0010750,ADM-00051757,MED004,2026-10-01 00:26:03,11,10.0,110.0
BATCH-20260925-004,MEV-000180863,PAT-0010750,ADM-00051757,MED002,2026-09-26 18:40:14,6,18.0,108.0
BATCH-20260925-004,MEV-000180864,PAT-0010750,ADM-00051757,MED006,2026-09-26 14:02:26,12,9.0,108.0
BATCH-20260925-004,MEV-000180865,PAT-0010750,ADM-00051757,MED001,2026-09-29 06:55:43,5,8.0,40.0
BATCH-20260925-004,MEV-000180866,PAT-0010750,ADM-00051757,MED003,2026-09-26 10:43:48,15,12.0,180.0
BATCH-20260925-004,MEV-000180867,PAT-0017278,ADM-00051758,MED002,2026-10-04 05:52:07,5,18.0,90.0
BATCH-20260925-004,MEV-000180868,PAT-0017278,ADM-00051758,MED002,2026-10-01 23:54:34,3,18.0,54.0
BATCH-20260925-004,MEV-000180869,PAT-0008134,ADM-00051759,MED004,2026-09-26 21:38:42,18,10.0,180.0
BATCH-20260925-004,MEV-000180870,PAT-0008134,ADM-00051759,MED005,2026-09-25 21:55:55,9,15.0,135.0
BATCH-20260925-004,MEV-000180871,PAT-0008134,ADM-00051759,MED007,2026-09-27 14:45:00,20,25.0,500.0
BATCH-20260925-004,MEV-000180872,PAT-0005758,ADM-00051760,MED004,2026-09-26 21:11:55,6,10.0,60.0
BATCH-20260925-004,MEV-000180873,PAT-0005758,ADM-00051760,MED001,2026-09-29 21:25:36,12,8.0,96.0
BATCH-20260925-004,MEV-000180874,PAT-0005758,ADM-00051760,MED005,2026-09-26 01:49:36,10,15.0,150.0
BATCH-20260925-004,MEV-000180875,PAT-0005758,ADM-00051760,MED002,2026-09-26 20:44:26,14,18.0,252.0
BATCH-20260925-004,MEV-000180876,PAT-0005758,ADM-00051760,MED005,2026-09-29 07:23:10,18,15.0,270.0
BATCH-20260925-004,MEV-000180877,PAT-0002487,ADM-00051761,MED008,2026-09-29 10:13:56,4,5.0,20.0
BATCH-20260925-004,MEV-000180878,PAT-0023883,ADM-00051762,MED003,2026-09-27 21:14:04,18,12.0,216.0
BATCH-20260925-004,MEV-000180879,PAT-0023883,ADM-00051762,MED007,2026-09-28 02:00:31,14,25.0,350.0
BATCH-20260925-004,MEV-000180880,PAT-0003330,ADM-00051763,MED008,2026-09-29 02:47:45,20,5.0,100.0
BATCH-20260925-004,MEV-000180881,PAT-0003330,ADM-00051763,MED003,2026-09-26 23:45:52,6,12.0,72.0
BATCH-20260925-004,MEV-000180882,PAT-0003330,ADM-00051763,MED001,2026-10-01 16:33:29,10,8.0,80.0
BATCH-20260925-004,MEV-000180883,PAT-0003330,ADM-00051763,MED002,2026-09-30 04:09:31,12,18.0,216.0
BATCH-20260925-004,MEV-000180884,PAT-0003330,ADM-00051763,MED008,2026-10-01 17:49:16,9,5.0,45.0
BATCH-20260925-004,MEV-000180885,PAT-0003330,ADM-00051763,MED004,2026-09-29 22:36:52,13,10.0,130.0
BATCH-20260925-004,MEV-000180886,PAT-0005769,ADM-00051764,MED004,2026-09-25 19:42:32,7,10.0,70.0
BATCH-20260925-004,MEV-000180887,PAT-0004288,ADM-00051765,MED004,2026-09-26 19:52:15,12,10.0,120.0
BATCH-20260925-004,MEV-000180888,PAT-0004288,ADM-00051765,MED008,2026-09-29 19:40:50,14,5.0,70.0
BATCH-20260925-004,MEV-000180889,PAT-0004288,ADM-00051765,MED004,2026-09-27 08:45:42,17,10.0,170.0
BATCH-20260925-004,MEV-000180890,PAT-0004288,ADM-00051765,MED008,2026-09-26 09:28:35,15,5.0,75.0
BATCH-20260925-004,MEV-000180891,PAT-0004288,ADM-00051765,MED006,2026-09-27 12:11:22,11,9.0,99.0
BATCH-20260925-004,MEV-000180892,PAT-0004288,ADM-00051765,MED002,2026-09-27 14:28:39,19,18.0,342.0
BATCH-20260925-004,MEV-000180893,PAT-0008805,ADM-00051766,MED006,2026-09-26 06:37:05,9,9.0,81.0
BATCH-20260925-004,MEV-000180894,PAT-0008805,ADM-00051766,MED006,2026-09-27 19:42:59,16,9.0,144.0
BATCH-20260925-004,MEV-000180895,PAT-0008805,ADM-00051766,MED007,2026-09-27 21:18:58,1,25.0,25.0
BATCH-20260925-004,MEV-000180896,PAT-0008805,ADM-00051766,MED003,2026-09-27 04:23:18,7,12.0,84.0
BATCH-20260925-004,MEV-000180897,PAT-0008805,ADM-00051766,MED008,2026-09-27 17:50:26,4,5.0,20.0
BATCH-20260925-004,MEV-000180898,PAT-0008805,ADM-00051766,MED002,2026-09-26 20:38:38,9,18.0,162.0
BATCH-20260925-004,MEV-000180899,PAT-0023441,ADM-00051767,MED004,2026-09-25 23:10:43,8,10.0,80.0
BATCH-20260925-004,MEV-000180900,PAT-0002131,ADM-00051768,MED008,2026-09-30 10:41:08,9,5.0,45.0
BATCH-20260925-004,MEV-000180901,PAT-0002131,ADM-00051768,MED001,2026-10-02 10:24:26,16,8.0,128.0
BATCH-20260925-004,MEV-000180902,PAT-0002131,ADM-00051768,MED003,2026-09-27 21:04:26,9,12.0,108.0
BATCH-20260925-004,MEV-000180903,PAT-0002131,ADM-00051768,MED008,2026-10-01 09:04:03,7,5.0,35.0
BATCH-20260925-004,MEV-000180904,PAT-0002131,ADM-00051768,MED004,2026-09-28 06:23:53,1,10.0,10.0
BATCH-20260925-004,MEV-000180905,PAT-0013318,ADM-00051769,MED004,2026-09-27 22:55:21,16,10.0,160.0
BATCH-20260925-004,MEV-000180906,PAT-0013318,ADM-00051769,MED008,2026-09-29 12:32:34,7,5.0,35.0
BATCH-20260925-004,MEV-000180907,PAT-0013318,ADM-00051769,MED002,2026-09-27 07:47:29,10,18.0,180.0
BATCH-20260925-004,MEV-000180908,PAT-0013318,ADM-00051769,MED007,2026-09-26 06:47:08,2,25.0,50.0
BATCH-20260925-004,MEV-000180909,PAT-0013318,ADM-00051769,MED004,2026-09-26 20:09:04,19,10.0,190.0
BATCH-20260925-004,MEV-000180910,PAT-0013318,ADM-00051769,MED006,2026-09-29 14:45:03,5,9.0,45.0
BATCH-20260925-004,MEV-000180911,PAT-0002967,ADM-00051770,MED001,2026-09-26 13:06:40,16,8.0,128.0
BATCH-20260925-004,MEV-000180912,PAT-0002967,ADM-00051770,MED003,2026-09-26 10:22:13,17,12.0,204.0
BATCH-20260925-004,MEV-000180913,PAT-0020334,ADM-00051771,MED006,2026-09-28 18:46:49,15,9.0,135.0
BATCH-20260925-004,MEV-000180914,PAT-0020334,ADM-00051771,MED005,2026-09-30 04:26:23,4,15.0,60.0
BATCH-20260925-004,MEV-000180915,PAT-0020334,ADM-00051771,MED003,2026-10-01 03:07:02,2,12.0,24.0
BATCH-20260925-004,MEV-000180916,PAT-0020334,ADM-00051771,MED008,2026-10-01 01:35:58,17,5.0,85.0
BATCH-20260925-004,MEV-000180917,PAT-0020334,ADM-00051771,MED002,2026-09-28 10:48:58,15,18.0,270.0
BATCH-20260925-004,MEV-000180918,PAT-0010810,ADM-00051772,MED007,2026-09-30 14:18:17,19,25.0,475.0
BATCH-20260925-004,MEV-000180919,PAT-0010810,ADM-00051772,MED008,2026-09-29 18:29:12,9,5.0,45.0
BATCH-20260925-004,MEV-000180920,PAT-0010810,ADM-00051772,MED004,2026-09-28 03:54:20,19,10.0,190.0
BATCH-20260925-004,MEV-000180921,PAT-0010810,ADM-00051772,MED005,2026-09-30 20:32:33,17,15.0,255.0
BATCH-20260925-004,MEV-000180922,PAT-0010810,ADM-00051772,MED007,2026-09-26 11:44:41,6,25.0,150.0
BATCH-20260925-004,MEV-000180923,PAT-0020313,ADM-00051773,MED008,2026-09-29 10:53:38,11,5.0,55.0
BATCH-20260925-004,MEV-000180924,PAT-0020313,ADM-00051773,MED004,2026-09-26 10:53:16,6,10.0,60.0
BATCH-20260925-004,MEV-000180925,PAT-0020313,ADM-00051773,MED007,2026-09-29 02:08:30,13,25.0,325.0
BATCH-20260925-004,MEV-000180926,PAT-0006186,ADM-00051774,MED003,2026-09-26 05:47:18,3,12.0,36.0
BATCH-20260925-004,MEV-000180927,PAT-0006186,ADM-00051774,MED006,2026-09-26 12:44:03,9,9.0,81.0
BATCH-20260925-004,MEV-000180928,PAT-0006186,ADM-00051774,MED007,2026-09-26 11:09:41,1,25.0,25.0
BATCH-20260925-004,MEV-000180929,PAT-0006186,ADM-00051774,MED002,2026-09-26 00:39:04,14,18.0,252.0
BATCH-20260925-004,MEV-000180930,PAT-0006186,ADM-00051774,MED005,2026-09-27 07:03:29,15,15.0,225.0
BATCH-20260925-004,MEV-000180931,PAT-0006186,ADM-00051774,MED008,2026-09-27 04:14:20,6,5.0,30.0
BATCH-20260925-004,MEV-000180932,PAT-0012930,ADM-00051775,MED008,2026-09-27 20:18:46,19,5.0,95.0
BATCH-20260925-004,MEV-000180933,PAT-0012930,ADM-00051775,MED006,2026-10-01 17:50:25,17,9.0,153.0
BATCH-20260925-004,MEV-000180934,PAT-0012930,ADM-00051775,MED008,2026-09-26 02:32:33,11,5.0,55.0
BATCH-20260925-004,MEV-000180935,PAT-0025409,ADM-00051776,MED006,2026-09-26 18:53:30,12,9.0,108.0
BATCH-20260925-004,MEV-000180936,PAT-0025409,ADM-00051776,MED004,2026-09-26 07:11:43,8,10.0,80.0
BATCH-20260925-004,MEV-000180937,PAT-0025409,ADM-00051776,MED008,2026-09-27 02:27:19,17,5.0,85.0
BATCH-20260925-004,MEV-000180938,PAT-0025409,ADM-00051776,MED006,2026-09-26 19:43:28,8,9.0,72.0
BATCH-20260925-004,MEV-000180939,PAT-0025409,ADM-00051776,MED001,2026-09-26 00:14:57,20,8.0,160.0
BATCH-20260925-004,MEV-000180940,PAT-0025409,ADM-00051776,MED008,2026-09-26 13:36:32,7,5.0,35.0
BATCH-20260925-004,MEV-000180941,PAT-0005005,ADM-00051777,MED005,2026-09-25 21:02:35,2,15.0,30.0
BATCH-20260925-004,MEV-000180942,PAT-0001262,ADM-00051778,MED001,2026-10-07 08:21:54,3,8.0,24.0
BATCH-20260925-004,MEV-000180943,PAT-0001262,ADM-00051778,MED007,2026-09-29 17:05:37,10,25.0,250.0
BATCH-20260925-004,MEV-000180944,PAT-0001262,ADM-00051778,MED008,2026-10-05 01:36:03,3,5.0,15.0
BATCH-20260925-004,MEV-000180945,PAT-0001262,ADM-00051778,MED001,2026-09-27 03:49:16,11,8.0,88.0
BATCH-20260925-004,MEV-000180946,PAT-0005225,ADM-00051779,MED003,2026-09-27 19:01:17,20,12.0,240.0
BATCH-20260925-004,MEV-000180947,PAT-0005225,ADM-00051779,MED008,2026-09-26 13:37:32,19,5.0,95.0
BATCH-20260925-004,MEV-000180948,PAT-0005225,ADM-00051779,MED003,2026-09-27 06:15:11,19,12.0,228.0
BATCH-20260925-004,MEV-000180949,PAT-0005225,ADM-00051779,MED007,2026-09-29 04:46:24,17,25.0,425.0
BATCH-20260925-004,MEV-000180950,PAT-0005225,ADM-00051779,MED006,2026-09-27 12:35:17,3,9.0,27.0
BATCH-20260925-004,MEV-000180951,PAT-0005896,ADM-00051780,MED004,2026-09-28 10:39:19,3,10.0,30.0
BATCH-20260925-004,MEV-000180952,PAT-0005896,ADM-00051780,MED005,2026-09-27 13:31:35,15,15.0,225.0
BATCH-20260925-004,MEV-000180953,PAT-0013034,ADM-00051781,MED002,2026-09-26 14:55:33,4,18.0,72.0
BATCH-20260925-004,MEV-000180954,PAT-0013034,ADM-00051781,MED007,2026-09-25 15:05:31,20,25.0,500.0
BATCH-20260925-004,MEV-000180955,PAT-0006906,ADM-00051782,MED005,2026-10-01 16:16:20,13,15.0,195.0
BATCH-20260925-004,MEV-000180956,PAT-0006906,ADM-00051782,MED004,2026-09-30 06:57:16,14,10.0,140.0
BATCH-20260925-004,MEV-000180957,PAT-0013159,ADM-00051783,MED008,2026-09-28 06:11:38,10,5.0,50.0
BATCH-20260925-004,MEV-000180958,PAT-0013159,ADM-00051783,MED002,2026-09-28 16:08:56,1,18.0,18.0
BATCH-20260925-004,MEV-000180959,PAT-0013159,ADM-00051783,MED007,2026-09-25 22:40:37,2,25.0,50.0
BATCH-20260925-004,MEV-000180960,PAT-0011682,ADM-00051784,MED007,2026-10-02 06:50:10,10,25.0,250.0
BATCH-20260925-004,MEV-000180961,PAT-0011682,ADM-00051784,MED005,2026-10-01 15:37:03,1,15.0,15.0
BATCH-20260925-004,MEV-000180962,PAT-0011682,ADM-00051784,MED007,2026-09-29 22:38:23,18,25.0,450.0
BATCH-20260925-004,MEV-000180963,PAT-0011682,ADM-00051784,MED006,2026-10-01 14:19:56,9,9.0,81.0
BATCH-20260925-004,MEV-000180964,PAT-0011682,ADM-00051784,MED008,2026-10-01 14:08:12,14,5.0,70.0
BATCH-20260925-004,MEV-000180965,PAT-0006274,ADM-00051785,MED007,2026-10-05 03:21:43,4,25.0,100.0
BATCH-20260925-004,MEV-000180966,PAT-0006414,ADM-00051786,MED004,2026-10-05 17:29:42,5,10.0,50.0
BATCH-20260925-004,MEV-000180967,PAT-0006414,ADM-00051786,MED008,2026-10-08 00:41:08,3,5.0,15.0
BATCH-20260925-004,MEV-000180968,PAT-0006414,ADM-00051786,MED001,2026-10-03 18:58:45,10,8.0,80.0
BATCH-20260925-004,MEV-000180969,PAT-0006414,ADM-00051786,MED006,2026-10-04 00:46:50,3,9.0,27.0
BATCH-20260925-004,MEV-000180970,PAT-0006414,ADM-00051786,MED005,2026-10-06 07:32:56,9,15.0,135.0
BATCH-20260925-004,MEV-000180971,PAT-0006414,ADM-00051786,MED008,2026-09-26 00:37:21,19,5.0,95.0
BATCH-20260925-004,MEV-000180972,PAT-0018513,ADM-00051787,MED006,2026-09-26 06:46:43,9,9.0,81.0
BATCH-20260925-004,MEV-000180973,PAT-0018513,ADM-00051787,MED002,2026-09-28 06:17:37,10,18.0,180.0
BATCH-20260925-004,MEV-000180974,PAT-0024856,ADM-00051788,MED004,2026-09-30 04:52:17,16,10.0,160.0
BATCH-20260925-004,MEV-000180975,PAT-0024856,ADM-00051788,MED004,2026-09-30 10:06:08,16,10.0,160.0
BATCH-20260925-004,MEV-000180976,PAT-0024856,ADM-00051788,MED004,2026-10-02 06:21:18,10,10.0,100.0
BATCH-20260925-004,MEV-000180977,PAT-0024856,ADM-00051788,MED008,2026-10-02 22:40:52,15,5.0,75.0
BATCH-20260925-004,MEV-000180978,PAT-0022494,ADM-00051789,MED007,2026-09-27 11:54:20,1,25.0,25.0
BATCH-20260925-004,MEV-000180979,PAT-0022494,ADM-00051789,MED001,2026-09-28 00:44:04,6,8.0,48.0
BATCH-20260925-004,MEV-000180980,PAT-0022494,ADM-00051789,MED001,2026-09-25 12:49:54,19,8.0,152.0
BATCH-20260925-004,MEV-000180981,PAT-0022494,ADM-00051789,MED002,2026-09-26 13:12:35,7,18.0,126.0
BATCH-20260925-004,MEV-000180982,PAT-0017716,ADM-00051790,MED001,2026-09-28 02:55:50,12,8.0,96.0
BATCH-20260925-004,MEV-000180983,PAT-0017716,ADM-00051790,MED008,2026-09-27 10:12:31,6,5.0,30.0
BATCH-20260925-004,MEV-000180984,PAT-0017716,ADM-00051790,MED004,2026-09-25 19:10:55,15,10.0,150.0
BATCH-20260925-004,MEV-000180985,PAT-0017716,ADM-00051790,MED002,2026-09-27 15:42:08,2,18.0,36.0
BATCH-20260925-004,MEV-000180986,PAT-0023069,ADM-00051791,MED002,2026-09-25 22:25:05,9,18.0,162.0
BATCH-20260925-004,MEV-000180987,PAT-0023069,ADM-00051791,MED007,2026-09-25 10:56:01,1,25.0,25.0
BATCH-20260925-004,MEV-000180988,PAT-0023069,ADM-00051791,MED006,2026-09-29 03:44:25,18,9.0,162.0
BATCH-20260925-004,MEV-000180989,PAT-0023069,ADM-00051791,MED002,2026-09-29 02:47:13,4,18.0,72.0
BATCH-20260925-004,MEV-000180990,PAT-0023069,ADM-00051791,MED007,2026-09-29 13:48:49,10,25.0,250.0
BATCH-20260925-004,MEV-000180991,PAT-0023069,ADM-00051791,MED003,2026-09-28 19:12:29,19,12.0,228.0
BATCH-20260925-004,MEV-000180992,PAT-0018456,ADM-00051792,MED001,2026-09-28 17:50:01,3,8.0,24.0
BATCH-20260925-004,MEV-000180993,PAT-0024366,ADM-00051793,MED008,2026-09-27 08:19:11,18,5.0,90.0
BATCH-20260925-004,MEV-000180994,PAT-0024366,ADM-00051793,MED004,2026-09-27 06:11:50,14,10.0,140.0
BATCH-20260925-004,MEV-000180995,PAT-0024366,ADM-00051793,MED001,2026-09-27 00:06:05,13,8.0,104.0
BATCH-20260925-004,MEV-000180996,PAT-0024366,ADM-00051793,MED004,2026-09-25 17:36:27,1,10.0,10.0
BATCH-20260925-004,MEV-000180997,PAT-0024366,ADM-00051793,MED007,2026-09-26 00:35:23,19,25.0,475.0
BATCH-20260925-004,MEV-000180998,PAT-0024366,ADM-00051793,MED002,2026-09-26 21:32:37,10,18.0,180.0
BATCH-20260925-004,MEV-000180999,PAT-0005215,ADM-00051794,MED006,2026-09-26 03:11:36,9,9.0,81.0
BATCH-20260925-004,MEV-000181000,PAT-0005215,ADM-00051794,MED002,2026-09-28 16:12:43,12,18.0,216.0
BATCH-20260925-004,MEV-000181001,PAT-0005215,ADM-00051794,MED001,2026-09-28 19:03:12,7,8.0,56.0
BATCH-20260925-004,MEV-000181002,PAT-0005215,ADM-00051794,MED006,2026-09-28 18:20:04,19,9.0,171.0
BATCH-20260925-004,MEV-000181003,PAT-0005215,ADM-00051794,MED007,2026-09-25 15:45:08,20,25.0,500.0
BATCH-20260925-004,MEV-000181004,PAT-0012500,ADM-00051795,MED005,2026-09-30 13:04:53,18,15.0,270.0
BATCH-20260925-004,MEV-000181005,PAT-0012500,ADM-00051795,MED008,2026-09-30 18:57:36,7,5.0,35.0
BATCH-20260925-004,MEV-000181006,PAT-0012500,ADM-00051795,MED006,2026-09-30 04:19:26,8,9.0,72.0
BATCH-20260925-004,MEV-000181007,PAT-0014691,ADM-00051796,MED008,2026-09-27 14:59:18,19,5.0,95.0
BATCH-20260925-004,MEV-000181008,PAT-0014691,ADM-00051796,MED005,2026-09-30 10:48:09,20,15.0,300.0
BATCH-20260925-004,MEV-000181009,PAT-0014691,ADM-00051796,MED007,2026-09-30 03:53:24,2,25.0,50.0
BATCH-20260925-004,MEV-000181010,PAT-0014691,ADM-00051796,MED006,2026-09-26 12:41:41,17,9.0,153.0
BATCH-20260925-004,MEV-000181011,PAT-0023002,ADM-00051797,MED006,2026-09-26 11:55:26,16,9.0,144.0
BATCH-20260925-004,MEV-000181012,PAT-0023002,ADM-00051797,MED001,2026-09-28 15:07:55,3,8.0,24.0
BATCH-20260925-004,MEV-000181013,PAT-0023002,ADM-00051797,MED005,2026-09-26 18:33:34,16,15.0,240.0
BATCH-20260925-004,MEV-000181014,PAT-0023002,ADM-00051797,MED004,2026-09-28 09:59:13,15,10.0,150.0
BATCH-20260925-004,MEV-000181015,PAT-0023002,ADM-00051797,MED002,2026-09-25 16:19:42,9,18.0,162.0
BATCH-20260925-004,MEV-000181016,PAT-0023002,ADM-00051797,MED005,2026-09-27 07:58:54,17,15.0,255.0
BATCH-20260925-004,MEV-000181017,PAT-0003888,ADM-00051798,MED004,2026-09-25 21:33:48,19,10.0,190.0
BATCH-20260925-004,MEV-000181018,PAT-0003905,ADM-00051799,MED008,2026-09-27 18:44:12,6,5.0,30.0
BATCH-20260925-004,MEV-000181019,PAT-0003905,ADM-00051799,MED002,2026-09-27 14:46:04,7,18.0,126.0
BATCH-20260925-004,MEV-000181020,PAT-0003905,ADM-00051799,MED006,2026-09-27 07:56:44,16,9.0,144.0
BATCH-20260925-004,MEV-000181021,PAT-0003905,ADM-00051799,MED001,2026-09-30 16:11:51,2,8.0,16.0
BATCH-20260925-004,MEV-000181022,PAT-0003905,ADM-00051799,MED006,2026-09-30 00:33:10,20,9.0,180.0
BATCH-20260925-004,MEV-000181023,PAT-0003905,ADM-00051799,MED003,2026-09-30 06:29:02,7,12.0,84.0
BATCH-20260925-004,MEV-000181024,PAT-0000575,ADM-00051800,MED002,2026-09-28 16:34:18,13,18.0,234.0
BATCH-20260925-004,MEV-000181025,PAT-0000575,ADM-00051800,MED004,2026-09-27 14:54:42,14,10.0,140.0
BATCH-20260925-004,MEV-000181026,PAT-0000575,ADM-00051800,MED004,2026-09-26 06:03:08,4,10.0,40.0
BATCH-20260925-004,MEV-000181027,PAT-0000575,ADM-00051800,MED002,2026-09-26 04:17:13,7,18.0,126.0
BATCH-20260925-004,MEV-000181028,PAT-0020606,ADM-00051801,MED004,2026-09-25 16:34:03,7,10.0,70.0
BATCH-20260925-004,MEV-000181029,PAT-0020606,ADM-00051801,MED004,2026-09-28 12:42:08,5,10.0,50.0
BATCH-20260925-004,MEV-000181030,PAT-0020606,ADM-00051801,MED002,2026-09-28 20:21:11,7,18.0,126.0
BATCH-20260925-004,MEV-000181031,PAT-0003033,ADM-00051802,MED008,2026-09-26 13:29:18,15,5.0,75.0
BATCH-20260925-004,MEV-000181032,PAT-0003033,ADM-00051802,MED005,2026-09-29 20:31:51,8,15.0,120.0
BATCH-20260925-004,MEV-000181033,PAT-0003033,ADM-00051802,MED006,2026-09-29 11:03:02,18,9.0,162.0
BATCH-20260925-004,MEV-000181034,PAT-0003033,ADM-00051802,MED008,2026-09-26 17:10:34,2,5.0,10.0
BATCH-20260925-004,MEV-000181035,PAT-0013471,ADM-00051803,MED006,2026-09-28 11:40:20,13,9.0,117.0
BATCH-20260925-004,MEV-000181036,PAT-0013471,ADM-00051803,MED007,2026-09-28 17:23:34,3,25.0,75.0
BATCH-20260925-004,MEV-000181037,PAT-0013471,ADM-00051803,MED006,2026-09-30 15:19:57,4,9.0,36.0
BATCH-20260925-004,MEV-000181038,PAT-0013471,ADM-00051803,MED006,2026-09-26 16:04:48,6,9.0,54.0
BATCH-20260925-004,MEV-000181039,PAT-0000185,ADM-00051804,MED002,2026-09-25 13:02:07,5,18.0,90.0
BATCH-20260925-004,MEV-000181040,PAT-0000185,ADM-00051804,MED006,2026-09-25 06:17:23,8,9.0,72.0
BATCH-20260925-004,MEV-000181041,PAT-0000727,ADM-00051805,MED004,2026-10-02 10:28:12,9,10.0,90.0
BATCH-20260925-004,MEV-000181042,PAT-0000260,ADM-00051806,MED004,2026-09-27 01:57:00,7,10.0,70.0
BATCH-20260925-004,MEV-000181043,PAT-0000260,ADM-00051806,MED008,2026-09-27 10:20:39,13,5.0,65.0
BATCH-20260925-004,MEV-000181044,PAT-0000260,ADM-00051806,MED008,2026-09-27 01:15:38,12,5.0,60.0
BATCH-20260925-004,MEV-000181045,PAT-0000955,ADM-00051807,MED003,2026-09-27 11:45:35,8,12.0,96.0
BATCH-20260925-004,MEV-000181046,PAT-0000955,ADM-00051807,MED001,2026-09-26 00:07:05,13,8.0,104.0
BATCH-20260925-004,MEV-000181047,PAT-0000955,ADM-00051807,MED007,2026-09-25 16:28:17,17,25.0,425.0
BATCH-20260925-004,MEV-000181048,PAT-0000955,ADM-00051807,MED004,2026-09-27 14:31:06,10,10.0,100.0
BATCH-20260925-004,MEV-000181049,PAT-0009060,ADM-00051808,MED003,2026-10-01 11:09:14,11,12.0,132.0
BATCH-20260925-004,MEV-000181050,PAT-0009060,ADM-00051808,MED002,2026-09-29 20:35:15,20,18.0,360.0
BATCH-20260925-004,MEV-000181051,PAT-0009060,ADM-00051808,MED001,2026-09-26 21:48:19,15,8.0,120.0
BATCH-20260925-004,MEV-000181052,PAT-0009060,ADM-00051808,MED007,2026-09-30 23:51:28,16,25.0,400.0
BATCH-20260925-004,MEV-000181053,PAT-0009060,ADM-00051808,MED005,2026-10-06 23:17:04,19,15.0,285.0
BATCH-20260925-004,MEV-000181054,PAT-0009060,ADM-00051808,MED005,2026-09-29 14:44:55,11,15.0,165.0
BATCH-20260925-004,MEV-000181055,PAT-0004318,ADM-00051809,MED002,2026-09-27 22:20:14,10,18.0,180.0
BATCH-20260925-004,MEV-000181056,PAT-0004318,ADM-00051809,MED003,2026-09-25 20:58:45,18,12.0,216.0
BATCH-20260925-004,MEV-000181057,PAT-0004318,ADM-00051809,MED003,2026-09-27 05:08:00,5,12.0,60.0
BATCH-20260925-004,MEV-000181058,PAT-0004318,ADM-00051809,MED001,2026-09-27 10:54:00,14,8.0,112.0
BATCH-20260925-004,MEV-000181059,PAT-0004318,ADM-00051809,MED008,2026-09-26 08:07:19,4,5.0,20.0
BATCH-20260925-004,MEV-000181060,PAT-0012508,ADM-00051810,MED007,2026-09-27 04:23:01,8,25.0,200.0
BATCH-20260925-004,MEV-000181061,PAT-0012508,ADM-00051810,MED006,2026-09-28 07:46:58,16,9.0,144.0
BATCH-20260925-004,MEV-000181062,PAT-0012508,ADM-00051810,MED004,2026-09-30 19:43:12,4,10.0,40.0
BATCH-20260925-004,MEV-000181063,PAT-0012508,ADM-00051810,MED007,2026-09-29 18:22:29,10,25.0,250.0
BATCH-20260925-004,MEV-000181064,PAT-0003053,ADM-00051811,MED004,2026-09-25 15:06:56,15,10.0,150.0
BATCH-20260925-004,MEV-000181065,PAT-0003053,ADM-00051811,MED001,2026-09-25 13:35:25,15,8.0,120.0
BATCH-20260925-004,MEV-000181066,PAT-0003053,ADM-00051811,MED006,2026-09-25 21:01:47,19,9.0,171.0
BATCH-20260925-004,MEV-000181067,PAT-0003053,ADM-00051811,MED001,2026-09-25 05:01:06,20,8.0,160.0
BATCH-20260925-004,MEV-000181068,PAT-0003053,ADM-00051811,MED002,2026-09-26 00:04:59,14,18.0,252.0
BATCH-20260925-004,MEV-000181069,PAT-0003053,ADM-00051811,MED005,2026-09-26 00:36:16,20,15.0,300.0
BATCH-20260925-004,MEV-000181070,PAT-0009518,ADM-00051812,MED005,2026-09-27 14:36:02,20,15.0,300.0
BATCH-20260925-004,MEV-000181071,PAT-0009518,ADM-00051812,MED002,2026-09-27 00:55:48,2,18.0,36.0
BATCH-20260925-004,MEV-000181072,PAT-0009518,ADM-00051812,MED001,2026-10-04 02:28:00,9,8.0,72.0
BATCH-20260925-004,MEV-000181073,PAT-0009518,ADM-00051812,MED008,2026-09-26 19:48:24,3,5.0,15.0
BATCH-20260925-004,MEV-000181074,PAT-0009518,ADM-00051812,MED004,2026-09-28 21:59:38,4,10.0,40.0
BATCH-20260925-004,MEV-000181075,PAT-0009518,ADM-00051812,MED005,2026-10-04 06:44:53,9,15.0,135.0
BATCH-20260925-004,MEV-000181076,PAT-0021320,ADM-00051813,MED004,2026-09-26 19:30:12,1,10.0,10.0
BATCH-20260925-004,MEV-000181077,PAT-0002378,ADM-00051814,MED005,2026-09-26 19:27:23,18,15.0,270.0
BATCH-20260925-004,MEV-000181078,PAT-0002378,ADM-00051814,MED006,2026-09-26 07:42:34,11,9.0,99.0
BATCH-20260925-004,MEV-000181079,PAT-0002378,ADM-00051814,MED007,2026-09-25 13:32:01,19,25.0,475.0
BATCH-20260925-004,MEV-000181080,PAT-0002378,ADM-00051814,MED002,2026-09-26 14:56:29,19,18.0,342.0
BATCH-20260925-004,MEV-000181081,PAT-0002378,ADM-00051814,MED006,2026-09-25 18:13:09,2,9.0,18.0
BATCH-20260925-004,MEV-000181082,PAT-0000159,ADM-00051815,MED001,2026-09-27 16:38:54,5,8.0,40.0
BATCH-20260925-004,MEV-000181083,PAT-0000159,ADM-00051815,MED008,2026-09-26 16:39:38,2,5.0,10.0
BATCH-20260925-004,MEV-000181084,PAT-0000159,ADM-00051815,MED003,2026-09-26 09:30:58,7,12.0,84.0
BATCH-20260925-004,MEV-000181085,PAT-0000159,ADM-00051815,MED008,2026-09-26 20:58:49,2,5.0,10.0
BATCH-20260925-004,MEV-000181086,PAT-0005136,ADM-00051816,MED007,2026-09-26 19:22:14,12,25.0,300.0
BATCH-20260925-004,MEV-000181087,PAT-0005136,ADM-00051816,MED001,2026-09-26 07:33:02,4,8.0,32.0
BATCH-20260925-004,MEV-000181088,PAT-0005136,ADM-00051816,MED005,2026-09-27 07:38:47,16,15.0,240.0
BATCH-20260925-004,MEV-000181089,PAT-0005136,ADM-00051816,MED002,2026-09-26 02:52:09,11,18.0,198.0
BATCH-20260925-004,MEV-000181090,PAT-0005136,ADM-00051816,MED002,2026-09-26 23:35:46,3,18.0,54.0
BATCH-20260925-004,MEV-000181091,PAT-0004530,ADM-00051817,MED004,2026-09-29 14:30:20,11,10.0,110.0
BATCH-20260925-004,MEV-000181092,PAT-0024295,ADM-00051818,MED008,2026-09-27 15:16:01,3,5.0,15.0
BATCH-20260925-004,MEV-000181093,PAT-0014022,ADM-00051819,MED007,2026-09-28 07:14:26,16,25.0,400.0
BATCH-20260925-004,MEV-000181094,PAT-0014022,ADM-00051819,MED004,2026-09-30 06:23:43,1,10.0,10.0
BATCH-20260925-004,MEV-000181095,PAT-0004213,ADM-00051820,MED008,2026-10-01 01:46:30,15,5.0,75.0
BATCH-20260925-004,MEV-000181096,PAT-0004213,ADM-00051820,MED001,2026-09-30 06:54:22,20,8.0,160.0
BATCH-20260925-004,MEV-000181097,PAT-0004213,ADM-00051820,MED007,2026-09-29 15:43:52,13,25.0,325.0
BATCH-20260925-004,MEV-000181098,PAT-0010748,ADM-00051821,MED008,2026-09-27 09:12:59,15,5.0,75.0
BATCH-20260925-004,MEV-000181099,PAT-0010748,ADM-00051821,MED006,2026-09-26 00:34:56,16,9.0,144.0
BATCH-20260925-004,MEV-000181100,PAT-0010748,ADM-00051821,MED004,2026-09-27 11:00:38,2,10.0,20.0
BATCH-20260925-004,MEV-000181101,PAT-0010748,ADM-00051821,MED007,2026-09-25 23:08:44,20,25.0,500.0
BATCH-20260925-004,MEV-000181102,PAT-0002166,ADM-00051822,MED004,2026-09-25 23:19:28,9,10.0,90.0
BATCH-20260925-004,MEV-000181103,PAT-0002166,ADM-00051822,MED004,2026-09-25 18:30:16,19,10.0,190.0
BATCH-20260925-004,MEV-000181104,PAT-0002166,ADM-00051822,MED003,2026-09-25 22:54:31,14,12.0,168.0
BATCH-20260925-004,MEV-000181105,PAT-0002166,ADM-00051822,MED001,2026-09-26 02:30:25,6,8.0,48.0
BATCH-20260925-004,MEV-000181106,PAT-0002166,ADM-00051822,MED008,2026-09-25 16:17:05,15,5.0,75.0
BATCH-20260925-004,MEV-000181107,PAT-0004104,ADM-00051823,MED004,2026-10-01 01:28:01,3,10.0,30.0
BATCH-20260925-004,MEV-000181108,PAT-0004104,ADM-00051823,MED003,2026-09-27 10:26:06,2,12.0,24.0
BATCH-20260925-004,MEV-000181109,PAT-0025431,ADM-00051824,MED006,2026-09-25 16:20:57,4,9.0,36.0
BATCH-20260925-004,MEV-000181110,PAT-0025431,ADM-00051824,MED005,2026-10-01 17:59:48,4,15.0,60.0
BATCH-20260925-004,MEV-000181111,PAT-0025431,ADM-00051824,MED008,2026-09-28 12:44:55,13,5.0,65.0
BATCH-20260925-004,MEV-000181112,PAT-0025431,ADM-00051824,MED004,2026-09-25 16:30:09,13,10.0,130.0
BATCH-20260925-004,MEV-000181113,PAT-0025431,ADM-00051824,MED005,2026-10-02 03:45:35,14,15.0,210.0
BATCH-20260925-004,MEV-000181114,PAT-0020384,ADM-00051825,MED007,2026-09-26 15:49:02,5,25.0,125.0
BATCH-20260925-004,MEV-000181115,PAT-0020384,ADM-00051825,MED006,2026-09-26 19:33:13,8,9.0,72.0
BATCH-20260925-004,MEV-000181116,PAT-0014324,ADM-00051826,MED005,2026-09-30 19:30:16,12,15.0,180.0
BATCH-20260925-004,MEV-000181117,PAT-0014324,ADM-00051826,MED008,2026-09-26 05:08:11,16,5.0,80.0
BATCH-20260925-004,MEV-000181118,PAT-0014324,ADM-00051826,MED002,2026-09-27 12:17:08,12,18.0,216.0
BATCH-20260925-004,MEV-000181119,PAT-0014324,ADM-00051826,MED004,2026-09-27 07:57:56,7,10.0,70.0
BATCH-20260925-004,MEV-000181120,PAT-0007177,ADM-00051827,MED001,2026-09-29 15:04:22,14,8.0,112.0
BATCH-20260925-004,MEV-000181121,PAT-0007177,ADM-00051827,MED001,2026-09-27 10:08:17,18,8.0,144.0
BATCH-20260925-004,MEV-000181122,PAT-0007177,ADM-00051827,MED002,2026-09-29 05:23:20,17,18.0,306.0
BATCH-20260925-004,MEV-000181123,PAT-0007177,ADM-00051827,MED008,2026-09-28 00:22:20,18,5.0,90.0
BATCH-20260925-004,MEV-000181124,PAT-0007177,ADM-00051827,MED008,2026-09-27 09:22:40,6,5.0,30.0
BATCH-20260925-004,MEV-000181125,PAT-0007177,ADM-00051827,MED002,2026-09-30 07:33:04,18,18.0,324.0
BATCH-20260925-004,MEV-000181126,PAT-0020869,ADM-00051828,MED006,2026-10-02 01:55:59,9,9.0,81.0
BATCH-20260925-004,MEV-000181127,PAT-0020869,ADM-00051828,MED004,2026-10-02 06:22:05,7,10.0,70.0
BATCH-20260925-004,MEV-000181128,PAT-0020869,ADM-00051828,MED003,2026-09-30 20:42:01,2,12.0,24.0
BATCH-20260925-004,MEV-000181129,PAT-0020869,ADM-00051828,MED001,2026-09-29 14:51:36,19,8.0,152.0
BATCH-20260925-004,MEV-000181130,PAT-0021062,ADM-00051829,MED002,2026-09-29 21:13:06,9,18.0,162.0
BATCH-20260925-004,MEV-000181131,PAT-0021062,ADM-00051829,MED002,2026-09-27 20:02:15,18,18.0,324.0
BATCH-20260925-004,MEV-000181132,PAT-0021062,ADM-00051829,MED007,2026-10-01 13:09:00,13,25.0,325.0
BATCH-20260925-004,MEV-000181133,PAT-0021062,ADM-00051829,MED003,2026-10-01 11:32:12,1,12.0,12.0
BATCH-20260925-004,MEV-000181134,PAT-0021062,ADM-00051829,MED001,2026-10-06 21:41:52,5,8.0,40.0
BATCH-20260925-004,MEV-000181135,PAT-0021062,ADM-00051829,MED005,2026-09-30 06:36:51,19,15.0,285.0
BATCH-20260925-004,MEV-000181136,PAT-0021981,ADM-00051830,MED008,2026-09-28 03:08:27,1,5.0,5.0
BATCH-20260925-004,MEV-000181137,PAT-0021981,ADM-00051830,MED006,2026-09-28 10:14:56,12,9.0,108.0
BATCH-20260925-004,MEV-000181138,PAT-0021981,ADM-00051830,MED003,2026-09-29 00:38:33,13,12.0,156.0
BATCH-20260925-004,MEV-000181139,PAT-0003346,ADM-00051831,MED007,2026-10-01 21:32:45,5,25.0,125.0
BATCH-20260925-004,MEV-000181140,PAT-0003346,ADM-00051831,MED002,2026-10-03 10:51:42,18,18.0,324.0
BATCH-20260925-004,MEV-000181141,PAT-0003346,ADM-00051831,MED001,2026-10-01 16:50:56,7,8.0,56.0
BATCH-20260925-004,MEV-000181142,PAT-0024237,ADM-00051832,MED007,2026-09-26 18:01:37,18,25.0,450.0
BATCH-20260925-004,MEV-000181143,PAT-0012746,ADM-00051833,MED005,2026-09-26 14:03:16,18,15.0,270.0
BATCH-20260925-004,MEV-000181144,PAT-0012746,ADM-00051833,MED005,2026-09-26 07:06:51,9,15.0,135.0
BATCH-20260925-004,MEV-000181145,PAT-0012746,ADM-00051833,MED001,2026-09-25 21:32:31,16,8.0,128.0
BATCH-20260925-004,MEV-000181146,PAT-0012746,ADM-00051833,MED007,2026-09-26 14:27:05,4,25.0,100.0
BATCH-20260925-004,MEV-000181147,PAT-0012746,ADM-00051833,MED002,2026-09-25 18:38:41,10,18.0,180.0
BATCH-20260925-004,MEV-000181148,PAT-0012746,ADM-00051833,MED002,2026-09-26 15:22:26,19,18.0,342.0
BATCH-20260925-004,MEV-000181149,PAT-0001818,ADM-00051834,MED008,2026-09-29 02:24:27,10,5.0,50.0
BATCH-20260925-004,MEV-000181150,PAT-0001818,ADM-00051834,MED001,2026-09-26 04:46:06,12,8.0,96.0
BATCH-20260925-004,MEV-000181151,PAT-0024749,ADM-00051835,MED004,2026-09-26 01:09:40,3,10.0,30.0
BATCH-20260925-004,MEV-000181152,PAT-0024749,ADM-00051835,MED007,2026-09-30 00:19:50,14,25.0,350.0
BATCH-20260925-004,MEV-000181153,PAT-0024749,ADM-00051835,MED004,2026-09-29 23:42:48,4,10.0,40.0
BATCH-20260925-004,MEV-000181154,PAT-0024749,ADM-00051835,MED002,2026-09-30 11:47:12,15,18.0,270.0
BATCH-20260925-004,MEV-000181155,PAT-0024749,ADM-00051835,MED003,2026-09-27 03:35:28,5,12.0,60.0
BATCH-20260925-004,MEV-000181156,PAT-0024749,ADM-00051835,MED002,2026-09-28 06:29:26,2,18.0,36.0
BATCH-20260925-004,MEV-000181157,PAT-0014339,ADM-00051836,MED002,2026-09-28 06:51:31,10,18.0,180.0
BATCH-20260925-004,MEV-000181158,PAT-0014339,ADM-00051836,MED008,2026-09-28 04:01:32,3,5.0,15.0
BATCH-20260925-004,MEV-000181159,PAT-0005988,ADM-00051837,MED001,2026-09-27 16:29:02,5,8.0,40.0
BATCH-20260925-004,MEV-000181160,PAT-0005988,ADM-00051837,MED008,2026-09-26 15:40:19,16,5.0,80.0
BATCH-20260925-004,MEV-000181161,PAT-0005988,ADM-00051837,MED007,2026-09-27 09:30:37,9,25.0,225.0
BATCH-20260925-004,MEV-000181162,PAT-0005988,ADM-00051837,MED003,2026-09-26 02:48:06,1,12.0,12.0
BATCH-20260925-004,MEV-000181163,PAT-0005988,ADM-00051837,MED001,2026-09-26 22:15:11,13,8.0,104.0
BATCH-20260925-004,MEV-000181164,PAT-0012834,ADM-00051838,MED007,2026-09-26 11:20:09,10,25.0,250.0
BATCH-20260925-004,MEV-000181165,PAT-0012834,ADM-00051838,MED002,2026-09-29 14:36:53,6,18.0,108.0
BATCH-20260925-004,MEV-000181166,PAT-0001232,ADM-00051839,MED006,2026-09-26 05:23:06,16,9.0,144.0
BATCH-20260925-004,MEV-000181167,PAT-0001232,ADM-00051839,MED006,2026-09-26 07:26:08,5,9.0,45.0
BATCH-20260925-004,MEV-000181168,PAT-0001232,ADM-00051839,MED004,2026-09-25 21:48:44,11,10.0,110.0
BATCH-20260925-004,MEV-000181169,PAT-0001232,ADM-00051839,MED001,2026-09-26 05:36:54,1,8.0,8.0
BATCH-20260925-004,MEV-000181170,PAT-0001232,ADM-00051839,MED006,2026-09-25 22:28:23,16,9.0,144.0
BATCH-20260925-004,MEV-000181171,PAT-0001232,ADM-00051839,MED005,2026-09-26 01:50:58,16,15.0,240.0
BATCH-20260925-004,MEV-000181172,PAT-0006062,ADM-00051840,MED004,2026-09-26 20:54:02,9,10.0,90.0
BATCH-20260925-004,MEV-000181173,PAT-0006062,ADM-00051840,MED004,2026-09-30 11:35:06,10,10.0,100.0
BATCH-20260925-004,MEV-000181174,PAT-0006062,ADM-00051840,MED007,2026-09-30 19:09:47,19,25.0,475.0
BATCH-20260925-004,MEV-000181175,PAT-0020635,ADM-00051841,MED004,2026-09-25 13:56:20,19,10.0,190.0
BATCH-20260925-004,MEV-000181176,PAT-0008994,ADM-00051842,MED003,2026-09-29 11:01:37,17,12.0,204.0
BATCH-20260925-004,MEV-000181177,PAT-0008994,ADM-00051842,MED003,2026-09-28 12:54:38,14,12.0,168.0
BATCH-20260925-004,MEV-000181178,PAT-0008994,ADM-00051842,MED003,2026-10-04 15:52:31,11,12.0,132.0
BATCH-20260925-004,MEV-000181179,PAT-0000469,ADM-00051843,MED005,2026-10-05 14:58:25,1,15.0,15.0
BATCH-20260925-004,MEV-000181180,PAT-0000469,ADM-00051843,MED004,2026-09-26 09:25:39,11,10.0,110.0
BATCH-20260925-004,MEV-000181181,PAT-0000469,ADM-00051843,MED005,2026-10-06 12:53:02,13,15.0,195.0
BATCH-20260925-004,MEV-000181182,PAT-0000469,ADM-00051843,MED007,2026-09-30 22:55:31,7,25.0,175.0
BATCH-20260925-004,MEV-000181183,PAT-0011779,ADM-00051844,MED003,2026-09-26 17:11:30,2,12.0,24.0
BATCH-20260925-004,MEV-000181184,PAT-0011779,ADM-00051844,MED004,2026-09-25 13:57:58,6,10.0,60.0
BATCH-20260925-004,MEV-000181185,PAT-0011779,ADM-00051844,MED004,2026-09-25 18:37:20,17,10.0,170.0
BATCH-20260925-004,MEV-000181186,PAT-0011779,ADM-00051844,MED006,2026-09-26 20:24:25,4,9.0,36.0
BATCH-20260925-004,MEV-000181187,PAT-0006952,ADM-00051845,MED007,2026-09-25 14:18:43,10,25.0,250.0
BATCH-20260925-004,MEV-000181188,PAT-0009562,ADM-00051846,MED003,2026-09-26 12:38:18,9,12.0,108.0
BATCH-20260925-004,MEV-000181189,PAT-0009562,ADM-00051846,MED007,2026-10-01 05:14:43,11,25.0,275.0
BATCH-20260925-004,MEV-000181190,PAT-0009562,ADM-00051846,MED003,2026-10-02 09:14:40,3,12.0,36.0
BATCH-20260925-004,MEV-000181191,PAT-0009562,ADM-00051846,MED008,2026-09-28 01:11:16,16,5.0,80.0
BATCH-20260925-004,MEV-000181192,PAT-0009562,ADM-00051846,MED006,2026-10-01 02:48:56,11,9.0,99.0
BATCH-20260925-004,MEV-000181193,PAT-0018136,ADM-00051847,MED007,2026-09-25 18:35:09,1,25.0,25.0
BATCH-20260925-004,MEV-000181194,PAT-0018136,ADM-00051847,MED007,2026-09-26 12:06:23,7,25.0,175.0
BATCH-20260925-004,MEV-000181195,PAT-0018136,ADM-00051847,MED004,2026-09-25 16:38:54,7,10.0,70.0
BATCH-20260925-004,MEV-000181196,PAT-0018417,ADM-00051848,MED007,2026-09-26 08:42:34,18,25.0,450.0
BATCH-20260925-004,MEV-000181197,PAT-0018417,ADM-00051848,MED006,2026-09-25 07:57:42,19,9.0,171.0
BATCH-20260925-004,MEV-000181198,PAT-0018417,ADM-00051848,MED003,2026-09-26 10:32:03,5,12.0,60.0
BATCH-20260925-004,MEV-000181199,PAT-0018417,ADM-00051848,MED007,2026-09-25 09:43:14,1,25.0,25.0
BATCH-20260925-004,MEV-000181200,PAT-0018417,ADM-00051848,MED004,2026-09-26 21:40:32,12,10.0,120.0
BATCH-20260925-004,MEV-000181201,PAT-0018417,ADM-00051848,MED005,2026-09-26 19:22:27,1,15.0,15.0
BATCH-20260925-004,MEV-000181202,PAT-0012227,ADM-00051849,MED007,2026-10-01 23:00:24,15,25.0,375.0
BATCH-20260925-004,MEV-000181203,PAT-0012227,ADM-00051849,MED004,2026-09-26 05:16:19,18,10.0,180.0
BATCH-20260925-004,MEV-000181204,PAT-0012227,ADM-00051849,MED008,2026-09-29 20:40:17,6,5.0,30.0
BATCH-20260925-004,MEV-000181205,PAT-0012227,ADM-00051849,MED004,2026-09-28 18:27:58,11,10.0,110.0
BATCH-20260925-004,MEV-000181206,PAT-0012227,ADM-00051849,MED002,2026-09-28 16:46:27,8,18.0,144.0
BATCH-20260925-004,MEV-000181207,PAT-0003914,ADM-00051850,MED005,2026-09-26 01:56:58,8,15.0,120.0
BATCH-20260925-004,MEV-000181208,PAT-0015409,ADM-00051851,MED006,2026-09-28 09:46:12,13,9.0,117.0
BATCH-20260925-004,MEV-000181209,PAT-0015409,ADM-00051851,MED002,2026-09-26 23:05:17,6,18.0,108.0
BATCH-20260925-004,MEV-000181210,PAT-0015409,ADM-00051851,MED004,2026-09-27 01:00:11,18,10.0,180.0
BATCH-20260925-004,MEV-000181211,PAT-0015409,ADM-00051851,MED007,2026-09-28 11:11:15,9,25.0,225.0
BATCH-20260925-004,MEV-000181212,PAT-0010021,ADM-00051852,MED003,2026-09-27 05:01:27,8,12.0,96.0
BATCH-20260925-004,MEV-000181213,PAT-0010021,ADM-00051852,MED003,2026-09-28 12:29:28,17,12.0,204.0
BATCH-20260925-004,MEV-000181214,PAT-0010021,ADM-00051852,MED002,2026-09-28 20:21:03,14,18.0,252.0
BATCH-20260925-004,MEV-000181215,PAT-0010021,ADM-00051852,MED008,2026-09-27 04:35:36,2,5.0,10.0
BATCH-20260925-004,MEV-000181216,PAT-0002826,ADM-00051853,MED007,2026-10-01 04:09:18,2,25.0,50.0
BATCH-20260925-004,MEV-000181217,PAT-0002826,ADM-00051853,MED008,2026-09-28 11:17:52,11,5.0,55.0
BATCH-20260925-004,MEV-000181218,PAT-0023232,ADM-00051854,MED001,2026-09-26 13:53:38,19,8.0,152.0
BATCH-20260925-004,MEV-000181219,PAT-0023232,ADM-00051854,MED007,2026-09-27 08:31:56,10,25.0,250.0
BATCH-20260925-004,MEV-000181220,PAT-0023232,ADM-00051854,MED003,2026-09-27 05:21:11,17,12.0,204.0
BATCH-20260925-004,MEV-000181221,PAT-0023232,ADM-00051854,MED004,2026-09-27 00:23:51,2,10.0,20.0
BATCH-20260925-004,MEV-000181222,PAT-0023232,ADM-00051854,MED001,2026-09-26 23:04:39,17,8.0,136.0
BATCH-20260925-004,MEV-000181223,PAT-0022966,ADM-00051855,MED008,2026-09-27 17:27:38,4,5.0,20.0
BATCH-20260925-004,MEV-000181224,PAT-0022966,ADM-00051855,MED001,2026-09-26 22:57:43,11,8.0,88.0
BATCH-20260925-004,MEV-000181225,PAT-0022966,ADM-00051855,MED005,2026-09-26 11:07:08,16,15.0,240.0
BATCH-20260925-004,MEV-000181226,PAT-0022966,ADM-00051855,MED004,2026-09-27 23:34:21,13,10.0,130.0
BATCH-20260925-004,MEV-000181227,PAT-0022966,ADM-00051855,MED005,2026-09-27 08:21:50,7,15.0,105.0
BATCH-20260925-004,MEV-000181228,PAT-0000976,ADM-00051856,MED007,2026-09-29 01:42:31,8,25.0,200.0
BATCH-20260925-004,MEV-000181229,PAT-0003276,ADM-00051857,MED004,2026-09-29 08:38:22,19,10.0,190.0
BATCH-20260925-004,MEV-000181230,PAT-0011759,ADM-00051858,MED004,2026-09-26 13:11:36,3,10.0,30.0
BATCH-20260925-004,MEV-000181231,PAT-0011759,ADM-00051858,MED001,2026-09-26 12:46:09,16,8.0,128.0
BATCH-20260925-004,MEV-000181232,PAT-0011759,ADM-00051858,MED003,2026-09-25 21:16:59,9,12.0,108.0
BATCH-20260925-004,MEV-000181233,PAT-0011759,ADM-00051858,MED007,2026-09-26 12:52:24,10,25.0,250.0
BATCH-20260925-004,MEV-000181234,PAT-0011759,ADM-00051858,MED003,2026-09-26 14:04:21,17,12.0,204.0
BATCH-20260925-004,MEV-000181235,PAT-0011759,ADM-00051858,MED005,2026-09-26 11:24:29,19,15.0,285.0
BATCH-20260925-004,MEV-000181236,PAT-0017823,ADM-00051859,MED005,2026-09-29 18:23:31,14,15.0,210.0
BATCH-20260925-004,MEV-000181237,PAT-0017823,ADM-00051859,MED004,2026-10-02 18:55:19,6,10.0,60.0
BATCH-20260925-004,MEV-000181238,PAT-0017823,ADM-00051859,MED003,2026-10-02 14:39:46,5,12.0,60.0
BATCH-20260925-004,MEV-000181239,PAT-0017823,ADM-00051859,MED003,2026-10-02 07:40:37,13,12.0,156.0
BATCH-20260925-004,MEV-000181240,PAT-0012024,ADM-00051860,MED003,2026-09-27 10:22:59,18,12.0,216.0
BATCH-20260925-004,MEV-000181241,PAT-0012024,ADM-00051860,MED008,2026-09-29 07:58:21,13,5.0,65.0
BATCH-20260925-004,MEV-000181242,PAT-0012024,ADM-00051860,MED001,2026-09-28 12:55:47,20,8.0,160.0
BATCH-20260925-004,MEV-000181243,PAT-0012024,ADM-00051860,MED003,2026-09-29 08:11:09,17,12.0,204.0
BATCH-20260925-004,MEV-000181244,PAT-0019202,ADM-00051861,MED007,2026-10-05 10:44:33,2,25.0,50.0
BATCH-20260925-004,MEV-000181245,PAT-0019202,ADM-00051861,MED001,2026-09-29 17:26:45,12,8.0,96.0
BATCH-20260925-004,MEV-000181246,PAT-0019202,ADM-00051861,MED003,2026-09-26 08:13:34,9,12.0,108.0
BATCH-20260925-004,MEV-000181247,PAT-0019202,ADM-00051861,MED007,2026-09-26 14:59:33,3,25.0,75.0
BATCH-20260925-004,MEV-000181248,PAT-0019202,ADM-00051861,MED002,2026-09-27 01:48:08,14,18.0,252.0
BATCH-20260925-004,MEV-000181249,PAT-0019202,ADM-00051861,MED002,2026-10-02 10:06:47,11,18.0,198.0
BATCH-20260925-004,MEV-000181250,PAT-0012033,ADM-00051862,MED003,2026-09-29 15:40:23,2,12.0,24.0
BATCH-20260925-004,MEV-000181251,PAT-0012033,ADM-00051862,MED007,2026-09-28 09:25:17,14,25.0,350.0
BATCH-20260925-004,MEV-000181252,PAT-0012033,ADM-00051862,MED008,2026-09-27 02:09:06,13,5.0,65.0
BATCH-20260925-004,MEV-000181253,PAT-0012033,ADM-00051862,MED006,2026-09-27 06:04:41,2,9.0,18.0
BATCH-20260925-004,MEV-000181254,PAT-0012033,ADM-00051862,MED006,2026-09-30 12:37:44,20,9.0,180.0
BATCH-20260925-004,MEV-000181255,PAT-0012033,ADM-00051862,MED007,2026-09-30 20:18:52,2,25.0,50.0
BATCH-20260925-004,MEV-000181256,PAT-0000589,ADM-00051863,MED006,2026-09-26 19:58:06,7,9.0,63.0
BATCH-20260925-004,MEV-000181257,PAT-0000589,ADM-00051863,MED006,2026-09-27 07:40:02,3,9.0,27.0
BATCH-20260925-004,MEV-000181258,PAT-0008443,ADM-00051864,MED002,2026-09-28 23:01:35,19,18.0,342.0
BATCH-20260925-004,MEV-000181259,PAT-0008443,ADM-00051864,MED008,2026-09-25 15:43:31,14,5.0,70.0
BATCH-20260925-004,MEV-000181260,PAT-0008443,ADM-00051864,MED002,2026-09-26 10:05:33,11,18.0,198.0
BATCH-20260925-004,MEV-000181261,PAT-0008443,ADM-00051864,MED004,2026-09-26 23:24:49,13,10.0,130.0
BATCH-20260925-004,MEV-000181262,PAT-0008443,ADM-00051864,MED004,2026-09-27 04:53:45,10,10.0,100.0
BATCH-20260925-004,MEV-000181263,PAT-0008443,ADM-00051864,MED004,2026-09-26 12:42:11,7,10.0,70.0
BATCH-20260925-004,MEV-000181264,PAT-0020014,ADM-00051865,MED005,2026-10-04 18:33:57,20,15.0,300.0
BATCH-20260925-004,MEV-000181265,PAT-0020014,ADM-00051865,MED006,2026-10-01 20:02:04,14,9.0,126.0
BATCH-20260925-004,MEV-000181266,PAT-0020014,ADM-00051865,MED007,2026-10-02 15:54:45,9,25.0,225.0
BATCH-20260925-004,MEV-000181267,PAT-0020014,ADM-00051865,MED002,2026-09-29 05:40:14,20,18.0,360.0
BATCH-20260925-004,MEV-000181268,PAT-0020014,ADM-00051865,MED007,2026-10-01 22:04:22,14,25.0,350.0
BATCH-20260925-004,MEV-000181269,PAT-0020014,ADM-00051865,MED004,2026-09-27 00:30:50,11,10.0,110.0
BATCH-20260925-004,MEV-000181270,PAT-0004957,ADM-00051866,MED004,2026-09-26 17:32:34,20,10.0,200.0
BATCH-20260925-004,MEV-000181271,PAT-0004957,ADM-00051866,MED001,2026-09-25 20:01:05,20,8.0,160.0
BATCH-20260925-004,MEV-000181272,PAT-0004957,ADM-00051866,MED007,2026-09-26 20:46:17,13,25.0,325.0
BATCH-20260925-004,MEV-000181273,PAT-0004957,ADM-00051866,MED002,2026-09-26 06:05:53,8,18.0,144.0
BATCH-20260925-004,MEV-000181274,PAT-0004957,ADM-00051866,MED002,2026-09-26 02:16:19,6,18.0,108.0
BATCH-20260925-004,MEV-000181275,PAT-0018653,ADM-00051867,MED007,2026-09-26 03:23:03,15,25.0,375.0
BATCH-20260925-004,MEV-000181276,PAT-0018653,ADM-00051867,MED007,2026-09-26 08:36:34,17,25.0,425.0
BATCH-20260925-004,MEV-000181277,PAT-0018653,ADM-00051867,MED003,2026-09-26 07:08:05,7,12.0,84.0
BATCH-20260925-004,MEV-000181278,PAT-0018653,ADM-00051867,MED006,2026-09-25 18:37:14,9,9.0,81.0
BATCH-20260925-004,MEV-000181279,PAT-0018653,ADM-00051867,MED001,2026-09-26 04:36:08,3,8.0,24.0
BATCH-20260925-004,MEV-000181280,PAT-0019992,ADM-00051868,MED007,2026-09-26 23:03:59,14,25.0,350.0
BATCH-20260925-004,MEV-000181281,PAT-0019992,ADM-00051868,MED006,2026-09-30 00:36:01,8,9.0,72.0
BATCH-20260925-004,MEV-000181282,PAT-0019992,ADM-00051868,MED005,2026-09-27 21:15:54,7,15.0,105.0
BATCH-20260925-004,MEV-000181283,PAT-0019992,ADM-00051868,MED007,2026-09-27 22:18:21,18,25.0,450.0
BATCH-20260925-004,MEV-000181284,PAT-0019992,ADM-00051868,MED005,2026-09-25 04:21:02,11,15.0,165.0
BATCH-20260925-004,MEV-000181285,PAT-0005757,ADM-00051869,MED006,2026-09-26 20:39:19,12,9.0,108.0
BATCH-20260925-004,MEV-000181286,PAT-0005757,ADM-00051869,MED005,2026-09-28 12:26:20,8,15.0,120.0
BATCH-20260925-004,MEV-000181287,PAT-0005757,ADM-00051869,MED001,2026-09-27 21:00:40,12,8.0,96.0
