anomaly_domain,entity_type,entity_id,metric,observed_value,median_value,mad_value,robust_z_score,direction,threshold,method,absolute_robust_z_score
Monthly Operations,Month,2026-09-01,emergency_admissions,1082.0,312.0,9.0,57.7072,High,3.5,Median/MAD Robust Z,57.7072
Monthly Operations,Month,2026-09-01,admissions,3513.0,1123.0,31.0,52.0018,High,3.5,Median/MAD Robust Z,52.0018
Monthly Hospital,Month,2026-09-01,admissions,3513.0,1122.5,32.0,50.3873,High,3.5,Median/MAD Robust Z,50.3873
Monthly Operations,Month,2026-09-01,icu_admissions,620.0,176.0,11.0,27.2253,High,3.5,Median/MAD Robust Z,27.2253
Monthly Operations,Month,2026-09-01,readmissions,582.0,223.0,9.0,26.9051,High,3.5,Median/MAD Robust Z,26.9051
Monthly Hospital,Month,2026-10-01,admissions,0.0,1122.5,32.0,-23.6602,Low,3.5,Median/MAD Robust Z,23.6602
Monthly Hospital,Month,2026-09-01,net_revenue,175215093.98,90425974.07,2579565.875,22.1705,High,3.5,Median/MAD Robust Z,22.1705
Monthly Hospital,Month,2026-09-01,outstanding_amount,13688097.46,6357786.484999999,267116.28500000015,18.5099,High,3.5,Median/MAD Robust Z,18.5099
Monthly Hospital,Month,2026-09-01,collected_amount,75559715.21,38478425.435,1364577.0950000025,18.329,High,3.5,Median/MAD Robust Z,18.329
Monthly Claims,Month,2026-10-01,claim_amount,82072011.59,45410875.185,1845843.3449999988,13.3966,High,3.5,Median/MAD Robust Z,13.3966
Monthly Claims,Month,2026-09-01,total_claims,1362.0,806.0,29.0,12.9318,High,3.5,Median/MAD Robust Z,12.9318
Monthly Claims,Month,2026-10-01,total_claims,1336.0,806.0,29.0,12.3271,High,3.5,Median/MAD Robust Z,12.3271
Monthly Operations,Month,2026-09-01,average_length_of_stay,3.95,4.78,0.04999999999999982,-11.1967,Low,3.5,Median/MAD Robust Z,11.1967
Monthly Claims,Month,2026-10-01,rejected_amount,11444922.1,5866089.835,551077.1749999998,6.8283,High,3.5,Median/MAD Robust Z,6.8283
Monthly Claims,Month,2026-09-01,claim_amount,61544917.1,45410875.185,1845843.3449999988,5.8956,High,3.5,Median/MAD Robust Z,5.8956
Monthly Claims,Month,2023-01-01,total_claims,568.0,806.0,29.0,-5.5356,Low,3.5,Median/MAD Robust Z,5.5356
Monthly Claims,Month,2023-01-01,claim_amount,30596286.64,45410875.185,1845843.3449999988,-5.4135,Low,3.5,Median/MAD Robust Z,5.4135
Monthly Hospital,Month,2023-01-01,collected_amount,28197046.93,38478425.435,1364577.0950000025,-5.082,Low,3.5,Median/MAD Robust Z,5.082
Monthly Hospital,Month,2023-01-01,net_revenue,71029992.25,90425974.07,2579565.875,-5.0716,Low,3.5,Median/MAD Robust Z,5.0716
Monthly Hospital,Month,2026-10-01,outstanding_amount,8260664.34,6357786.484999999,267116.28500000015,4.805,High,3.5,Median/MAD Robust Z,4.805
Monthly Hospital,Month,2026-10-01,net_revenue,108370056.29,90425974.07,2579565.875,4.692,High,3.5,Median/MAD Robust Z,4.692
Monthly Hospital,Month,2026-10-01,collected_amount,47594682.62,38478425.435,1364577.0950000025,4.5061,High,3.5,Median/MAD Robust Z,4.5061
Monthly Claims,Month,2026-09-01,rejected_amount,9140891.16,5866089.835,551077.1749999998,4.0082,High,3.5,Median/MAD Robust Z,4.0082
Monthly Hospital,Month,2023-02-01,outstanding_amount,7888393.77,6357786.484999999,267116.28500000015,3.865,High,3.5,Median/MAD Robust Z,3.865
Monthly Hospital,Month,2023-01-01,outstanding_amount,4900464.11,6357786.484999999,267116.28500000015,-3.6799,Low,3.5,Median/MAD Robust Z,3.6799
