department_key,department_id,department_name,bills,billed_patients,gross_revenue,discount_amount,discount_rate_pct,net_revenue,insurance_receivable,patient_responsibility,collected_amount,outstanding_amount,collection_efficiency_pct,outstanding_rate_pct,average_bill,revenue_share_pct,outstanding_share_pct,revenue_rank,outstanding_rank,admissions,average_length_of_stay,total_inpatient_days,emergency_admissions,icu_admissions,readmissions,readmission_rate_pct
10,DEP010,Dermatology,5410,4708,425465295.0,10221550.39,2.4,436005931.91,216415811.51,219590120.51,190117248.25,29472872.11,43.6,6.76,80592.59,10.28,9.82,1,7,5410,4.77,25819,1518,840,1125,20.79
4,DEP004,Orthopedics,5265,4571,421493345.0,10462475.03,2.48,431582413.78,219522468.8,212059944.87,182647897.88,29412046.95,42.32,6.81,81971.97,10.18,9.8,2,8,5265,4.75,25016,1501,877,1056,20.06
3,DEP003,Neurology,5373,4680,417309673.0,9773587.51,2.34,427912889.89,212535703.45,215377186.36,184876536.12,30500650.22,43.2,7.13,79641.33,10.09,10.17,3,4,5373,4.73,25432,1483,858,1052,19.58
6,DEP006,General Medicine,5304,4690,416377749.0,9812095.13,2.36,426893936.34,220266678.13,206627258.19,175250952.99,31376305.26,41.05,7.35,80485.28,10.07,10.46,4,2,5304,4.73,25100,1486,869,1060,19.98
2,DEP002,Cardiology,5269,4579,414656288.0,10113295.7,2.44,424770142.07,212022860.05,212747281.68,181186222.24,31561059.46,42.66,7.43,80616.84,10.02,10.52,5,1,5269,4.75,25010,1469,838,1082,20.54
8,DEP008,Gynecology,5173,4544,413558701.0,10151401.3,2.45,423577664.31,211183599.24,212394064.93,181983897.09,30410168.43,42.96,7.18,81882.4,9.99,10.14,6,6,5173,4.71,24374,1460,813,977,18.89
5,DEP005,Pediatrics,5290,4638,410103757.0,9834985.52,2.4,420282209.92,209684816.74,210597393.37,180154524.8,30442868.57,42.87,7.24,79448.43,9.91,10.15,7,5,5290,4.72,24956,1477,818,1080,20.42
1,DEP001,Emergency,5250,4637,409836693.0,9571299.02,2.34,420278663.84,209386748.52,210891915.44,182731763.9,28160151.62,43.48,6.7,80053.08,9.91,9.39,8,9,5250,4.72,24755,1446,804,992,18.9
9,DEP009,ENT,5221,4626,406503062.0,10090184.68,2.48,416233521.37,204560988.78,211672532.56,181114277.48,30558255.02,43.51,7.34,79722.95,9.82,10.18,9,3,5221,4.73,24673,1531,799,1055,20.21
7,DEP007,Oncology,5142,4530,402220830.0,9700049.73,2.41,412146819.3,208902241.99,203244577.48,175088728.55,28155849.17,42.48,6.83,80153.02,9.72,9.38,10,10,5142,4.75,24427,1390,829,986,19.18
