doctor_key,doctor_id,doctor_name,gender,specialization,qualification,experience_years,consultation_fee,joining_date,employment_status,department_key,department_id,department_name,admissions,unique_patients,average_length_of_stay,total_inpatient_days,emergency_admissions,icu_admissions,readmissions,bills,gross_revenue,discount_amount,net_revenue,collected_amount,outstanding_amount,readmission_rate_pct,revenue_per_admission,revenue_per_patient,collection_efficiency_pct,outstanding_rate_pct,hospital_revenue_contribution_pct,hospital_admission_contribution_pct,hospital_admission_rank,hospital_revenue_rank,department_admission_rank,department_revenue_rank
67,DOC-00067,Dr. Ijaya Zachariah,Female,Obstetrics,"MBBS, MS, MCh",34,2500.0,2012-08-03,Active,8,DEP008,Gynecology,533,510,4.93,2626,168,99,105,533,45234717.0,1012345.36,46433490.21,19292485.39,2970652.94,19.7,87117.24,91046.06,41.55,6.4,1.1,1.01,2,1,2,1
97,DOC-00097,Dr. Nisha Dhillon,Female,Gynecology,"MBBS, MS",18,2500.0,2016-03-29,Active,8,DEP008,Gynecology,527,506,4.69,2471,145,82,92,527,42747558.0,1034881.75,43798310.01,18512099.91,3563236.84,17.46,83108.75,86557.92,42.27,8.14,1.03,1.0,3,2,3,2
132,DOC-00132,Dr. Shravya Ramanathan,Female,Gynecology,"MBBS, DNB",35,500.0,2023-05-23,On Leave,8,DEP008,Gynecology,527,513,4.92,2594,143,97,92,527,42447544.0,1056928.37,43460146.41,19229769.07,2957735.39,17.46,82467.07,84717.63,44.25,6.81,1.03,1.0,3,3,3,3
93,DOC-00093,Dr. Zaitra Mahajan,Female,Gynecology,"MBBS, DNB",32,2000.0,2018-10-30,Active,8,DEP008,Gynecology,508,498,4.59,2333,145,82,100,508,42244038.0,1064091.44,43238943.88,17899274.86,3298639.92,19.69,85116.03,86825.19,41.4,7.63,1.02,0.96,8,4,6,4
139,DOC-00139,Dr. Tamanna Chander,Female,Obstetrics,"MBBS, MD",20,1000.0,2024-01-16,Active,8,DEP008,Gynecology,567,529,4.56,2583,155,82,98,567,42111246.0,935400.86,43234637.23,17768630.99,2651858.74,17.28,76251.56,81728.99,41.1,6.13,1.02,1.08,1,5,1,5
140,DOC-00140,Dr. Anya Bassi,Female,Clinical Dermatology,"MBBS, MD",23,1200.0,2012-11-05,On Leave,10,DEP010,Dermatology,517,489,5.02,2594,138,88,116,517,42140670.0,1236991.9,42948861.93,18392766.33,2775544.57,22.44,83073.23,87829.98,42.82,6.46,1.01,0.98,5,6,1,1
100,DOC-00100,Dr. Umang Basu,Male,Clinical Dermatology,"MBBS, MS",19,2000.0,2017-12-08,Active,10,DEP010,Dermatology,512,487,4.72,2415,165,74,126,512,41878095.0,1024882.48,42895873.05,19722379.84,2731308.64,24.61,83781.0,88081.87,45.98,6.37,1.01,0.97,7,7,3,2
79,DOC-00079,Dr. Warinder Sarin,Male,Obstetrics,"MBBS, MS",2,2500.0,2014-05-03,Active,8,DEP008,Gynecology,503,476,4.9,2464,150,68,98,503,41294932.0,1103341.05,42201170.51,18925299.41,3817337.66,19.48,83898.95,88657.92,44.85,9.05,1.0,0.95,9,8,7,6
3,DOC-00003,Dr. Krish Jhaveri,Male,Clinical Dermatology,"MBBS, MS",2,2500.0,2022-08-30,Active,10,DEP010,Dermatology,494,469,4.76,2352,127,77,105,494,40767778.0,1056654.73,41696679.53,19065178.22,2587224.43,21.26,84406.23,88905.5,45.72,6.2,0.98,0.94,12,9,6,3
64,DOC-00064,Dr. Amol Gera,Male,Gynecology,"MBBS, MD, DM",5,2000.0,2018-05-04,Active,8,DEP008,Gynecology,498,484,4.64,2309,127,83,105,498,40164147.0,1032442.71,41088289.51,18318282.77,2633942.99,21.08,82506.61,84893.16,44.58,6.41,0.97,0.95,11,10,8,7
110,DOC-00110,Dr. David Narula,Male,Clinical Dermatology,"MBBS, MD, DM",19,2000.0,2017-09-23,Active,10,DEP010,Dermatology,484,470,4.8,2323,137,91,95,484,40108728.0,993472.46,41071018.31,18497823.96,2487188.47,19.63,84857.48,87385.15,45.04,6.06,0.97,0.92,13,11,7,4
112,DOC-00112,Dr. Manan Saran,Male,Dermatology,"MBBS, DNB",17,500.0,2021-08-01,Active,10,DEP010,Dermatology,501,468,4.9,2453,155,75,98,501,39262750.0,907485.19,40273028.1,17261357.54,2181196.8,19.56,80385.29,86053.48,42.86,5.42,0.95,0.95,10,12,5,5
146,DOC-00146,Dr. Bhanumati Minhas,Female,Obstetrics,"MBBS, MD",19,1500.0,2018-03-22,Active,8,DEP008,Gynecology,520,493,4.66,2423,143,79,104,520,39155123.0,891026.25,40177301.49,17354529.8,2435959.02,20.0,77264.04,81495.54,43.19,6.06,0.95,0.99,4,13,4,8
129,DOC-00129,Dr. Sneha Mahal,Female,Gynecology,"MBBS, MS",7,2500.0,2026-04-04,Active,8,DEP008,Gynecology,473,459,4.63,2192,133,69,82,473,39295745.0,1086456.61,40119752.79,17062972.36,3109506.74,17.34,84819.77,87406.87,42.53,7.75,0.95,0.9,15,14,9,9
51,DOC-00051,Dr. Ekta Pai,Female,Obstetrics,"MBBS, DNB",15,1000.0,2020-05-18,Active,8,DEP008,Gynecology,517,496,4.6,2379,151,72,101,517,38863651.0,934486.9,39825622.27,17620552.53,2971298.19,19.54,77032.15,80293.59,44.24,7.46,0.94,0.98,5,15,5,10
37,DOC-00037,Dr. Priya Malhotra,Female,Clinical Dermatology,"MBBS, DNB",6,1800.0,2018-04-26,Active,10,DEP010,Dermatology,508,485,4.68,2376,141,73,91,508,38773989.0,896229.28,39771647.74,16452124.73,2771550.92,17.91,78290.65,82003.4,41.37,6.97,0.94,0.96,8,16,4,6
107,DOC-00107,Dr. Kavya Chaudhry,Female,Trauma Medicine,"MBBS, MD",15,1200.0,2023-04-27,Active,1,DEP001,Emergency,444,415,5.03,2232,130,84,58,444,38748144.0,925946.82,39713307.06,17337312.37,2034195.12,13.06,89444.39,95694.72,43.66,5.12,0.94,0.84,20,17,4,1
86,DOC-00086,Dr. Rehaan Lanka,Male,Trauma Medicine,"MBBS, MD, DM",27,2000.0,2015-05-20,Active,1,DEP001,Emergency,459,442,4.78,2192,114,86,90,459,38347747.0,833677.06,39389773.54,16122232.29,3197743.16,19.61,85816.5,89117.13,40.93,8.12,0.93,0.87,18,18,2,2
6,DOC-00006,Dr. Arin Tailor,Male,Trauma Medicine,"MBBS, MD",30,2500.0,2024-08-02,Active,1,DEP001,Emergency,436,415,5.05,2203,113,76,81,436,37875086.0,874397.94,38850722.44,17285007.54,2360893.59,18.58,89107.16,93616.2,44.49,6.08,0.92,0.83,22,19,6,3
7,DOC-00007,Dr. Lajita Bora,Female,Dermatology,"MBBS, MS",24,1000.0,2021-01-09,Active,10,DEP010,Dermatology,479,457,4.79,2293,122,78,106,479,37529446.0,847184.64,38516374.43,15466496.72,3353127.82,22.13,80409.97,84280.91,40.16,8.71,0.91,0.91,14,20,8,7
61,DOC-00061,Dr. Michael Rastogi,Male,Dermatology,"MBBS, MS, MCh",21,2000.0,2019-08-24,Active,10,DEP010,Dermatology,468,447,4.65,2175,123,72,105,468,37150511.0,818832.04,38148262.93,17978436.3,2408212.87,22.44,81513.38,85342.87,47.13,6.31,0.9,0.89,16,21,10,8
83,DOC-00083,Dr. Krishna Palla,Male,Emergency Medicine,"MBBS, MD",20,1800.0,2022-05-20,Active,1,DEP001,Emergency,447,428,4.87,2177,123,77,77,447,36979508.0,913377.84,37869436.72,16549238.9,2300201.13,17.23,84719.1,88479.99,43.7,6.07,0.89,0.85,19,22,3,4
136,DOC-00136,Dr. Elijah Rege,Male,Dermatology,"MBBS, MS",25,1000.0,2018-05-24,Active,10,DEP010,Dermatology,515,503,4.56,2350,155,65,110,515,36739771.0,800717.9,37736005.8,15784192.69,2500857.91,21.36,73273.8,75021.88,41.83,6.63,0.89,0.98,6,23,2,9
60,DOC-00060,Dr. Bhavya Kulkarni,Female,Neonatology,"MBBS, DNB",26,2500.0,2019-07-22,Active,5,DEP005,Pediatrics,418,399,4.86,2032,112,70,90,418,36493021.0,797727.52,37480058.2,16113753.53,3275907.34,21.53,89665.21,93934.98,42.99,8.74,0.88,0.79,29,24,4,1
54,DOC-00054,Dr. Abhimanyu Buch,Male,Trauma Medicine,"MBBS, MD",8,1200.0,2012-12-16,Active,1,DEP001,Emergency,465,443,4.89,2272,147,77,98,465,36251076.0,872671.41,37147324.82,15865805.0,2915243.77,21.08,79886.72,83854.01,42.71,7.85,0.88,0.88,17,25,1,5
125,DOC-00125,Dr. Robert Murthy,Male,Clinical Dermatology,"MBBS, DNB",32,800.0,2020-08-30,Active,10,DEP010,Dermatology,473,461,4.8,2270,132,74,89,473,35880736.0,737398.51,36900504.38,15766621.73,2952040.69,18.82,78013.75,80044.48,42.73,8.0,0.87,0.9,15,26,9,10
120,DOC-00120,Dr. Alexander Gulati,Male,Dermatology,"MBBS, MS, MCh",16,800.0,2021-03-27,Active,10,DEP010,Dermatology,459,443,4.83,2218,123,73,84,459,35232821.0,901701.26,36047675.71,15729870.19,2724618.99,18.3,78535.24,81371.73,43.64,7.56,0.85,0.87,18,27,11,11
80,DOC-00080,Dr. Kabir Wadhwa,Male,Emergency Medicine,"MBBS, MS, MCh",2,1000.0,2025-05-29,Active,1,DEP001,Emergency,436,426,4.75,2069,104,76,88,436,35008512.0,818520.56,35899490.97,15769879.21,2529172.7,20.18,82338.28,84271.11,43.93,7.05,0.85,0.83,22,28,6,6
142,DOC-00142,Dr. Yug Bali,Male,Pediatrics,"MBBS, MS, MCh",15,1500.0,2022-11-03,Active,5,DEP005,Pediatrics,406,398,4.74,1924,121,72,89,406,33966371.0,839317.47,34783406.18,14995327.99,2585302.82,21.92,85673.41,87395.49,43.11,7.43,0.82,0.77,32,29,6,2
59,DOC-00059,Dr. Indrajit Cheema,Male,Neonatology,"MBBS, MS",9,1000.0,2012-12-24,Active,5,DEP005,Pediatrics,432,400,4.78,2066,132,76,97,432,33645620.0,942465.6,34338312.07,15038080.33,1861778.07,22.45,79486.83,85845.78,43.79,5.42,0.81,0.82,24,30,2,3
101,DOC-00101,Dr. Janya Biswas,Female,Neonatology,"MBBS, MD, DM",31,700.0,2012-07-02,Active,5,DEP005,Pediatrics,433,416,4.73,2049,111,69,89,433,33441191.0,793810.14,34279749.88,14724141.62,2871427.26,20.55,79168.01,82403.24,42.95,8.38,0.81,0.82,23,31,1,4
108,DOC-00108,Dr. Devansh Devan,Male,Pediatrics,"MBBS, MS",13,1800.0,2012-09-24,Active,5,DEP005,Pediatrics,412,405,4.93,2030,111,59,79,412,32434493.0,762137.68,33255973.07,14636630.14,2946317.53,19.17,80718.38,82113.51,44.01,8.86,0.78,0.78,30,32,5,5
99,DOC-00099,Dr. Eiravati Goda,Female,Trauma Medicine,"MBBS, MD",19,800.0,2016-07-24,Active,1,DEP001,Emergency,438,423,4.43,1940,122,53,84,438,32000087.0,831478.63,32727038.84,13881822.22,2139422.82,19.18,74719.27,77368.89,42.42,6.54,0.77,0.83,21,33,5,7
73,DOC-00073,Dr. Warjas Singhal,Male,Trauma Medicine,"MBBS, DNB",25,2000.0,2022-12-28,Active,1,DEP001,Emergency,423,410,4.44,1879,116,60,76,423,31707009.0,677182.82,32581317.49,14342284.39,1986800.75,17.97,77024.39,79466.63,44.02,6.1,0.77,0.8,28,34,9,8
104,DOC-00104,Dr. Damini Venkatesh,Female,Pediatrics,"MBBS, MS, MCh",28,1200.0,2011-11-19,Active,5,DEP005,Pediatrics,396,382,4.71,1865,114,66,78,396,31640788.0,737456.62,32448497.88,13450306.33,2529357.96,19.7,81940.65,84943.71,41.45,7.79,0.77,0.75,34,35,7,6
25,DOC-00025,Dr. Daksh Madan,Male,Trauma Medicine,"MBBS, MD, DM",22,700.0,2019-09-01,Active,1,DEP001,Emergency,428,412,4.68,2001,116,62,93,428,31641591.0,804560.25,32378882.26,14684241.42,2573494.04,21.73,75651.59,78589.52,45.35,7.95,0.76,0.81,26,36,7,9
9,DOC-00009,Dr. Vrinda Kale,Female,Internal Medicine,"MBBS, MS, MCh",14,1200.0,2026-07-06,Active,6,DEP006,General Medicine,378,368,5.11,1930,110,75,77,378,31533156.0,734554.51,32338531.59,12483320.88,2107661.77,20.37,85551.67,87876.44,38.6,6.52,0.76,0.72,42,37,8,1
137,DOC-00137,Dr. Rajata Arora,Female,Neonatology,"MBBS, DNB",30,1200.0,2020-09-03,Active,5,DEP005,Pediatrics,431,420,4.6,1982,119,58,77,431,31598238.0,825963.15,32310888.59,14505192.68,1981382.82,17.87,74967.26,76930.69,44.89,6.13,0.76,0.82,25,38,3,7
24,DOC-00024,Dr. Fariq Sangha,Male,Emergency Medicine,"MBBS, MS",15,1000.0,2013-06-03,Active,1,DEP001,Emergency,438,414,4.69,2053,135,52,79,438,31411868.0,705058.81,32242149.69,14649912.87,2055945.27,18.04,73612.21,77879.59,45.44,6.38,0.76,0.83,21,39,5,10
5,DOC-00005,Dr. Veer Merchant,Male,General Medicine,"MBBS, DNB",7,700.0,2014-01-02,Active,6,DEP006,General Medicine,396,386,4.81,1903,110,61,79,396,31349372.0,747619.86,32131839.68,13051172.12,1797275.27,19.95,81141.01,83243.11,40.62,5.59,0.76,0.75,34,40,3,2
149,DOC-00149,Dr. Viraj Nair,Male,General Medicine,"MBBS, MS, MCh",7,1000.0,2024-02-17,Active,6,DEP006,General Medicine,399,386,4.74,1893,111,70,76,399,31004421.0,640527.81,31882087.83,12252176.77,2764518.18,19.05,79904.98,82596.08,38.43,8.67,0.75,0.76,33,41,2,3
20,DOC-00020,Dr. Chatresh Viswanathan,Male,Internal Medicine,"MBBS, MD",20,1000.0,2023-09-24,Active,6,DEP006,General Medicine,412,393,4.58,1887,128,60,78,412,30978036.0,793965.05,31693274.47,13143033.24,2824146.27,18.93,76925.42,80644.46,41.47,8.91,0.75,0.78,30,42,1,4
85,DOC-00085,Dr. Mekhala Mangat,Female,Internal Medicine,"MBBS, MS, MCh",35,1800.0,2012-09-25,Active,6,DEP006,General Medicine,357,341,4.92,1756,104,70,78,357,30824964.0,654815.24,31678656.24,14969042.37,2210125.37,21.85,88735.73,92899.29,47.25,6.98,0.75,0.68,47,43,12,5
50,DOC-00050,Dr. Nathaniel Shan,Male,Internal Medicine,"MBBS, MD, DM",27,1000.0,2021-10-22,Active,6,DEP006,General Medicine,382,369,4.86,1858,118,74,87,382,30888631.0,742445.43,31653494.89,13060862.91,2054726.03,22.77,82862.55,85781.83,41.26,6.49,0.75,0.72,40,44,7,6
28,DOC-00028,Dr. Samesh Arora,Male,General Medicine,"MBBS, MS",7,1000.0,2023-08-30,Active,6,DEP006,General Medicine,387,372,4.73,1830,95,65,96,387,30532536.0,670518.11,31355118.73,13189157.14,2409666.11,24.81,81020.98,84287.95,42.06,7.69,0.74,0.73,37,45,5,7
134,DOC-00134,Dr. Chatura Dey,Male,Pediatrics,"MBBS, DNB",2,500.0,2025-07-08,Active,5,DEP005,Pediatrics,431,407,4.52,1950,121,47,82,431,30526182.0,789358.22,31223664.93,11824549.42,2399616.23,19.03,72444.7,76716.62,37.87,7.69,0.74,0.82,25,46,3,8
4,DOC-00004,Dr. Yauvani Devan,Female,Neonatology,"MBBS, DNB",1,800.0,2021-09-10,Active,5,DEP005,Pediatrics,396,384,4.67,1851,116,64,63,396,30368666.0,709708.46,31141905.45,13190912.93,2039983.35,15.91,78641.18,81098.71,42.36,6.55,0.73,0.75,34,47,7,9
102,DOC-00102,Dr. Yahvi Jain,Female,Trauma Medicine,"MBBS, MD",10,800.0,2022-07-05,On Leave,1,DEP001,Emergency,410,408,4.54,1860,124,59,95,410,30335760.0,689123.22,31128968.58,13477184.45,1810669.35,23.17,75924.31,76296.49,43.29,5.82,0.73,0.78,31,48,10,11
43,DOC-00043,Dr. Zehaan Guha,Male,Neonatology,"MBBS, MS, MCh",14,1500.0,2014-03-22,Active,5,DEP005,Pediatrics,383,379,4.88,1869,110,63,93,383,30041364.0,620928.33,30891457.46,14183309.1,2033161.55,24.28,80656.55,81507.8,45.91,6.58,0.73,0.73,39,49,10,10
49,DOC-00049,Dr. Anjali Patla,Female,Orthopedics,"MBBS, MS",11,800.0,2021-08-22,Active,4,DEP004,Orthopedics,342,325,5.15,1761,99,73,88,342,30143714.0,801646.0,30809171.44,14131063.94,2035395.86,25.73,90085.3,94797.45,45.87,6.61,0.73,0.65,51,50,5,1
78,DOC-00078,Dr. Yatan Balay,Male,General Medicine,"MBBS, DNB",22,1800.0,2013-08-25,Active,6,DEP006,General Medicine,383,368,4.78,1832,103,57,80,383,30053300.0,730451.14,30788991.35,11878179.76,2048197.73,20.89,80389.01,83665.74,38.58,6.65,0.73,0.73,39,51,6,8
23,DOC-00023,Dr. Elijah Nori,Male,Internal Medicine,"MBBS, MS",29,2500.0,2023-03-13,Active,6,DEP006,General Medicine,360,351,4.72,1698,89,61,82,360,29948582.0,796797.27,30609373.92,13030124.63,2058952.3,22.78,85026.04,87206.19,42.57,6.73,0.72,0.68,45,52,11,9
44,DOC-00044,Dr. Chaitaly Reddy,Female,Emergency Medicine,"MBBS, MD",6,1800.0,2024-05-31,Active,1,DEP001,Emergency,426,414,4.41,1877,102,42,73,426,29530305.0,625303.66,30350251.43,12766843.24,2256369.92,17.14,71244.72,73309.79,42.07,7.43,0.72,0.81,27,53,8,12
147,DOC-00147,Dr. Samarth Nayar,Male,Sports Medicine,"MBBS, MD",26,2500.0,2016-12-28,Active,4,DEP004,Orthopedics,329,309,4.93,1623,94,66,78,329,29439104.0,646095.36,30232659.03,12792632.84,1844278.92,23.71,91892.58,97840.32,42.31,6.1,0.71,0.62,55,54,8,2
121,DOC-00121,Dr. Falguni Kumar,Female,Orthopedics,"MBBS, MD, DM",8,2000.0,2014-12-05,Active,4,DEP004,Orthopedics,355,341,4.83,1714,114,57,67,355,29280447.0,737143.91,29970468.13,13023071.63,2277505.1,18.87,84423.85,87889.94,43.45,7.6,0.71,0.67,48,55,2,3
98,DOC-00098,Dr. Chatresh Batta,Male,Internal Medicine,"MBBS, DNB",12,1200.0,2023-03-12,Active,6,DEP006,General Medicine,382,379,4.68,1787,117,59,74,382,29018770.0,604630.04,29834846.97,11710794.42,2075804.35,19.37,78101.69,78719.91,39.25,6.96,0.7,0.72,40,56,7,10
63,DOC-00063,Dr. Vinaya Amble,Female,Orthopedics,"MBBS, MD",20,1000.0,2023-03-10,Active,4,DEP004,Orthopedics,353,337,4.71,1663,98,64,65,353,28998847.0,649743.86,29766558.32,12191418.19,2428730.6,18.41,84324.53,88328.07,40.96,8.16,0.7,0.67,49,57,3,4
70,DOC-00070,Dr. Jason Mukherjee,Male,Pediatrics,"MBBS, MS",16,1200.0,2016-01-21,Active,5,DEP005,Pediatrics,379,371,4.66,1766,99,62,80,379,28902263.0,634003.07,29681672.99,12798070.78,1717420.51,21.11,78315.76,80004.51,43.12,5.79,0.7,0.72,41,58,11,11
38,DOC-00038,Dr. Charan Golla,Male,General Medicine,"MBBS, MD, DM",16,1200.0,2012-08-20,Active,6,DEP006,General Medicine,394,388,4.4,1735,109,57,69,394,29020449.0,797616.81,29633973.77,12257600.9,1893926.8,17.51,75213.13,76376.22,41.36,6.39,0.7,0.75,35,59,4,11
29,DOC-00029,Dr. Unnati Mall,Female,Pediatrics,"MBBS, MD, DM",30,1000.0,2018-08-17,Active,5,DEP005,Pediatrics,388,377,4.71,1829,103,58,84,388,28747359.0,675025.74,29475949.82,12533354.44,2190270.08,21.65,75968.94,78185.54,42.52,7.43,0.7,0.74,36,60,8,12
91,DOC-00091,Dr. Dev Sangha,Male,General Medicine,"MBBS, MS, MCh",17,1500.0,2013-02-05,Active,6,DEP006,General Medicine,371,361,4.65,1725,95,55,63,371,28641149.0,708226.01,29329569.14,12432444.29,3059353.14,16.98,79055.44,81245.34,42.39,10.43,0.69,0.7,43,61,9,12
122,DOC-00122,Dr. Nakul Pathak,Male,Neonatology,"MBBS, MD, DM",33,1200.0,2023-02-02,Active,5,DEP005,Pediatrics,385,376,4.53,1743,108,54,79,385,28298201.0,707083.52,28970673.4,12160895.51,2010943.05,20.52,75248.5,77049.66,41.98,6.94,0.68,0.73,38,62,9,13
46,DOC-00046,Dr. Umang Konda,Male,Interventional Cardiology,"MBBS, MS, MCh",10,2500.0,2024-07-22,Active,2,DEP002,Cardiology,333,323,4.82,1606,96,55,62,333,27768591.0,601085.15,28525881.14,12167496.27,1945762.95,18.62,85663.31,88315.42,42.65,6.82,0.67,0.63,53,63,1,1
48,DOC-00048,Dr. Amaira Seshadri,Female,Sports Medicine,"MBBS, MS, MCh",7,1500.0,2016-03-13,Active,4,DEP004,Orthopedics,359,331,4.82,1730,107,54,59,359,27836344.0,762202.23,28427848.92,11589158.24,2035636.81,16.43,79186.21,85884.74,40.77,7.16,0.67,0.68,46,64,1,5
82,DOC-00082,Dr. Dhriti Devi,Female,Internal Medicine,"MBBS, DNB",11,700.0,2020-06-08,Active,6,DEP006,General Medicine,368,366,4.72,1738,114,52,75,368,27105637.0,551699.81,27881633.95,11191355.01,2105869.86,20.38,75765.31,76179.33,40.14,7.55,0.66,0.7,44,65,10,13
36,DOC-00036,Dr. Nachiket Pandit,Male,Cardiology,"MBBS, MS, MCh",16,1800.0,2016-10-31,Active,2,DEP002,Cardiology,319,299,5.07,1617,80,55,63,319,27067710.0,516472.67,27878799.29,12606743.2,1948530.0,19.75,87394.36,93240.13,45.22,6.99,0.66,0.61,60,66,4,2
31,DOC-00031,Dr. Nathan Iyengar,Male,Orthopedics,"MBBS, MD, DM",11,1800.0,2022-07-04,Active,4,DEP004,Orthopedics,343,327,4.78,1638,97,54,73,343,27199784.0,658920.76,27867906.37,11532212.95,1585356.87,21.28,81247.54,85222.96,41.38,5.69,0.66,0.65,50,67,4,6
39,DOC-00039,Dr. Jalsa Choudhry,Female,Cardiology,"MBBS, MD",1,2000.0,2019-12-19,Active,2,DEP002,Cardiology,315,291,4.87,1535,72,57,67,315,26599873.0,520473.07,27383369.95,11880952.41,1750224.69,21.27,86931.33,94100.93,43.39,6.39,0.65,0.6,63,68,7,3
55,DOC-00055,Dr. Chaitanya Banerjee,Male,Medical Oncology,"MBBS, MD, DM",23,1500.0,2015-04-06,Active,7,DEP007,Oncology,326,322,4.83,1574,89,56,69,326,26675230.0,616157.09,27362026.54,11021874.9,2270148.95,21.17,83932.6,84975.24,40.28,8.3,0.65,0.62,57,69,1,1
92,DOC-00092,Dr. Baghyawati Shroff,Female,Sports Medicine,"MBBS, MS, MCh",6,1000.0,2024-08-10,Active,4,DEP004,Orthopedics,323,298,4.8,1549,86,65,54,323,26660151.0,603895.27,27359068.66,11011317.76,2293242.65,16.72,84703.0,91808.96,40.25,8.38,0.65,0.61,59,70,9,7
87,DOC-00087,Dr. Zilmil Gade,Female,Clinical Oncology,"MBBS, MS, MCh",12,2500.0,2015-11-03,Active,7,DEP007,Oncology,315,297,4.86,1531,89,58,67,315,26528775.0,653746.86,27168779.59,11974881.13,1519494.15,21.27,86250.09,91477.37,44.08,5.59,0.64,0.6,63,71,4,2
94,DOC-00094,Dr. Hemang Thaman,Male,Sports Medicine,"MBBS, MD, DM",20,1500.0,2026-07-16,On Leave,4,DEP004,Orthopedics,307,296,5.02,1541,102,64,70,307,26332819.0,653336.44,26963456.67,11412366.69,1531070.79,22.8,87828.85,91092.76,42.33,5.68,0.64,0.58,69,72,14,8
58,DOC-00058,Dr. Jackson Jhaveri,Male,Interventional Cardiology,"MBBS, DNB",20,2500.0,2014-10-18,Active,2,DEP002,Cardiology,294,293,4.85,1425,83,60,57,294,26126620.0,596720.11,26806394.89,10921325.74,2669226.08,19.39,91178.21,91489.4,40.74,9.96,0.63,0.56,77,73,12,4
56,DOC-00056,Dr. Amaira Pal,Female,Orthopedics,"MBBS, MS, MCh",17,500.0,2016-08-19,Active,4,DEP004,Orthopedics,317,305,4.93,1563,86,57,53,317,25927223.0,533309.42,26663609.33,10425709.72,1885403.94,16.72,84112.33,87421.67,39.1,7.07,0.63,0.6,62,74,11,9
11,DOC-00011,Dr. Hemal Muni,Female,General Medicine,"MBBS, MD, DM",4,1000.0,2014-07-06,Active,6,DEP006,General Medicine,335,321,4.56,1528,83,53,46,335,25478746.0,638228.04,26082543.81,10601688.55,1966082.08,13.73,77858.34,81254.03,40.65,7.54,0.62,0.64,52,75,13,14
103,DOC-00103,Dr. Jasmit Krishnan,Female,Interventional Cardiology,"MBBS, MD, DM",27,1000.0,2026-08-24,Active,2,DEP002,Cardiology,327,309,4.79,1566,95,52,72,327,25505978.0,678026.32,26069349.25,10820922.32,2116545.99,22.02,79722.78,84366.83,41.51,8.12,0.61,0.62,56,76,2,5
27,DOC-00027,Dr. David Deshmukh,Male,Medical Oncology,"MBBS, MD",23,1800.0,2014-03-16,Active,7,DEP007,Oncology,309,299,4.78,1478,81,59,56,309,25500653.0,731523.41,26007586.13,11584832.12,1560400.74,18.12,84166.95,86981.89,44.54,6.0,0.61,0.59,67,77,5,3
84,DOC-00084,Dr. Warhi Raja,Female,Orthopedics,"MBBS, MS, MCh",7,1200.0,2016-06-10,Active,4,DEP004,Orthopedics,331,321,4.54,1504,79,40,67,331,25308830.0,696769.79,25842663.32,11574332.28,2178349.56,20.24,78074.51,80506.74,44.79,8.43,0.61,0.63,54,78,7,10
65,DOC-00065,Dr. Nitara Choudhury,Female,Orthopedics,"MBBS, MD, DM",10,500.0,2019-03-01,Active,4,DEP004,Orthopedics,331,318,4.77,1579,99,50,76,331,25179165.0,688399.37,25715303.93,11281153.74,1520569.12,22.96,77689.74,80865.74,43.87,5.91,0.61,0.63,54,79,7,11
14,DOC-00014,Dr. Chaitanya Buch,Male,Orthopedics,"MBBS, MD",9,2500.0,2024-07-12,Active,4,DEP004,Orthopedics,313,304,4.54,1422,90,53,63,313,25039508.0,634155.96,25625619.61,10356443.99,1454169.32,20.13,81870.99,84294.8,40.41,5.67,0.6,0.59,64,80,12,12
1,DOC-00001,Dr. Viraj Subramanian,Male,Cardiology,"MBBS, MD",2,1200.0,2021-09-10,Active,2,DEP002,Cardiology,325,305,4.81,1562,89,50,56,325,25074567.0,731764.23,25559942.91,11290895.23,1605974.68,17.23,78645.98,83803.09,44.17,6.28,0.6,0.62,58,81,3,6
47,DOC-00047,Dr. Zaid Vohra,Male,Medical Oncology,"MBBS, DNB",9,500.0,2025-12-07,Active,7,DEP007,Oncology,307,297,4.85,1489,69,59,68,307,24850775.0,590090.8,25473718.4,11914433.29,1726639.83,22.15,82976.28,85770.1,46.77,6.78,0.6,0.58,69,82,6,4
53,DOC-00053,Dr. Gauri Rajan,Female,Interventional Cardiology,"MBBS, MS, MCh",18,1500.0,2019-08-11,Active,2,DEP002,Cardiology,308,301,4.69,1443,81,48,63,308,24819220.0,583163.23,25447859.61,10783438.45,1533630.14,20.45,82622.92,84544.38,42.37,6.03,0.6,0.58,68,83,8,7
128,DOC-00128,Dr. Bahadurjit Bose,Male,Neurophysiology,"MBBS, MD",32,500.0,2024-08-20,Active,3,DEP003,Neurology,313,293,4.92,1539,95,57,65,313,24828902.0,619998.04,25419349.18,11248141.22,2273369.21,20.77,81211.98,86755.46,44.25,8.94,0.6,0.59,64,84,1,1
69,DOC-00069,Dr. David Khosla,Male,Orthopedics,"MBBS, DNB",18,2500.0,2013-03-18,Active,4,DEP004,Orthopedics,318,315,4.75,1509,78,43,58,318,24799027.0,592343.38,25417017.81,11296927.53,1492017.91,18.24,79927.73,80688.95,44.45,5.87,0.6,0.6,61,85,10,13
131,DOC-00131,Dr. Yahvi Raja,Female,Clinical Oncology,"MBBS, DNB",6,1500.0,2012-05-10,Active,7,DEP007,Oncology,302,291,4.91,1483,87,58,65,302,24655478.0,652572.04,25203051.33,10264298.81,1559918.98,21.52,83453.81,86608.42,40.73,6.19,0.59,0.57,72,86,9,5
90,DOC-00090,Dr. Lohit Upadhyay,Male,Clinical Oncology,"MBBS, MS",22,500.0,2012-06-08,Active,7,DEP007,Oncology,323,308,4.77,1540,99,54,47,323,24539097.0,538341.21,25200793.61,10837664.01,1899015.57,14.55,78021.03,81820.76,43.01,7.54,0.59,0.61,59,87,2,6
42,DOC-00042,Dr. Harrison Dora,Male,Cardiology,"MBBS, MS, MCh",9,1200.0,2022-09-24,Active,2,DEP002,Cardiology,315,298,4.76,1498,96,49,69,315,24579897.0,589145.1,25190289.5,11554220.63,1277336.18,21.9,79969.17,84531.17,45.87,5.07,0.59,0.6,63,88,7,8
135,DOC-00135,Dr. Charles Bajaj,Male,Medical Oncology,"MBBS, MS",10,1000.0,2024-09-30,Active,7,DEP007,Oncology,294,287,5.0,1469,89,51,59,294,24507810.0,544014.98,25161984.69,10515223.21,2121678.8,20.07,85584.98,87672.42,41.79,8.43,0.59,0.56,77,89,11,7
12,DOC-00012,Dr. Abha Mandal,Female,Sports Medicine,"MBBS, MD, DM",21,1000.0,2018-03-30,Active,4,DEP004,Orthopedics,311,302,4.55,1416,95,56,55,311,24629549.0,679315.39,25147745.3,10346278.98,1601518.05,17.68,80860.92,83270.68,41.14,6.37,0.59,0.59,65,90,13,14
109,DOC-00109,Dr. Jagat Divan,Male,Neurophysiology,"MBBS, MS, MCh",5,500.0,2013-08-19,Active,3,DEP003,Neurology,313,298,4.98,1560,93,53,41,313,24520888.0,620645.32,25095254.83,10291365.01,1739580.4,13.1,80176.53,84212.26,41.01,6.93,0.59,0.59,64,91,1,2
89,DOC-00089,Dr. Faras Gade,Male,Interventional Cardiology,"MBBS, MS, MCh",18,2000.0,2014-09-20,Active,2,DEP002,Cardiology,318,314,4.72,1500,83,44,57,318,24400300.0,554652.16,25037930.29,9776360.72,2663832.43,17.92,78735.63,79738.63,39.05,10.64,0.59,0.6,61,92,5,9
124,DOC-00124,Dr. Krishna Modi,Male,Medical Oncology,"MBBS, DNB",22,2500.0,2017-05-19,Active,7,DEP007,Oncology,303,291,4.55,1379,87,40,49,303,24095070.0,455013.49,24822059.36,10458666.95,1223325.93,16.17,81920.99,85299.17,42.13,4.93,0.59,0.57,71,93,8,8
105,DOC-00105,Dr. Ekapad Pal,Male,Cardiology,"MBBS, MS",14,1000.0,2014-03-22,Active,2,DEP002,Cardiology,333,309,4.56,1519,107,42,69,333,24063355.0,656317.84,24577389.03,11349851.59,2134443.33,20.72,73805.97,79538.48,46.18,8.68,0.58,0.63,53,94,1,10
138,DOC-00138,Dr. Urishilla Panchal,Female,Neurophysiology,"MBBS, MD, DM",5,2000.0,2024-07-21,Active,3,DEP003,Neurology,290,282,4.9,1422,84,51,53,290,23977598.0,603594.13,24542704.12,10125245.8,1797200.95,18.28,84630.01,87030.87,41.26,7.32,0.58,0.55,80,95,5,3
19,DOC-00019,Dr. Bishakha Patel,Female,Neurophysiology,"MBBS, MD, DM",35,2500.0,2020-04-27,Active,3,DEP003,Neurology,281,273,4.91,1379,78,48,59,281,23773268.0,522518.12,24413287.39,9154671.49,1975791.1,21.0,86880.03,89425.96,37.5,8.09,0.58,0.53,83,96,7,4
74,DOC-00074,Dr. Zilmil Aggarwal,Female,Medical Oncology,"MBBS, MD, DM",35,2500.0,2016-11-06,Active,7,DEP007,Oncology,292,288,4.62,1350,78,45,66,292,23516546.0,571526.22,24092270.75,10769538.47,1859087.66,22.6,82507.78,83653.72,44.7,7.72,0.57,0.55,78,97,12,9
150,DOC-00150,Dr. Kamala Bhargava,Female,Cardiology,"MBBS, MS",30,1200.0,2024-02-04,Active,2,DEP002,Cardiology,299,292,4.71,1407,83,48,55,299,23535660.0,638008.01,24042534.58,10415769.48,1404706.37,18.39,80409.81,82337.45,43.32,5.84,0.57,0.57,75,98,10,11
26,DOC-00026,Dr. Jagrati Borde,Female,Neurophysiology,"MBBS, MS",31,1000.0,2011-11-02,Active,3,DEP003,Neurology,301,292,4.69,1411,83,52,46,301,23422403.0,549281.77,24016777.24,11003426.57,1804202.08,15.28,79789.96,82249.24,45.82,7.51,0.57,0.57,73,99,3,5
96,DOC-00096,Dr. Balvan Bala,Male,Cardiology,"MBBS, MS",13,1500.0,2016-11-02,Active,2,DEP002,Cardiology,296,281,4.66,1379,81,48,86,296,23362937.0,605611.49,23895191.75,9744128.43,2250122.23,29.05,80727.0,85036.27,40.78,9.42,0.56,0.56,76,100,11,12
114,DOC-00114,Dr. Om Mangat,Male,Clinical Oncology,"MBBS, DNB",32,700.0,2025-08-22,Active,7,DEP007,Oncology,307,298,4.99,1532,79,47,51,307,23326616.0,613669.06,23848594.27,9200604.14,1842482.24,16.61,77682.72,80028.84,38.58,7.73,0.56,0.58,69,101,6,10
117,DOC-00117,Dr. Vrishti Bedi,Female,Clinical Oncology,"MBBS, MD, DM",33,500.0,2013-12-04,Active,7,DEP007,Oncology,309,302,4.7,1452,92,51,64,309,23249852.0,657470.57,23722000.54,9948116.94,1295900.38,20.71,76770.23,78549.67,41.94,5.46,0.56,0.59,67,102,5,11
21,DOC-00021,Dr. Umang Vaidya,Male,Interventional Cardiology,"MBBS, MS, MCh",35,800.0,2022-05-02,Active,2,DEP002,Cardiology,317,304,4.67,1480,86,42,64,317,22789488.0,519364.14,23383630.05,9331375.38,1576809.78,20.19,73765.39,76919.84,39.91,6.74,0.55,0.6,62,103,6,13
41,DOC-00041,Dr. Inaya Raman,Female,Neurology,"MBBS, MS, MCh",29,2500.0,2024-04-18,Active,3,DEP003,Neurology,276,251,4.92,1359,74,35,44,276,22714445.0,445349.82,23382549.91,10397961.13,2003532.99,15.94,84719.38,93157.57,44.47,8.57,0.55,0.52,86,104,10,6
13,DOC-00013,Dr. Charan Murty,Male,Neurophysiology,"MBBS, MS, MCh",16,2500.0,2019-09-03,Active,3,DEP003,Neurology,269,264,4.8,1292,79,47,48,269,22857400.0,596306.3,23374148.4,10007439.04,1125958.17,17.84,86892.74,88538.44,42.81,4.82,0.55,0.51,88,105,11,7
115,DOC-00115,Dr. Ayushman Roy,Male,Interventional Cardiology,"MBBS, DNB",11,1500.0,2020-11-17,Active,2,DEP002,Cardiology,299,293,4.62,1380,90,44,60,299,22750032.0,531298.35,23329670.4,10156160.62,1910567.62,20.07,78025.65,79623.45,43.53,8.19,0.55,0.57,75,106,10,14
52,DOC-00052,Dr. Vaishnavi Balay,Female,Sports Medicine,"MBBS, DNB",15,500.0,2011-11-22,Active,4,DEP004,Orthopedics,333,332,4.27,1421,84,35,73,333,22644044.0,561167.01,23187020.95,10003864.29,1834903.41,21.92,69630.69,69840.42,43.14,7.91,0.55,0.63,53,107,6,15
72,DOC-00072,Dr. Inaya Warrior,Female,Clinical Oncology,"MBBS, MS, MCh",4,1000.0,2013-05-27,Active,7,DEP007,Oncology,300,284,4.75,1426,79,42,49,300,22417552.0,424010.54,23093218.58,10497505.1,1682285.89,16.33,76977.4,81314.15,45.46,7.28,0.54,0.57,74,108,10,12
8,DOC-00008,Dr. Qadim Suresh,Male,Interventional Cardiology,"MBBS, DNB",15,700.0,2021-06-27,Active,2,DEP002,Cardiology,291,271,4.85,1411,86,48,55,291,22454703.0,640258.21,22905167.06,8960544.7,2042506.24,18.9,78711.91,84520.91,39.12,8.92,0.54,0.55,79,109,13,15
144,DOC-00144,Dr. Gabriel Sachdev,Male,Neurophysiology,"MBBS, MS",6,1200.0,2023-09-21,Active,3,DEP003,Neurology,259,248,4.94,1279,63,53,63,259,22187170.0,457690.3,22815953.7,10649522.55,1579418.96,24.32,88092.49,91999.81,46.68,6.92,0.54,0.49,94,110,15,8
68,DOC-00068,Dr. Aarnav Barman,Male,ENT,"MBBS, MD, DM",28,2500.0,2016-06-21,Active,9,DEP009,ENT,265,261,4.56,1209,80,52,69,265,22252808.0,598338.05,22737193.41,10052947.2,1597023.75,26.04,85800.73,87115.68,44.21,7.02,0.54,0.5,90,111,3,1
116,DOC-00116,Dr. Michael Pandya,Male,Clinical Oncology,"MBBS, DNB",3,2000.0,2025-05-05,Active,7,DEP007,Oncology,291,272,4.65,1352,75,39,58,291,22173327.0,561801.55,22692101.7,9579589.31,1816828.28,19.93,77979.73,83426.84,42.22,8.01,0.54,0.55,79,112,13,13
71,DOC-00071,Dr. Om Bajaj,Male,Clinical Oncology,"MBBS, DNB",10,1000.0,2014-01-30,Active,7,DEP007,Oncology,289,274,4.6,1329,71,46,46,289,22041664.0,441239.8,22680445.36,8504890.8,1524790.83,15.92,78479.05,82775.35,37.5,6.72,0.53,0.55,81,113,14,14
45,DOC-00045,Dr. Bhavini Maharaj,Female,Neurophysiology,"MBBS, MS, MCh",17,800.0,2016-08-24,Active,3,DEP003,Neurology,280,267,4.96,1390,79,49,55,280,22086598.0,512977.62,22652301.38,11021910.52,1118568.44,19.64,80901.08,84840.08,48.66,4.94,0.53,0.53,84,114,8,9
127,DOC-00127,Dr. Fitan Ratti,Male,Sports Medicine,"MBBS, MD, DM",27,500.0,2019-06-04,Active,4,DEP004,Orthopedics,300,282,4.61,1383,93,46,57,300,22074789.0,564030.88,22586295.99,9679945.11,1413898.04,19.0,75287.65,80093.25,42.86,6.26,0.53,0.57,74,115,15,16
133,DOC-00133,Dr. Vritti Cheema,Female,Cardiology,"MBBS, MD, DM",28,700.0,2023-09-14,Active,2,DEP002,Cardiology,305,288,4.5,1371,76,49,67,305,22030707.0,559970.16,22544273.57,10669567.91,1280244.19,21.97,73915.65,78278.73,47.33,5.68,0.53,0.58,70,116,9,16
141,DOC-00141,Dr. Janya Chawla,Female,Medical Oncology,"MBBS, MS, MCh",18,500.0,2019-01-29,Active,7,DEP007,Oncology,305,298,4.5,1371,74,46,55,305,21908183.0,576477.88,22398290.38,9775050.43,1321379.09,18.03,73437.02,75162.05,43.64,5.9,0.53,0.58,70,117,7,15
77,DOC-00077,Dr. Anirudh Chaudhuri,Male,Neurophysiology,"MBBS, DNB",30,800.0,2013-08-14,Active,3,DEP003,Neurology,281,271,4.73,1329,79,50,50,281,21841372.0,515036.34,22392652.42,9051803.04,1485625.02,17.79,79689.15,82629.71,40.42,6.63,0.53,0.53,83,118,7,10
76,DOC-00076,Dr. Kamala Barad,Female,Neurology,"MBBS, MD",35,500.0,2024-08-04,Active,3,DEP003,Neurology,310,294,4.56,1413,85,42,71,310,21769986.0,512022.52,22320861.63,10030980.39,1318345.0,22.9,72002.78,75921.3,44.94,5.91,0.53,0.59,66,119,2,11
113,DOC-00113,Dr. Nandini Anand,Female,Neurophysiology,"MBBS, MS",31,2500.0,2025-05-16,On Leave,3,DEP003,Neurology,268,268,4.56,1222,84,47,52,268,21777467.0,542922.9,22296271.32,10267252.93,1586087.46,19.4,83195.04,83195.04,46.05,7.11,0.53,0.51,89,120,12,12
75,DOC-00075,Dr. Theodore Kannan,Male,Clinical Oncology,"MBBS, MS",32,500.0,2015-02-16,Active,7,DEP007,Oncology,317,308,4.57,1450,81,42,63,317,21823291.0,636788.69,22245827.42,9881063.59,1352278.45,19.87,70176.11,72226.71,44.42,6.08,0.52,0.6,62,121,3,16
148,DOC-00148,Dr. Yashodhara Sani,Female,Interventional Cardiology,"MBBS, MS, MCh",30,1500.0,2015-11-12,Active,2,DEP002,Cardiology,275,269,4.77,1311,85,47,60,275,21726650.0,590965.46,22192468.8,8756469.16,1450596.56,21.82,80699.89,82499.88,39.46,6.54,0.52,0.52,87,122,14,17
88,DOC-00088,Dr. Girindra Varty,Male,Otolaryngology,"MBBS, DNB",31,2000.0,2020-12-15,Active,9,DEP009,ENT,269,261,4.87,1309,73,39,64,269,21564593.0,440559.91,22180234.7,10031188.59,1776965.87,23.79,82454.4,84981.74,45.23,8.01,0.52,0.51,88,123,1,2
130,DOC-00130,Dr. Ekantika Virk,Female,Neurophysiology,"MBBS, DNB",5,2000.0,2020-11-14,Active,3,DEP003,Neurology,278,274,4.68,1302,72,38,59,278,21300632.0,371200.27,21975903.36,8644369.14,1659945.05,21.22,79050.01,80204.03,39.34,7.55,0.52,0.53,85,124,9,13
143,DOC-00143,Dr. Ranbir Sarma,Male,Neurophysiology,"MBBS, MD",7,500.0,2014-08-24,Active,3,DEP003,Neurology,296,295,4.47,1324,89,39,60,296,20926111.0,433688.37,21517043.77,9347392.74,1456809.52,20.27,72692.72,72939.13,43.44,6.77,0.51,0.56,76,125,4,14
95,DOC-00095,Dr. Hema Rana,Female,Otolaryngology,"MBBS, DNB",22,1500.0,2019-02-06,Active,9,DEP009,ENT,258,256,4.8,1238,76,45,44,258,20741483.0,451991.17,21303966.48,9131983.74,1585343.57,17.05,82573.51,83218.62,42.87,7.44,0.5,0.49,95,126,5,3
126,DOC-00126,Dr. Yachana Vyas,Female,ENT,"MBBS, MS",25,2000.0,2015-10-27,Active,9,DEP009,ENT,251,249,4.78,1201,80,37,50,251,20680064.0,546350.65,21140399.04,9946109.7,1622385.17,19.92,84224.7,84901.2,47.05,7.67,0.5,0.48,101,127,10,4
15,DOC-00015,Dr. Wridesh Sheth,Male,Neurophysiology,"MBBS, MS, MCh",28,700.0,2024-10-01,Active,3,DEP003,Neurology,264,264,4.62,1219,61,43,55,264,20554385.0,479380.28,21078754.96,9337956.85,1765007.68,20.83,79843.77,79843.77,44.3,8.37,0.5,0.5,91,128,13,15
17,DOC-00017,Dr. Chaitanya Singh,Male,Clinical Oncology,"MBBS, MS, MCh",11,2000.0,2022-05-18,Active,7,DEP007,Oncology,253,243,4.83,1222,71,36,54,253,20410911.0,435605.54,20974070.65,8360495.35,1580193.4,21.34,82901.47,86313.05,39.86,7.53,0.49,0.48,100,129,15,17
32,DOC-00032,Dr. Anamika Johal,Female,Neurophysiology,"MBBS, MD, DM",25,500.0,2025-10-22,Active,3,DEP003,Neurology,287,269,4.43,1270,90,40,55,287,20330039.0,552712.21,20766193.09,8828059.55,995954.49,19.16,72356.07,77197.74,42.51,4.8,0.49,0.54,82,130,6,16
119,DOC-00119,Dr. Reva Sidhu,Female,Neurophysiology,"MBBS, MD",19,2000.0,2022-10-30,Active,3,DEP003,Neurology,290,277,4.43,1285,68,33,67,290,20189699.0,466184.57,20709690.22,8429548.56,1709282.93,23.1,71412.72,74764.22,40.7,8.25,0.49,0.55,80,131,5,17
62,DOC-00062,Dr. Raghav Sampath,Male,Neurophysiology,"MBBS, MD",6,1200.0,2014-10-08,Active,3,DEP003,Neurology,260,255,4.76,1238,66,44,52,260,20012919.0,553565.59,20432321.11,8227660.86,1852020.98,20.0,78585.85,80126.75,40.27,9.06,0.48,0.49,93,132,14,18
22,DOC-00022,Dr. Kritika Khurana,Female,ENT,"MBBS, DNB",28,1000.0,2019-07-15,Active,9,DEP009,ENT,254,246,4.72,1200,75,39,52,254,20025788.0,587511.5,20410190.34,8950602.74,1428859.62,20.47,80355.08,82968.25,43.85,7.0,0.48,0.48,99,133,8,5
106,DOC-00106,Dr. Parth Muni,Male,Otolaryngology,"MBBS, MS, MCh",5,800.0,2026-01-16,Active,9,DEP009,ENT,258,250,4.61,1190,84,41,60,258,19906785.0,472173.65,20406341.87,9555478.17,1849880.37,23.26,79094.35,81625.37,46.83,9.07,0.48,0.49,95,134,5,6
16,DOC-00016,Dr. Pushti Bhasin,Female,Otolaryngology,"MBBS, DNB",1,700.0,2019-07-17,Active,9,DEP009,ENT,253,246,4.87,1232,62,38,46,253,19880065.0,457882.53,20393291.63,8948584.04,1382087.98,18.18,80605.9,82899.56,43.88,6.78,0.48,0.48,100,135,9,7
30,DOC-00030,Dr. Yamini Rau,Female,ENT,"MBBS, MD",7,500.0,2016-04-09,Active,9,DEP009,ENT,261,240,4.79,1250,81,40,51,261,19862706.0,532196.62,20297034.9,9194998.22,2100659.97,19.54,77766.42,84570.98,45.3,10.35,0.48,0.5,92,136,4,8
111,DOC-00111,Dr. David Tak,Male,ENT,"MBBS, MD, DM",35,2000.0,2014-04-06,Active,9,DEP009,ENT,255,243,4.59,1170,73,39,53,255,19592348.0,434416.73,20115827.81,8778024.71,1157743.68,20.78,78885.6,82781.18,43.64,5.76,0.47,0.48,98,137,7,9
35,DOC-00035,Dr. Dayamai Nazareth,Female,ENT,"MBBS, MS",11,500.0,2020-12-09,Active,9,DEP009,ENT,256,249,4.83,1236,79,45,50,256,19642128.0,518203.92,20080120.27,8769831.0,1832004.66,19.53,78437.97,80643.05,43.67,9.12,0.47,0.49,97,138,6,10
33,DOC-00033,Dr. Azad Batra,Male,ENT,"MBBS, MD",32,800.0,2022-01-24,Active,9,DEP009,ENT,226,225,4.98,1125,67,48,53,226,19055397.0,410176.13,19577481.89,8806514.31,1102572.38,23.45,86626.03,87011.03,44.98,5.63,0.46,0.43,108,139,17,11
2,DOC-00002,Dr. Alexander Mitter,Male,ENT,"MBBS, MS",6,1800.0,2017-12-09,Active,9,DEP009,ENT,232,231,4.78,1110,60,38,46,232,18997701.0,470723.18,19453326.71,7809984.23,2130847.02,19.83,83850.55,84213.54,40.15,10.95,0.46,0.44,106,140,15,12
18,DOC-00018,Dr. Dalaja Pant,Female,ENT,"MBBS, MS",7,1200.0,2026-06-12,Active,9,DEP009,ENT,268,252,4.54,1217,77,35,52,268,18932954.0,539529.22,19313096.08,7645452.27,945584.26,19.4,72063.79,76639.27,39.59,4.9,0.46,0.51,89,141,2,13
118,DOC-00118,Dr. Aadhya Prashad,Female,ENT,"MBBS, MS",24,2000.0,2026-05-21,Active,9,DEP009,ENT,244,244,4.7,1147,81,38,40,244,18795468.0,479631.6,19231628.26,8981660.04,1155547.09,16.39,78818.15,78818.15,46.7,6.01,0.45,0.46,104,142,13,14
66,DOC-00066,Dr. Sanya Arya,Female,ENT,"MBBS, MD, DM",30,500.0,2018-07-20,Active,9,DEP009,ENT,256,248,4.74,1213,64,39,51,256,18803124.0,502846.68,19215291.19,7432150.24,1469470.25,19.92,75059.73,77481.01,38.68,7.65,0.45,0.49,97,143,6,15
123,DOC-00123,Dr. Tanveer Pant,Male,ENT,"MBBS, MD",10,1800.0,2019-06-16,Active,9,DEP009,ENT,243,243,4.73,1149,75,28,53,243,18672271.0,372680.3,19214570.21,8449300.55,1312179.89,21.81,79072.31,79072.31,43.97,6.83,0.45,0.46,105,144,14,16
40,DOC-00040,Dr. Triya Sem,Female,ENT,"MBBS, MS",17,800.0,2024-02-18,Active,9,DEP009,ENT,247,245,4.94,1221,62,33,41,247,18708228.0,495595.5,19123264.16,8687585.42,1441034.73,16.6,77422.12,78054.14,45.43,7.54,0.45,0.47,102,145,11,17
81,DOC-00081,Dr. Aashi Sangha,Female,Neurology,"MBBS, MD, DM",31,700.0,2023-11-03,Active,3,DEP003,Neurology,257,257,4.67,1199,61,37,57,257,18238391.0,418513.04,18710871.86,8811828.73,1253949.79,22.18,72804.95,72804.95,47.09,6.7,0.44,0.49,96,146,16,19
145,DOC-00145,Dr. Girindra Sachar,Male,Otolaryngology,"MBBS, MS",24,2500.0,2022-03-22,Active,9,DEP009,ENT,246,238,4.55,1119,74,32,48,246,17909209.0,433386.1,18349614.06,7329938.29,1170646.3,19.51,74591.93,77099.22,39.95,6.38,0.43,0.47,103,147,12,18
57,DOC-00057,Dr. Bahadurjit Sane,Male,Otolaryngology,"MBBS, MS, MCh",13,1500.0,2023-12-26,Active,9,DEP009,ENT,224,220,4.67,1047,69,31,53,224,17959755.0,505473.66,18326995.44,8640799.91,1269332.98,23.66,81816.94,83304.52,47.15,6.93,0.43,0.43,109,148,18,19
10,DOC-00010,Dr. Laban Kala,Male,Otolaryngology,"MBBS, MS, MCh",16,800.0,2022-05-15,Active,9,DEP009,ENT,224,217,4.61,1032,67,39,36,224,17499471.0,456945.04,17894652.26,7417539.43,960666.66,16.07,79886.84,82463.84,41.45,5.37,0.42,0.43,109,149,18,20
34,DOC-00034,Dr. Teerth Dewan,Male,Otolaryngology,"MBBS, MS, MCh",4,1500.0,2021-11-17,Active,9,DEP009,ENT,231,222,4.58,1058,72,23,43,231,17020716.0,383572.54,17469000.66,6553604.68,1267418.82,18.61,75623.38,78689.19,37.52,7.26,0.41,0.44,107,150,16,21
