report_date,generated_at,dataset,rows,columns
2026-10-01,2026-09-27 18:53:01.731840,executive_scorecard,13,4
2026-10-01,2026-09-27 18:53:01.731875,monthly_mis,46,23
2026-10-01,2026-09-27 18:53:01.731888,department_scorecard,10,27
2026-10-01,2026-09-27 18:53:01.731897,claims_mis,5,15
2026-10-01,2026-09-27 18:53:01.731907,receivables_mis,5,9
2026-10-01,2026-09-27 18:53:01.731917,payer_mix,2,11
2026-10-01,2026-09-27 18:53:01.731926,payment_mix,4,7
2026-10-01,2026-09-27 18:53:01.731934,doctor_mis,150,37
2026-10-01,2026-09-27 18:53:01.731943,management_exceptions,19,9
2026-10-01,2026-09-27 18:53:01.731951,executive_commentary,8,3
2026-10-01,2026-09-27 18:53:01.731957,management_summary,40,4
