month_start,bills,billed_patients,gross_revenue,discount_amount,discount_rate_pct,net_revenue,insurance_receivable,patient_responsibility,collected_amount,outstanding_amount,collection_efficiency_pct,outstanding_rate_pct,net_revenue_mom_growth_pct,collection_mom_growth_pct,rolling_3_month_revenue,rolling_3_month_collection,admissions,average_length_of_stay,emergency_admissions,icu_admissions,readmissions,readmission_rate_pct
2023-01-01,941,919,69442207.0,1794595.3,2.58,71029992.25,37932480.97,33097511.22,28197046.93,4900464.11,39.7,6.9,,,71029992.25,28197046.93,1123.0,4.9,316.0,204.0,206.0,18.34
2023-02-01,1065,1047,86205091.0,2139797.01,2.48,88268558.72,42815696.22,45452862.5,37564468.65,7888393.77,42.56,8.94,24.27,33.22,79649275.49,32880757.79,1078.0,4.79,275.0,175.0,228.0,21.15
2023-03-01,1143,1113,88264101.0,2156236.66,2.44,90413257.52,46769416.82,43643840.6,37390197.88,6253642.83,41.35,6.92,2.43,-0.46,83237269.5,34383904.49,1140.0,4.77,324.0,176.0,205.0,17.98
2023-04-01,1189,1163,94999777.0,2200006.39,2.32,97439759.23,46694295.23,50745464.02,44650805.84,6094658.09,45.82,6.25,7.77,19.42,92040525.16,39868490.79,1165.0,4.76,311.0,182.0,237.0,20.34
2023-05-01,1123,1091,88450642.0,2318555.73,2.62,90438690.62,45225839.46,45212851.09,39081680.75,6131170.37,43.21,6.78,-7.19,-12.47,92763902.46,40374228.16,1134.0,4.81,333.0,173.0,223.0,19.66
2023-06-01,1115,1093,88521946.0,2202097.39,2.49,90635841.0,45851893.42,44783947.56,39086493.24,5697454.29,43.12,6.29,0.22,0.01,92838096.95,40939659.94,1126.0,4.8,317.0,187.0,228.0,20.25
2023-07-01,1125,1092,89801796.0,2152081.03,2.4,92032200.68,46109704.24,45922496.49,39754852.29,6167644.12,43.2,6.7,1.54,1.71,91035577.43,39307675.43,1082.0,4.71,338.0,170.0,212.0,19.59
2023-08-01,1133,1112,90039392.0,2213354.7,2.46,92217339.21,45759886.88,46457452.4,39017759.78,7439692.64,42.31,8.07,0.2,-1.85,91628460.3,39286368.44,1166.0,4.85,317.0,183.0,255.0,21.87
2023-09-01,1088,1062,85752219.0,2058883.82,2.4,87878001.93,43270115.48,44607886.55,37978995.83,6628890.66,43.22,7.54,-4.71,-2.66,90709180.61,38917202.63,1046.0,4.84,279.0,152.0,207.0,19.79
2023-10-01,1124,1090,89833531.0,2293771.96,2.55,91916747.01,45610370.16,46306376.8,39798506.0,6507870.74,43.3,7.08,4.6,4.79,90670696.05,38931753.87,1149.0,4.83,312.0,191.0,232.0,20.19
2023-11-01,1047,1026,80854943.0,1928644.45,2.39,82872613.51,42816324.11,40056289.46,34377303.91,5678985.54,41.48,6.85,-9.84,-13.62,87555787.48,37384935.25,1046.0,4.75,306.0,159.0,208.0,19.89
2023-12-01,1080,1051,84993597.0,1972218.91,2.32,87172447.07,42375907.83,44796539.16,38373937.47,6422601.75,44.02,7.37,5.19,11.63,87320602.53,37516582.46,1097.0,4.73,312.0,166.0,216.0,19.69
2024-01-01,1169,1140,88107740.0,2038400.29,2.31,90372806.68,45629601.85,44743204.85,38386523.36,6356681.54,42.48,7.03,3.67,0.03,86805955.75,37045921.58,1156.0,4.65,313.0,168.0,216.0,18.69
2024-02-01,1058,1035,83196839.0,1974742.37,2.37,85283201.43,41869365.39,43413836.12,36817232.26,6596603.95,43.17,7.73,-5.63,-4.09,87609485.06,37859231.03,1074.0,4.95,320.0,178.0,241.0,22.44
2024-03-01,1120,1098,86501857.0,2021857.72,2.34,88703999.25,43703093.66,45000905.66,38771515.55,6229390.03,43.71,7.02,4.01,5.31,88120002.45,37991757.06,1138.0,4.75,285.0,159.0,240.0,21.09
2024-04-01,1121,1084,88416608.0,2170601.81,2.45,90558306.49,46481333.48,44076972.99,37674316.42,6402656.5,41.6,7.07,2.09,-2.83,88181835.72,37754354.74,1103.0,4.85,319.0,187.0,225.0,20.4
2024-05-01,1132,1104,89633967.0,2313017.21,2.58,91686997.39,48425895.47,43261101.93,37118490.58,6142611.23,40.48,6.7,1.25,-1.48,90316434.38,37854774.18,1110.0,4.72,307.0,180.0,227.0,20.45
2024-06-01,1075,1050,86228201.0,2090661.2,2.42,88344416.75,45815753.26,42528663.66,36729007.01,5799656.59,41.57,6.56,-3.65,-1.05,90196573.54,37173938.0,1075.0,4.79,289.0,165.0,204.0,18.98
2024-07-01,1123,1103,87128602.0,2301551.46,2.64,89068402.94,45899414.31,43168988.68,37064075.63,6104913.14,41.61,6.85,0.82,0.91,89699939.03,36970524.41,1145.0,4.88,324.0,186.0,228.0,19.91
2024-08-01,1154,1135,92580863.0,2185826.71,2.36,94914788.04,46649805.29,48264982.78,41823907.16,6441075.66,44.06,6.79,6.56,12.84,90775869.24,38538996.6,1134.0,4.75,346.0,180.0,215.0,18.96
2024-09-01,1059,1033,82000678.0,1906898.18,2.33,84098468.76,41984606.12,42113862.75,35540823.5,6573039.48,42.26,7.82,-11.4,-15.02,89360553.25,38142935.43,1056.0,4.77,284.0,146.0,188.0,17.8
2024-10-01,1154,1128,90679330.0,2072536.04,2.29,93037133.68,45217051.75,47820082.04,41380827.04,6439254.8,44.48,6.92,10.63,16.43,90683463.49,39581852.57,1176.0,4.67,322.0,188.0,220.0,18.71
2024-11-01,1126,1090,89893266.0,1978292.65,2.2,92310722.06,46138124.16,46172597.9,39409139.39,6763458.42,42.69,7.33,-0.78,-4.76,89815441.5,38776929.98,1107.0,4.96,303.0,201.0,220.0,19.87
2024-12-01,1160,1132,94569528.0,2245933.91,2.37,96939773.81,47168047.32,49771726.48,43419891.03,6351835.55,44.79,6.55,5.01,10.18,94095876.52,41403285.82,1189.0,4.81,327.0,176.0,223.0,18.76
2025-01-01,1135,1117,91092511.0,2252823.92,2.47,93281671.3,48175223.43,45106447.93,38934276.02,6172171.97,41.74,6.62,-3.77,-10.33,94177389.06,40587768.81,1114.0,4.89,317.0,202.0,238.0,21.36
2025-02-01,1021,998,80495405.0,1992527.02,2.48,82428022.07,40339962.96,42088058.79,36006734.52,6081324.46,43.68,7.38,-11.64,-7.52,90883155.73,39453633.86,1020.0,4.76,296.0,161.0,189.0,18.53
2025-03-01,1139,1112,87708893.0,2038915.69,2.32,89953476.08,44407947.61,45545528.63,39665103.86,5880424.76,44.1,6.54,9.13,10.16,88554389.82,38202038.13,1159.0,4.65,333.0,167.0,231.0,19.93
2025-04-01,1125,1103,85378407.0,2118810.74,2.48,87422576.1,43239059.2,44183517.0,37824625.59,6358891.43,43.27,7.27,-2.81,-4.64,86601358.08,37832154.66,1105.0,4.74,319.0,167.0,251.0,22.71
2025-05-01,1162,1138,91556565.0,2154248.79,2.35,93872432.16,46719493.01,47152939.04,40380652.57,6772286.3,43.02,7.21,7.38,6.76,90416161.45,39290127.34,1170.0,4.78,323.0,182.0,246.0,21.03
2025-06-01,1085,1067,88877662.0,2055260.98,2.31,91163521.03,47120944.25,44042576.76,37689695.14,6352881.55,41.34,6.97,-2.89,-6.66,90819509.76,38631657.77,1077.0,4.86,305.0,194.0,244.0,22.66
2025-07-01,1100,1067,86709751.0,2099204.54,2.42,88841073.79,42979583.04,45861490.74,40204830.12,5656660.58,45.25,6.37,-2.55,6.67,91292342.33,39425059.28,1121.0,4.83,324.0,175.0,223.0,19.89
2025-08-01,1165,1137,91973375.0,2328552.52,2.53,94127063.77,49273108.42,44853955.21,38505101.02,6348854.09,40.91,6.74,5.95,-4.23,91377219.53,38799875.43,1142.0,4.83,299.0,184.0,223.0,19.53
2025-09-01,1060,1029,82624557.0,1956650.72,2.37,84701301.6,43555944.12,41145357.5,35880817.83,5264539.85,42.36,6.22,-10.01,-6.82,89223146.39,38196916.32,1070.0,4.81,304.0,163.0,203.0,18.97
2025-10-01,1142,1115,91555701.0,2171317.85,2.37,93853602.32,48685983.85,45167618.3,38694065.57,6473552.78,41.23,6.9,10.81,7.84,90893989.23,37693328.14,1122.0,4.77,321.0,187.0,228.0,20.32
2025-11-01,1069,1037,82281755.0,2037214.38,2.48,84256767.75,41428832.67,42827934.93,37029408.49,5798526.42,43.95,6.88,-10.23,-4.3,87603890.56,37201430.63,1083.0,4.79,305.0,160.0,215.0,19.85
2025-12-01,1154,1120,89877330.0,2110377.85,2.35,92155299.85,48308628.6,43846671.13,37466007.24,6380664.1,40.66,6.92,9.37,1.18,90088556.64,37729827.1,1151.0,4.73,331.0,165.0,236.0,20.5
2026-01-01,1141,1117,92856119.0,2016093.66,2.17,95382026.71,47596683.99,47785342.68,40935808.29,6849534.41,42.92,7.18,3.5,9.26,90598031.44,38477074.67,1141.0,4.9,307.0,207.0,226.0,19.81
2026-02-01,1033,1011,82906537.0,1889898.16,2.28,85067470.78,41117045.82,43950424.9,38451749.85,5498675.22,45.2,6.46,-10.81,-6.07,90868265.78,38951188.46,1075.0,4.78,310.0,166.0,221.0,20.56
2026-03-01,1208,1173,96026096.0,2231712.25,2.32,98484102.93,49056232.87,49427870.0,42380031.35,7047838.83,43.03,7.16,15.77,10.22,92977866.81,40589196.5,1174.0,4.67,300.0,161.0,217.0,18.48
2026-04-01,1103,1083,85703922.0,1952052.69,2.28,87939462.68,43838662.01,44100800.67,38108570.16,5992230.49,43.34,6.81,-10.71,-10.08,90497012.13,39646783.79,1092.0,4.9,306.0,162.0,263.0,24.08
2026-05-01,1143,1111,86926320.0,2278402.59,2.62,88880313.28,45011136.91,43869176.31,36941266.58,6927909.86,41.56,7.79,1.07,-3.06,91767959.63,39143289.36,1164.0,4.7,289.0,167.0,236.0,20.27
2026-06-01,1086,1063,85838616.0,2020705.1,2.35,88008806.48,45333529.72,42675276.84,36146786.05,6528490.72,41.07,7.42,-0.98,-2.15,88276194.15,37065540.93,1103.0,4.93,298.0,176.0,223.0,20.22
2026-07-01,1192,1158,95950381.0,2295678.94,2.39,98337437.17,49772686.46,48564750.55,41496678.95,7068071.74,42.2,7.19,11.74,14.8,91742185.64,38194910.53,1143.0,4.76,304.0,182.0,249.0,21.78
2026-08-01,1136,1105,88159679.0,2151918.45,2.44,90308148.58,43825214.32,46482934.25,39847644.77,6635289.65,44.12,7.35,-8.17,-3.97,92218130.74,39163703.26,1143.0,4.68,309.0,165.0,217.0,18.99
2026-09-01,2862,1799,171221565.0,4350046.72,2.54,175215093.98,85967281.7,89247812.52,75559715.21,13688097.46,43.12,7.81,94.02,89.62,121286893.24,52301346.31,3513.0,3.95,1082.0,620.0,582.0,16.57
2026-10-01,812,282,105707525.0,2497947.55,2.36,108370056.29,52514709.37,55855347.02,47594682.62,8260664.34,43.92,7.62,-38.15,-37.01,124631099.62,54334014.2,,,,,,
