batch_id,lab_test_id,patient_id,admission_id,doctor_id,test_date,test_name,test_category,result_value,result_unit,result_status,test_cost,abnormal_flag
BATCH-20260924-002,LAB-000151172,PAT-0002233,ADM-00050457,DOC-00091,2026-09-24 01:23:25,Troponin,Cardiac,Normal,,Normal,1336.46,False
BATCH-20260924-002,LAB-000151173,PAT-0002233,ADM-00050457,DOC-00091,2026-09-24 01:23:25,Troponin,Cardiac,Normal,,Normal,1355.91,False
BATCH-20260924-002,LAB-000151174,PAT-0002233,ADM-00050457,DOC-00091,2026-09-24 01:23:25,Liver Function Test,Biochemistry,Normal,,Normal,1333.62,False
BATCH-20260924-002,LAB-000151175,PAT-0002233,ADM-00050457,DOC-00091,2026-09-24 01:23:25,Troponin,Cardiac,Normal,,Normal,1296.19,False
BATCH-20260924-002,LAB-000151176,PAT-0009764,ADM-00050458,DOC-00080,2026-09-24 06:54:54,Blood Glucose,Biochemistry,Normal,,Normal,315.79,False
BATCH-20260924-002,LAB-000151177,PAT-0000753,ADM-00050459,DOC-00006,2026-09-24 14:14:59,Blood Glucose,Biochemistry,Normal,,Normal,356.44,False
BATCH-20260924-002,LAB-000151178,PAT-0000753,ADM-00050459,DOC-00006,2026-09-24 14:14:59,Urine Routine,Pathology,Abnormal,,Abnormal,414.91,True
BATCH-20260924-002,LAB-000151179,PAT-0000753,ADM-00050459,DOC-00006,2026-09-24 14:14:59,Thyroid Profile,Endocrinology,Normal,,Normal,1024.04,False
BATCH-20260924-002,LAB-000151180,PAT-0000753,ADM-00050459,DOC-00006,2026-09-24 14:14:59,Thyroid Profile,Endocrinology,Normal,,Normal,1085.3,False
BATCH-20260924-002,LAB-000151181,PAT-0000753,ADM-00050459,DOC-00006,2026-09-24 14:14:59,Troponin,Cardiac,Normal,,Normal,1382.66,False
BATCH-20260924-002,LAB-000151182,PAT-0003012,ADM-00050460,DOC-00005,2026-09-24 05:48:34,Troponin,Cardiac,Normal,,Normal,1446.5,False
BATCH-20260924-002,LAB-000151183,PAT-0003012,ADM-00050460,DOC-00005,2026-09-24 05:48:34,Troponin,Cardiac,Abnormal,,Abnormal,1328.41,True
BATCH-20260924-002,LAB-000151184,PAT-0003012,ADM-00050460,DOC-00005,2026-09-24 05:48:34,Kidney Function Test,Biochemistry,Normal,,Normal,1025.42,False
BATCH-20260924-002,LAB-000151185,PAT-0003012,ADM-00050460,DOC-00005,2026-09-24 05:48:34,Kidney Function Test,Biochemistry,Normal,,Normal,1115.61,False
BATCH-20260924-002,LAB-000151186,PAT-0003012,ADM-00050460,DOC-00005,2026-09-24 05:48:34,Troponin,Cardiac,Abnormal,,Abnormal,1482.56,True
BATCH-20260924-002,LAB-000151187,PAT-0023321,ADM-00050461,DOC-00010,2026-09-24 01:39:01,Thyroid Profile,Endocrinology,Normal,,Normal,1152.01,False
BATCH-20260924-002,LAB-000151188,PAT-0023321,ADM-00050461,DOC-00010,2026-09-24 01:39:01,Liver Function Test,Biochemistry,Normal,,Normal,1439.02,False
BATCH-20260924-002,LAB-000151189,PAT-0023321,ADM-00050461,DOC-00010,2026-09-24 01:39:01,Thyroid Profile,Endocrinology,Normal,,Normal,965.32,False
BATCH-20260924-002,LAB-000151190,PAT-0023321,ADM-00050461,DOC-00010,2026-09-24 01:39:01,Troponin,Cardiac,Normal,,Normal,1387.29,False
BATCH-20260924-002,LAB-000151191,PAT-0009643,ADM-00050462,DOC-00110,2026-09-24 00:48:16,Urine Routine,Pathology,Normal,,Normal,341.12,False
BATCH-20260924-002,LAB-000151192,PAT-0013497,ADM-00050463,DOC-00139,2026-09-24 03:09:41,Liver Function Test,Biochemistry,Normal,,Normal,1414.24,False
BATCH-20260924-002,LAB-000151193,PAT-0000519,ADM-00050464,DOC-00110,2026-09-24 19:29:45,Lipid Profile,Biochemistry,Normal,,Normal,825.11,False
BATCH-20260924-002,LAB-000151194,PAT-0012028,ADM-00050465,DOC-00139,2026-09-24 17:04:15,Lipid Profile,Biochemistry,Normal,,Normal,835.83,False
BATCH-20260924-002,LAB-000151195,PAT-0012028,ADM-00050465,DOC-00139,2026-09-24 17:04:15,Troponin,Cardiac,Abnormal,,Abnormal,1634.77,True
BATCH-20260924-002,LAB-000151196,PAT-0010819,ADM-00050466,DOC-00072,2026-09-24 13:01:46,Lipid Profile,Biochemistry,Normal,,Normal,1039.55,False
BATCH-20260924-002,LAB-000151197,PAT-0010819,ADM-00050466,DOC-00072,2026-09-24 13:01:46,Blood Glucose,Biochemistry,Abnormal,,Abnormal,299.16,True
BATCH-20260924-002,LAB-000151198,PAT-0010819,ADM-00050466,DOC-00072,2026-09-24 13:01:46,Blood Glucose,Biochemistry,Abnormal,,Abnormal,309.69,True
BATCH-20260924-002,LAB-000151199,PAT-0010819,ADM-00050466,DOC-00072,2026-09-24 13:01:46,Troponin,Cardiac,Normal,,Normal,1664.67,False
BATCH-20260924-002,LAB-000151200,PAT-0010819,ADM-00050466,DOC-00072,2026-09-24 13:01:46,Complete Blood Count,Hematology,Normal,,Normal,638.68,False
BATCH-20260924-002,LAB-000151201,PAT-0018691,ADM-00050467,DOC-00139,2026-09-24 03:21:02,Lipid Profile,Biochemistry,Normal,,Normal,952.96,False
BATCH-20260924-002,LAB-000151202,PAT-0018691,ADM-00050467,DOC-00139,2026-09-24 03:21:02,Liver Function Test,Biochemistry,Abnormal,,Abnormal,1083.47,True
BATCH-20260924-002,LAB-000151203,PAT-0024132,ADM-00050468,DOC-00018,2026-09-24 22:52:39,Blood Glucose,Biochemistry,Normal,,Normal,313.11,False
BATCH-20260924-002,LAB-000151204,PAT-0024132,ADM-00050468,DOC-00018,2026-09-24 22:52:39,Urine Routine,Pathology,Normal,,Normal,381.54,False
BATCH-20260924-002,LAB-000151205,PAT-0010539,ADM-00050469,DOC-00073,2026-09-24 11:15:34,Troponin,Cardiac,Normal,,Normal,1665.99,False
BATCH-20260924-002,LAB-000151206,PAT-0003666,ADM-00050470,DOC-00143,2026-09-24 02:31:04,Thyroid Profile,Endocrinology,Normal,,Normal,968.76,False
BATCH-20260924-002,LAB-000151207,PAT-0003666,ADM-00050470,DOC-00143,2026-09-24 02:31:04,Complete Blood Count,Hematology,Normal,,Normal,694.71,False
BATCH-20260924-002,LAB-000151208,PAT-0003666,ADM-00050470,DOC-00143,2026-09-24 02:31:04,Complete Blood Count,Hematology,Normal,,Normal,715.25,False
BATCH-20260924-002,LAB-000151209,PAT-0003666,ADM-00050470,DOC-00143,2026-09-24 02:31:04,Blood Glucose,Biochemistry,Normal,,Normal,307.8,False
BATCH-20260924-002,LAB-000151210,PAT-0003666,ADM-00050470,DOC-00143,2026-09-24 02:31:04,Blood Glucose,Biochemistry,Normal,,Normal,294.08,False
BATCH-20260924-002,LAB-000151211,PAT-0017225,ADM-00050471,DOC-00019,2026-09-24 13:53:02,Blood Glucose,Biochemistry,Normal,,Normal,316.22,False
BATCH-20260924-002,LAB-000151212,PAT-0017225,ADM-00050471,DOC-00019,2026-09-24 13:53:02,Blood Glucose,Biochemistry,Normal,,Normal,348.53,False
BATCH-20260924-002,LAB-000151213,PAT-0017225,ADM-00050471,DOC-00019,2026-09-24 13:53:02,Complete Blood Count,Hematology,Normal,,Normal,685.47,False
BATCH-20260924-002,LAB-000151214,PAT-0017225,ADM-00050471,DOC-00019,2026-09-24 13:53:02,Lipid Profile,Biochemistry,Normal,,Normal,1017.23,False
BATCH-20260924-002,LAB-000151215,PAT-0016144,ADM-00050472,DOC-00132,2026-09-24 08:58:10,Thyroid Profile,Endocrinology,Abnormal,,Abnormal,934.52,True
BATCH-20260924-002,LAB-000151216,PAT-0009691,ADM-00050473,DOC-00016,2026-09-24 08:09:25,Kidney Function Test,Biochemistry,Normal,,Normal,1220.45,False
BATCH-20260924-002,LAB-000151217,PAT-0009691,ADM-00050473,DOC-00016,2026-09-24 08:09:25,Kidney Function Test,Biochemistry,Normal,,Normal,1199.35,False
BATCH-20260924-002,LAB-000151218,PAT-0009691,ADM-00050473,DOC-00016,2026-09-24 08:09:25,Troponin,Cardiac,Normal,,Normal,1262.93,False
BATCH-20260924-002,LAB-000151219,PAT-0009691,ADM-00050473,DOC-00016,2026-09-24 08:09:25,Lipid Profile,Biochemistry,Normal,,Normal,930.2,False
BATCH-20260924-002,LAB-000151220,PAT-0009691,ADM-00050473,DOC-00016,2026-09-24 08:09:25,Complete Blood Count,Hematology,Normal,,Normal,611.08,False
BATCH-20260924-002,LAB-000151221,PAT-0011825,ADM-00050474,DOC-00025,2026-09-24 09:55:25,Complete Blood Count,Hematology,Abnormal,,Abnormal,610.48,True
BATCH-20260924-002,LAB-000151222,PAT-0011825,ADM-00050474,DOC-00025,2026-09-24 09:55:25,Troponin,Cardiac,Normal,,Normal,1602.67,False
BATCH-20260924-002,LAB-000151223,PAT-0018176,ADM-00050475,DOC-00103,2026-09-24 02:21:53,Thyroid Profile,Endocrinology,Normal,,Normal,1066.5,False
BATCH-20260924-002,LAB-000151224,PAT-0018176,ADM-00050475,DOC-00103,2026-09-24 02:21:53,Blood Glucose,Biochemistry,Abnormal,,Abnormal,279.51,True
BATCH-20260924-002,LAB-000151225,PAT-0013050,ADM-00050476,DOC-00146,2026-09-24 06:36:03,Troponin,Cardiac,Normal,,Normal,1448.35,False
BATCH-20260924-002,LAB-000151226,PAT-0013050,ADM-00050476,DOC-00146,2026-09-24 06:36:03,Lipid Profile,Biochemistry,Normal,,Normal,944.34,False
BATCH-20260924-002,LAB-000151227,PAT-0013050,ADM-00050476,DOC-00146,2026-09-24 06:36:03,Lipid Profile,Biochemistry,Normal,,Normal,897.78,False
BATCH-20260924-002,LAB-000151228,PAT-0013050,ADM-00050476,DOC-00146,2026-09-24 06:36:03,Blood Glucose,Biochemistry,Normal,,Normal,282.89,False
BATCH-20260924-002,LAB-000151229,PAT-0010552,ADM-00050477,DOC-00131,2026-09-24 15:58:26,Liver Function Test,Biochemistry,Normal,,Normal,1173.99,False
BATCH-20260924-002,LAB-000151230,PAT-0010552,ADM-00050477,DOC-00131,2026-09-24 15:58:26,Troponin,Cardiac,Abnormal,,Abnormal,1348.39,True
BATCH-20260924-002,LAB-000151231,PAT-0010552,ADM-00050477,DOC-00131,2026-09-24 15:58:26,Lipid Profile,Biochemistry,Normal,,Normal,872.36,False
BATCH-20260924-002,LAB-000151232,PAT-0010552,ADM-00050477,DOC-00131,2026-09-24 15:58:26,Liver Function Test,Biochemistry,Normal,,Normal,1385.31,False
BATCH-20260924-002,LAB-000151233,PAT-0023550,ADM-00050478,DOC-00030,2026-09-24 20:22:28,Thyroid Profile,Endocrinology,Normal,,Normal,1028.68,False
BATCH-20260924-002,LAB-000151234,PAT-0023550,ADM-00050478,DOC-00030,2026-09-24 20:22:28,Blood Glucose,Biochemistry,Abnormal,,Abnormal,341.47,True
BATCH-20260924-002,LAB-000151235,PAT-0023550,ADM-00050478,DOC-00030,2026-09-24 20:22:28,Urine Routine,Pathology,Abnormal,,Abnormal,340.6,True
BATCH-20260924-002,LAB-000151236,PAT-0009452,ADM-00050479,DOC-00023,2026-09-24 05:41:17,Thyroid Profile,Endocrinology,Abnormal,,Abnormal,958.08,True
BATCH-20260924-002,LAB-000151237,PAT-0009452,ADM-00050479,DOC-00023,2026-09-24 05:41:17,Thyroid Profile,Endocrinology,Normal,,Normal,1139.91,False
BATCH-20260924-002,LAB-000151238,PAT-0009452,ADM-00050479,DOC-00023,2026-09-24 05:41:17,Kidney Function Test,Biochemistry,Normal,,Normal,990.18,False
BATCH-20260924-002,LAB-000151239,PAT-0003237,ADM-00050480,DOC-00035,2026-09-24 03:35:55,Liver Function Test,Biochemistry,Normal,,Normal,1193.83,False
BATCH-20260924-002,LAB-000151240,PAT-0002843,ADM-00050481,DOC-00068,2026-09-24 00:16:14,Complete Blood Count,Hematology,Normal,,Normal,694.3,False
BATCH-20260924-002,LAB-000151241,PAT-0002843,ADM-00050481,DOC-00068,2026-09-24 00:16:14,Troponin,Cardiac,Normal,,Normal,1377.69,False
BATCH-20260924-002,LAB-000151242,PAT-0014656,ADM-00050482,DOC-00116,2026-09-24 02:58:10,Lipid Profile,Biochemistry,Abnormal,,Abnormal,1044.92,True
BATCH-20260924-002,LAB-000151243,PAT-0014656,ADM-00050482,DOC-00116,2026-09-24 02:58:10,Kidney Function Test,Biochemistry,Normal,,Normal,1123.11,False
BATCH-20260924-002,LAB-000151244,PAT-0014656,ADM-00050482,DOC-00116,2026-09-24 02:58:10,Lipid Profile,Biochemistry,Abnormal,,Abnormal,1003.58,True
BATCH-20260924-002,LAB-000151245,PAT-0014656,ADM-00050482,DOC-00116,2026-09-24 02:58:10,Thyroid Profile,Endocrinology,Normal,,Normal,1097.76,False
BATCH-20260924-002,LAB-000151246,PAT-0004490,ADM-00050483,DOC-00130,2026-09-24 22:17:33,Blood Glucose,Biochemistry,Normal,,Normal,293.85,False
BATCH-20260924-002,LAB-000151247,PAT-0014652,ADM-00050484,DOC-00058,2026-09-24 02:05:47,Urine Routine,Pathology,Abnormal,,Abnormal,371.76,True
BATCH-20260924-002,LAB-000151248,PAT-0015810,ADM-00050485,DOC-00150,2026-09-24 16:08:45,Complete Blood Count,Hematology,Normal,,Normal,604.5,False
BATCH-20260924-002,LAB-000151249,PAT-0015810,ADM-00050485,DOC-00150,2026-09-24 16:08:45,Thyroid Profile,Endocrinology,Normal,,Normal,948.92,False
BATCH-20260924-002,LAB-000151250,PAT-0014692,ADM-00050486,DOC-00107,2026-09-24 22:17:42,Troponin,Cardiac,Normal,,Normal,1378.51,False
BATCH-20260924-002,LAB-000151251,PAT-0018327,ADM-00050487,DOC-00054,2026-09-24 06:38:26,Thyroid Profile,Endocrinology,Abnormal,,Abnormal,972.97,True
BATCH-20260924-002,LAB-000151252,PAT-0018327,ADM-00050487,DOC-00054,2026-09-24 06:38:26,Lipid Profile,Biochemistry,Normal,,Normal,997.3,False
BATCH-20260924-002,LAB-000151253,PAT-0018327,ADM-00050487,DOC-00054,2026-09-24 06:38:26,Troponin,Cardiac,Normal,,Normal,1334.78,False
BATCH-20260924-002,LAB-000151254,PAT-0018327,ADM-00050487,DOC-00054,2026-09-24 06:38:26,Thyroid Profile,Endocrinology,Normal,,Normal,1134.81,False
BATCH-20260924-002,LAB-000151255,PAT-0016064,ADM-00050488,DOC-00043,2026-09-24 17:33:10,Blood Glucose,Biochemistry,Normal,,Normal,331.21,False
BATCH-20260924-002,LAB-000151256,PAT-0016064,ADM-00050488,DOC-00043,2026-09-24 17:33:10,Complete Blood Count,Hematology,Normal,,Normal,682.28,False
BATCH-20260924-002,LAB-000151257,PAT-0016064,ADM-00050488,DOC-00043,2026-09-24 17:33:10,Complete Blood Count,Hematology,Normal,,Normal,663.43,False
BATCH-20260924-002,LAB-000151258,PAT-0016064,ADM-00050488,DOC-00043,2026-09-24 17:33:10,Troponin,Cardiac,Abnormal,,Abnormal,1344.81,True
BATCH-20260924-002,LAB-000151259,PAT-0011690,ADM-00050489,DOC-00108,2026-09-24 02:22:16,Blood Glucose,Biochemistry,Normal,,Normal,328.23,False
BATCH-20260924-002,LAB-000151260,PAT-0022392,ADM-00050490,DOC-00099,2026-09-24 15:16:29,Blood Glucose,Biochemistry,Normal,,Normal,326.64,False
BATCH-20260924-002,LAB-000151261,PAT-0022392,ADM-00050490,DOC-00099,2026-09-24 15:16:29,Kidney Function Test,Biochemistry,Normal,,Normal,1024.3,False
BATCH-20260924-002,LAB-000151262,PAT-0022392,ADM-00050490,DOC-00099,2026-09-24 15:16:29,Blood Glucose,Biochemistry,Normal,,Normal,332.7,False
BATCH-20260924-002,LAB-000151263,PAT-0022392,ADM-00050490,DOC-00099,2026-09-24 15:16:29,Lipid Profile,Biochemistry,Normal,,Normal,841.0,False
BATCH-20260924-002,LAB-000151264,PAT-0006063,ADM-00050491,DOC-00105,2026-09-24 11:45:32,Complete Blood Count,Hematology,Normal,,Normal,670.08,False
BATCH-20260924-002,LAB-000151265,PAT-0006063,ADM-00050491,DOC-00105,2026-09-24 11:45:32,Urine Routine,Pathology,Normal,,Normal,347.73,False
BATCH-20260924-002,LAB-000151266,PAT-0010251,ADM-00050492,DOC-00149,2026-09-24 23:01:16,Complete Blood Count,Hematology,Normal,,Normal,713.12,False
BATCH-20260924-002,LAB-000151267,PAT-0010251,ADM-00050492,DOC-00149,2026-09-24 23:01:16,Liver Function Test,Biochemistry,Normal,,Normal,1202.83,False
BATCH-20260924-002,LAB-000151268,PAT-0010251,ADM-00050492,DOC-00149,2026-09-24 23:01:16,Troponin,Cardiac,Normal,,Normal,1275.84,False
BATCH-20260924-002,LAB-000151269,PAT-0010251,ADM-00050492,DOC-00149,2026-09-24 23:01:16,Blood Glucose,Biochemistry,Normal,,Normal,303.2,False
BATCH-20260924-002,LAB-000151270,PAT-0020455,ADM-00050493,DOC-00112,2026-09-24 05:29:21,Complete Blood Count,Hematology,Normal,,Normal,651.24,False
BATCH-20260924-002,LAB-000151271,PAT-0020455,ADM-00050493,DOC-00112,2026-09-24 05:29:21,Lipid Profile,Biochemistry,Abnormal,,Abnormal,1017.26,True
BATCH-20260924-002,LAB-000151272,PAT-0020455,ADM-00050493,DOC-00112,2026-09-24 05:29:21,Lipid Profile,Biochemistry,Abnormal,,Abnormal,822.17,True
BATCH-20260924-002,LAB-000151273,PAT-0016238,ADM-00050494,DOC-00011,2026-09-24 08:31:32,Lipid Profile,Biochemistry,Normal,,Normal,859.41,False
BATCH-20260924-002,LAB-000151274,PAT-0016238,ADM-00050494,DOC-00011,2026-09-24 08:31:32,Thyroid Profile,Endocrinology,Normal,,Normal,1183.01,False
BATCH-20260924-002,LAB-000151275,PAT-0013382,ADM-00050495,DOC-00012,2026-09-24 15:00:15,Liver Function Test,Biochemistry,Normal,,Normal,1334.41,False
BATCH-20260924-002,LAB-000151276,PAT-0005250,ADM-00050496,DOC-00004,2026-09-24 12:47:41,Blood Glucose,Biochemistry,Normal,,Normal,287.75,False
BATCH-20260924-002,LAB-000151277,PAT-0016705,ADM-00050497,DOC-00126,2026-09-24 04:16:52,Liver Function Test,Biochemistry,Normal,,Normal,1149.9,False
BATCH-20260924-002,LAB-000151278,PAT-0016705,ADM-00050497,DOC-00126,2026-09-24 04:16:52,Kidney Function Test,Biochemistry,Abnormal,,Abnormal,1007.63,True
BATCH-20260924-002,LAB-000151279,PAT-0016824,ADM-00050498,DOC-00013,2026-09-24 15:18:59,Kidney Function Test,Biochemistry,Normal,,Normal,1062.53,False
BATCH-20260924-002,LAB-000151280,PAT-0016824,ADM-00050498,DOC-00013,2026-09-24 15:18:59,Troponin,Cardiac,Normal,,Normal,1462.15,False
BATCH-20260924-002,LAB-000151281,PAT-0016824,ADM-00050498,DOC-00013,2026-09-24 15:18:59,Complete Blood Count,Hematology,Normal,,Normal,617.58,False
BATCH-20260924-002,LAB-000151282,PAT-0016824,ADM-00050498,DOC-00013,2026-09-24 15:18:59,Urine Routine,Pathology,Normal,,Normal,365.07,False
BATCH-20260924-002,LAB-000151283,PAT-0022691,ADM-00050499,DOC-00093,2026-09-24 19:19:16,Troponin,Cardiac,Abnormal,,Abnormal,1437.32,True
BATCH-20260924-002,LAB-000151284,PAT-0013721,ADM-00050500,DOC-00003,2026-09-24 23:17:37,Kidney Function Test,Biochemistry,Normal,,Normal,1173.23,False
BATCH-20260924-002,LAB-000151285,PAT-0013721,ADM-00050500,DOC-00003,2026-09-24 23:17:37,Urine Routine,Pathology,Normal,,Normal,410.32,False
BATCH-20260924-002,LAB-000151286,PAT-0013763,ADM-00050501,DOC-00070,2026-09-24 06:05:03,Urine Routine,Pathology,Abnormal,,Abnormal,369.98,True
BATCH-20260924-002,LAB-000151287,PAT-0013763,ADM-00050501,DOC-00070,2026-09-24 06:05:03,Troponin,Cardiac,Normal,,Normal,1492.52,False
BATCH-20260924-002,LAB-000151288,PAT-0013763,ADM-00050501,DOC-00070,2026-09-24 06:05:03,Liver Function Test,Biochemistry,Normal,,Normal,1399.3,False
BATCH-20260924-002,LAB-000151289,PAT-0013763,ADM-00050501,DOC-00070,2026-09-24 06:05:03,Kidney Function Test,Biochemistry,Normal,,Normal,1283.69,False
BATCH-20260924-002,LAB-000151290,PAT-0013763,ADM-00050501,DOC-00070,2026-09-24 06:05:03,Urine Routine,Pathology,Abnormal,,Abnormal,346.32,True
BATCH-20260924-002,LAB-000151291,PAT-0021123,ADM-00050502,DOC-00080,2026-09-24 09:14:10,Kidney Function Test,Biochemistry,Normal,,Normal,1316.66,False
BATCH-20260924-002,LAB-000151292,PAT-0021123,ADM-00050502,DOC-00080,2026-09-24 09:14:10,Kidney Function Test,Biochemistry,Normal,,Normal,1253.73,False
BATCH-20260924-002,LAB-000151293,PAT-0021123,ADM-00050502,DOC-00080,2026-09-24 09:14:10,Complete Blood Count,Hematology,Normal,,Normal,642.14,False
BATCH-20260924-002,LAB-000151294,PAT-0021123,ADM-00050502,DOC-00080,2026-09-24 09:14:10,Liver Function Test,Biochemistry,Normal,,Normal,1413.08,False
BATCH-20260924-002,LAB-000151295,PAT-0021945,ADM-00050503,DOC-00091,2026-09-24 16:35:30,Kidney Function Test,Biochemistry,Normal,,Normal,1227.82,False
BATCH-20260924-002,LAB-000151296,PAT-0014559,ADM-00050504,DOC-00146,2026-09-24 16:25:48,Blood Glucose,Biochemistry,Normal,,Normal,317.11,False
BATCH-20260924-002,LAB-000151297,PAT-0014559,ADM-00050504,DOC-00146,2026-09-24 16:25:48,Blood Glucose,Biochemistry,Abnormal,,Abnormal,301.48,True
BATCH-20260924-002,LAB-000151298,PAT-0014559,ADM-00050504,DOC-00146,2026-09-24 16:25:48,Complete Blood Count,Hematology,Normal,,Normal,680.7,False
BATCH-20260924-002,LAB-000151299,PAT-0014559,ADM-00050504,DOC-00146,2026-09-24 16:25:48,Troponin,Cardiac,Normal,,Normal,1592.12,False
BATCH-20260924-002,LAB-000151300,PAT-0014559,ADM-00050504,DOC-00146,2026-09-24 16:25:48,Urine Routine,Pathology,Normal,,Normal,352.48,False
BATCH-20260924-002,LAB-000151301,PAT-0011314,ADM-00050505,DOC-00034,2026-09-24 08:08:08,Liver Function Test,Biochemistry,Normal,,Normal,1176.73,False
BATCH-20260924-002,LAB-000151302,PAT-0011314,ADM-00050505,DOC-00034,2026-09-24 08:08:08,Complete Blood Count,Hematology,Normal,,Normal,712.8,False
BATCH-20260924-002,LAB-000151303,PAT-0011314,ADM-00050505,DOC-00034,2026-09-24 08:08:08,Kidney Function Test,Biochemistry,Normal,,Normal,1140.04,False
BATCH-20260924-002,LAB-000151304,PAT-0024773,ADM-00050506,DOC-00079,2026-09-24 22:25:47,Troponin,Cardiac,Normal,,Normal,1542.4,False
BATCH-20260924-002,LAB-000151305,PAT-0017507,ADM-00050507,DOC-00039,2026-09-24 10:15:00,Troponin,Cardiac,Normal,,Normal,1673.08,False
BATCH-20260924-002,LAB-000151306,PAT-0017465,ADM-00050508,DOC-00095,2026-09-24 22:14:14,Thyroid Profile,Endocrinology,Normal,,Normal,1139.51,False
BATCH-20260924-002,LAB-000151307,PAT-0017465,ADM-00050508,DOC-00095,2026-09-24 22:14:14,Liver Function Test,Biochemistry,Abnormal,,Abnormal,1286.02,True
BATCH-20260924-002,LAB-000151308,PAT-0017465,ADM-00050508,DOC-00095,2026-09-24 22:14:14,Troponin,Cardiac,Normal,,Normal,1486.24,False
BATCH-20260924-002,LAB-000151309,PAT-0020058,ADM-00050509,DOC-00043,2026-09-24 17:28:03,Blood Glucose,Biochemistry,Normal,,Normal,270.58,False
BATCH-20260924-002,LAB-000151310,PAT-0020058,ADM-00050509,DOC-00043,2026-09-24 17:28:03,Thyroid Profile,Endocrinology,Normal,,Normal,1142.85,False
BATCH-20260924-002,LAB-000151311,PAT-0005368,ADM-00050510,DOC-00035,2026-09-24 00:54:01,Blood Glucose,Biochemistry,Normal,,Normal,328.74,False
BATCH-20260924-002,LAB-000151312,PAT-0005368,ADM-00050510,DOC-00035,2026-09-24 00:54:01,Urine Routine,Pathology,Normal,,Normal,329.8,False
BATCH-20260924-002,LAB-000151313,PAT-0005368,ADM-00050510,DOC-00035,2026-09-24 00:54:01,Lipid Profile,Biochemistry,Normal,,Normal,1035.98,False
BATCH-20260924-002,LAB-000151314,PAT-0005368,ADM-00050510,DOC-00035,2026-09-24 00:54:01,Urine Routine,Pathology,Normal,,Normal,411.58,False
BATCH-20260924-002,LAB-000151315,PAT-0013787,ADM-00050511,DOC-00059,2026-09-24 13:22:12,Blood Glucose,Biochemistry,Normal,,Normal,308.24,False
BATCH-20260924-002,LAB-000151316,PAT-0013787,ADM-00050511,DOC-00059,2026-09-24 13:22:12,Kidney Function Test,Biochemistry,Abnormal,,Abnormal,1021.38,True
BATCH-20260924-002,LAB-000151317,PAT-0013787,ADM-00050511,DOC-00059,2026-09-24 13:22:12,Blood Glucose,Biochemistry,Normal,,Normal,352.48,False
BATCH-20260924-002,LAB-000151318,PAT-0010800,ADM-00050512,DOC-00025,2026-09-24 00:12:50,Troponin,Cardiac,Normal,,Normal,1623.34,False
BATCH-20260924-002,LAB-000151319,PAT-0010800,ADM-00050512,DOC-00025,2026-09-24 00:12:50,Blood Glucose,Biochemistry,Abnormal,,Abnormal,350.35,True
BATCH-20260924-002,LAB-000151320,PAT-0010800,ADM-00050512,DOC-00025,2026-09-24 00:12:50,Liver Function Test,Biochemistry,Normal,,Normal,1321.71,False
BATCH-20260924-002,LAB-000151321,PAT-0010800,ADM-00050512,DOC-00025,2026-09-24 00:12:50,Thyroid Profile,Endocrinology,Normal,,Normal,1095.49,False
BATCH-20260924-002,LAB-000151322,PAT-0010800,ADM-00050512,DOC-00025,2026-09-24 00:12:50,Lipid Profile,Biochemistry,Normal,,Normal,1007.0,False
BATCH-20260924-002,LAB-000151323,PAT-0008243,ADM-00050513,DOC-00147,2026-09-24 15:08:34,Urine Routine,Pathology,Abnormal,,Abnormal,381.45,True
BATCH-20260924-002,LAB-000151324,PAT-0008243,ADM-00050513,DOC-00147,2026-09-24 15:08:34,Complete Blood Count,Hematology,Abnormal,,Abnormal,727.41,True
BATCH-20260924-002,LAB-000151325,PAT-0005836,ADM-00050514,DOC-00004,2026-09-24 23:10:06,Blood Glucose,Biochemistry,Abnormal,,Abnormal,297.44,True
BATCH-20260924-002,LAB-000151326,PAT-0005836,ADM-00050514,DOC-00004,2026-09-24 23:10:06,Troponin,Cardiac,Normal,,Normal,1529.45,False
BATCH-20260924-002,LAB-000151327,PAT-0005836,ADM-00050514,DOC-00004,2026-09-24 23:10:06,Troponin,Cardiac,Abnormal,,Abnormal,1295.29,True
BATCH-20260924-002,LAB-000151328,PAT-0005836,ADM-00050514,DOC-00004,2026-09-24 23:10:06,Kidney Function Test,Biochemistry,Normal,,Normal,1092.38,False
BATCH-20260924-002,LAB-000151329,PAT-0011749,ADM-00050515,DOC-00115,2026-09-24 14:39:02,Lipid Profile,Biochemistry,Normal,,Normal,873.01,False
BATCH-20260924-002,LAB-000151330,PAT-0011749,ADM-00050515,DOC-00115,2026-09-24 14:39:02,Blood Glucose,Biochemistry,Normal,,Normal,293.31,False
BATCH-20260924-002,LAB-000151331,PAT-0011749,ADM-00050515,DOC-00115,2026-09-24 14:39:02,Lipid Profile,Biochemistry,Normal,,Normal,1022.49,False
BATCH-20260924-002,LAB-000151332,PAT-0001389,ADM-00050516,DOC-00031,2026-09-24 19:08:00,Liver Function Test,Biochemistry,Normal,,Normal,1162.41,False
BATCH-20260924-002,LAB-000151333,PAT-0001389,ADM-00050516,DOC-00031,2026-09-24 19:08:00,Blood Glucose,Biochemistry,Normal,,Normal,341.81,False
BATCH-20260924-002,LAB-000151334,PAT-0001389,ADM-00050516,DOC-00031,2026-09-24 19:08:00,Thyroid Profile,Endocrinology,Normal,,Normal,987.25,False
BATCH-20260924-002,LAB-000151335,PAT-0001389,ADM-00050516,DOC-00031,2026-09-24 19:08:00,Troponin,Cardiac,Abnormal,,Abnormal,1410.38,True
BATCH-20260924-002,LAB-000151336,PAT-0024788,ADM-00050517,DOC-00013,2026-09-24 22:53:27,Troponin,Cardiac,Normal,,Normal,1629.23,False
BATCH-20260924-002,LAB-000151337,PAT-0024788,ADM-00050517,DOC-00013,2026-09-24 22:53:27,Blood Glucose,Biochemistry,Normal,,Normal,276.99,False
BATCH-20260924-002,LAB-000151338,PAT-0004189,ADM-00050518,DOC-00097,2026-09-24 10:10:19,Thyroid Profile,Endocrinology,Normal,,Normal,974.59,False
BATCH-20260924-002,LAB-000151339,PAT-0004189,ADM-00050518,DOC-00097,2026-09-24 10:10:19,Kidney Function Test,Biochemistry,Normal,,Normal,1209.86,False
BATCH-20260924-002,LAB-000151340,PAT-0004189,ADM-00050518,DOC-00097,2026-09-24 10:10:19,Lipid Profile,Biochemistry,Abnormal,,Abnormal,989.78,True
BATCH-20260924-002,LAB-000151341,PAT-0004189,ADM-00050518,DOC-00097,2026-09-24 10:10:19,Lipid Profile,Biochemistry,Normal,,Normal,969.27,False
BATCH-20260924-002,LAB-000151342,PAT-0004547,ADM-00050519,DOC-00051,2026-09-24 21:23:54,Lipid Profile,Biochemistry,Abnormal,,Abnormal,1070.13,True
BATCH-20260924-002,LAB-000151343,PAT-0004547,ADM-00050519,DOC-00051,2026-09-24 21:23:54,Thyroid Profile,Endocrinology,Normal,,Normal,1141.1,False
BATCH-20260924-002,LAB-000151344,PAT-0004547,ADM-00050519,DOC-00051,2026-09-24 21:23:54,Lipid Profile,Biochemistry,Normal,,Normal,960.45,False
BATCH-20260924-002,LAB-000151345,PAT-0004547,ADM-00050519,DOC-00051,2026-09-24 21:23:54,Lipid Profile,Biochemistry,Normal,,Normal,923.6,False
BATCH-20260924-002,LAB-000151346,PAT-0004547,ADM-00050519,DOC-00051,2026-09-24 21:23:54,Blood Glucose,Biochemistry,Normal,,Normal,310.46,False
BATCH-20260924-002,LAB-000151347,PAT-0013448,ADM-00050520,DOC-00083,2026-09-24 22:02:59,Troponin,Cardiac,Abnormal,,Abnormal,1517.63,True
BATCH-20260924-002,LAB-000151348,PAT-0013448,ADM-00050520,DOC-00083,2026-09-24 22:02:59,Complete Blood Count,Hematology,Normal,,Normal,710.88,False
BATCH-20260924-002,LAB-000151349,PAT-0013448,ADM-00050520,DOC-00083,2026-09-24 22:02:59,Lipid Profile,Biochemistry,Normal,,Normal,829.39,False
BATCH-20260924-002,LAB-000151350,PAT-0008826,ADM-00050521,DOC-00055,2026-09-24 14:19:53,Liver Function Test,Biochemistry,Normal,,Normal,1315.57,False
BATCH-20260924-002,LAB-000151351,PAT-0008826,ADM-00050521,DOC-00055,2026-09-24 14:19:53,Lipid Profile,Biochemistry,Normal,,Normal,905.25,False
BATCH-20260924-002,LAB-000151352,PAT-0008826,ADM-00050521,DOC-00055,2026-09-24 14:19:53,Blood Glucose,Biochemistry,Abnormal,,Abnormal,293.57,True
BATCH-20260924-002,LAB-000151353,PAT-0008826,ADM-00050521,DOC-00055,2026-09-24 14:19:53,Complete Blood Count,Hematology,Normal,,Normal,773.11,False
BATCH-20260924-002,LAB-000151354,PAT-0002672,ADM-00050522,DOC-00040,2026-09-24 15:57:47,Lipid Profile,Biochemistry,Normal,,Normal,900.74,False
BATCH-20260924-002,LAB-000151355,PAT-0002672,ADM-00050522,DOC-00040,2026-09-24 15:57:47,Liver Function Test,Biochemistry,Normal,,Normal,1368.38,False
BATCH-20260924-002,LAB-000151356,PAT-0002672,ADM-00050522,DOC-00040,2026-09-24 15:57:47,Thyroid Profile,Endocrinology,Normal,,Normal,1047.47,False
BATCH-20260924-002,LAB-000151357,PAT-0019129,ADM-00050523,DOC-00016,2026-09-24 14:23:48,Thyroid Profile,Endocrinology,Normal,,Normal,1129.5,False
BATCH-20260924-002,LAB-000151358,PAT-0019129,ADM-00050523,DOC-00016,2026-09-24 14:23:48,Lipid Profile,Biochemistry,Abnormal,,Abnormal,959.7,True
BATCH-20260924-002,LAB-000151359,PAT-0018218,ADM-00050524,DOC-00027,2026-09-24 01:35:00,Troponin,Cardiac,Normal,,Normal,1524.45,False
BATCH-20260924-002,LAB-000151360,PAT-0018218,ADM-00050524,DOC-00027,2026-09-24 01:35:00,Urine Routine,Pathology,Normal,,Normal,348.97,False
BATCH-20260924-002,LAB-000151361,PAT-0018218,ADM-00050524,DOC-00027,2026-09-24 01:35:00,Liver Function Test,Biochemistry,Normal,,Normal,1341.34,False
BATCH-20260924-002,LAB-000151362,PAT-0018218,ADM-00050524,DOC-00027,2026-09-24 01:35:00,Liver Function Test,Biochemistry,Normal,,Normal,1195.76,False
BATCH-20260924-002,LAB-000151363,PAT-0019417,ADM-00050525,DOC-00134,2026-09-24 06:27:36,Thyroid Profile,Endocrinology,Normal,,Normal,1025.79,False
BATCH-20260924-002,LAB-000151364,PAT-0020849,ADM-00050526,DOC-00023,2026-09-24 15:36:07,Thyroid Profile,Endocrinology,Abnormal,,Abnormal,911.49,True
BATCH-20260924-002,LAB-000151365,PAT-0015768,ADM-00050527,DOC-00096,2026-09-24 08:07:54,Complete Blood Count,Hematology,Normal,,Normal,762.29,False
BATCH-20260924-002,LAB-000151366,PAT-0015768,ADM-00050527,DOC-00096,2026-09-24 08:07:54,Thyroid Profile,Endocrinology,Abnormal,,Abnormal,1003.15,True
BATCH-20260924-002,LAB-000151367,PAT-0015768,ADM-00050527,DOC-00096,2026-09-24 08:07:54,Urine Routine,Pathology,Normal,,Normal,343.88,False
BATCH-20260924-002,LAB-000151368,PAT-0015768,ADM-00050527,DOC-00096,2026-09-24 08:07:54,Lipid Profile,Biochemistry,Abnormal,,Abnormal,972.88,True
BATCH-20260924-002,LAB-000151369,PAT-0009268,ADM-00050528,DOC-00027,2026-09-24 11:28:33,Lipid Profile,Biochemistry,Normal,,Normal,812.69,False
BATCH-20260924-002,LAB-000151370,PAT-0009268,ADM-00050528,DOC-00027,2026-09-24 11:28:33,Liver Function Test,Biochemistry,Normal,,Normal,1413.32,False
BATCH-20260924-002,LAB-000151371,PAT-0009268,ADM-00050528,DOC-00027,2026-09-24 11:28:33,Complete Blood Count,Hematology,Abnormal,,Abnormal,667.75,True
BATCH-20260924-002,LAB-000151372,PAT-0017856,ADM-00050529,DOC-00021,2026-09-24 20:25:56,Blood Glucose,Biochemistry,Normal,,Normal,357.26,False
BATCH-20260924-002,LAB-000151373,PAT-0017856,ADM-00050529,DOC-00021,2026-09-24 20:25:56,Troponin,Cardiac,Normal,,Normal,1580.13,False
BATCH-20260924-002,LAB-000151374,PAT-0011359,ADM-00050530,DOC-00064,2026-09-24 04:41:36,Thyroid Profile,Endocrinology,Abnormal,,Abnormal,1142.61,True
BATCH-20260924-002,LAB-000151375,PAT-0011359,ADM-00050530,DOC-00064,2026-09-24 04:41:36,Complete Blood Count,Hematology,Normal,,Normal,732.13,False
BATCH-20260924-002,LAB-000151376,PAT-0011359,ADM-00050530,DOC-00064,2026-09-24 04:41:36,Blood Glucose,Biochemistry,Normal,,Normal,306.75,False
BATCH-20260924-002,LAB-000151377,PAT-0011359,ADM-00050530,DOC-00064,2026-09-24 04:41:36,Lipid Profile,Biochemistry,Abnormal,,Abnormal,1005.66,True
BATCH-20260924-002,LAB-000151378,PAT-0011359,ADM-00050530,DOC-00064,2026-09-24 04:41:36,Blood Glucose,Biochemistry,Normal,,Normal,358.73,False
BATCH-20260924-002,LAB-000151379,PAT-0001122,ADM-00050531,DOC-00001,2026-09-24 20:23:47,Complete Blood Count,Hematology,Abnormal,,Abnormal,614.99,True
BATCH-20260924-002,LAB-000151380,PAT-0001122,ADM-00050531,DOC-00001,2026-09-24 20:23:47,Complete Blood Count,Hematology,Normal,,Normal,719.43,False
BATCH-20260924-002,LAB-000151381,PAT-0001122,ADM-00050531,DOC-00001,2026-09-24 20:23:47,Blood Glucose,Biochemistry,Abnormal,,Abnormal,350.72,True
BATCH-20260924-002,LAB-000151382,PAT-0001122,ADM-00050531,DOC-00001,2026-09-24 20:23:47,Liver Function Test,Biochemistry,Normal,,Normal,1328.26,False
BATCH-20260924-002,LAB-000151383,PAT-0001122,ADM-00050531,DOC-00001,2026-09-24 20:23:47,Liver Function Test,Biochemistry,Normal,,Normal,1189.75,False
BATCH-20260924-002,LAB-000151384,PAT-0004133,ADM-00050532,DOC-00077,2026-09-24 13:40:02,Thyroid Profile,Endocrinology,Normal,,Normal,1189.89,False
BATCH-20260924-002,LAB-000151385,PAT-0004133,ADM-00050532,DOC-00077,2026-09-24 13:40:02,Thyroid Profile,Endocrinology,Normal,,Normal,1076.25,False
BATCH-20260924-002,LAB-000151386,PAT-0004133,ADM-00050532,DOC-00077,2026-09-24 13:40:02,Kidney Function Test,Biochemistry,Normal,,Normal,1177.16,False
BATCH-20260924-002,LAB-000151387,PAT-0004133,ADM-00050532,DOC-00077,2026-09-24 13:40:02,Kidney Function Test,Biochemistry,Abnormal,,Abnormal,1062.0,True
BATCH-20260924-002,LAB-000151388,PAT-0004133,ADM-00050532,DOC-00077,2026-09-24 13:40:02,Kidney Function Test,Biochemistry,Normal,,Normal,1313.89,False
BATCH-20260924-002,LAB-000151389,PAT-0014249,ADM-00050533,DOC-00120,2026-09-24 09:52:32,Thyroid Profile,Endocrinology,Normal,,Normal,956.2,False
BATCH-20260924-002,LAB-000151390,PAT-0014249,ADM-00050533,DOC-00120,2026-09-24 09:52:32,Blood Glucose,Biochemistry,Abnormal,,Abnormal,319.1,True
BATCH-20260924-002,LAB-000151391,PAT-0014249,ADM-00050533,DOC-00120,2026-09-24 09:52:32,Kidney Function Test,Biochemistry,Normal,,Normal,1255.52,False
BATCH-20260924-002,LAB-000151392,PAT-0012343,ADM-00050534,DOC-00100,2026-09-24 07:46:33,Complete Blood Count,Hematology,Normal,,Normal,747.34,False
BATCH-20260924-002,LAB-000151393,PAT-0012343,ADM-00050534,DOC-00100,2026-09-24 07:46:33,Urine Routine,Pathology,Normal,,Normal,327.71,False
BATCH-20260924-002,LAB-000151394,PAT-0012343,ADM-00050534,DOC-00100,2026-09-24 07:46:33,Urine Routine,Pathology,Normal,,Normal,381.51,False
BATCH-20260924-002,LAB-000151395,PAT-0012343,ADM-00050534,DOC-00100,2026-09-24 07:46:33,Complete Blood Count,Hematology,Normal,,Normal,761.48,False
BATCH-20260924-002,LAB-000151396,PAT-0012343,ADM-00050534,DOC-00100,2026-09-24 07:46:33,Liver Function Test,Biochemistry,Normal,,Normal,1210.69,False
BATCH-20260924-002,LAB-000151397,PAT-0001097,ADM-00050535,DOC-00068,2026-09-24 14:38:46,Complete Blood Count,Hematology,Normal,,Normal,702.81,False
BATCH-20260924-002,LAB-000151398,PAT-0000579,ADM-00050536,DOC-00084,2026-09-24 05:23:40,Lipid Profile,Biochemistry,Normal,,Normal,1071.95,False
BATCH-20260924-002,LAB-000151399,PAT-0000579,ADM-00050536,DOC-00084,2026-09-24 05:23:40,Kidney Function Test,Biochemistry,Abnormal,,Abnormal,1241.42,True
BATCH-20260924-002,LAB-000151400,PAT-0000579,ADM-00050536,DOC-00084,2026-09-24 05:23:40,Lipid Profile,Biochemistry,Normal,,Normal,880.02,False
BATCH-20260924-002,LAB-000151401,PAT-0000579,ADM-00050536,DOC-00084,2026-09-24 05:23:40,Thyroid Profile,Endocrinology,Normal,,Normal,958.21,False
BATCH-20260924-002,LAB-000151402,PAT-0000579,ADM-00050536,DOC-00084,2026-09-24 05:23:40,Thyroid Profile,Endocrinology,Abnormal,,Abnormal,1094.76,True
BATCH-20260924-002,LAB-000151403,PAT-0004407,ADM-00050537,DOC-00127,2026-09-24 16:07:38,Complete Blood Count,Hematology,Normal,,Normal,631.16,False
BATCH-20260924-002,LAB-000151404,PAT-0006010,ADM-00050538,DOC-00125,2026-09-24 14:24:15,Thyroid Profile,Endocrinology,Normal,,Normal,922.6,False
BATCH-20260924-002,LAB-000151405,PAT-0006010,ADM-00050538,DOC-00125,2026-09-24 14:24:15,Lipid Profile,Biochemistry,Normal,,Normal,843.92,False
BATCH-20260924-002,LAB-000151406,PAT-0006010,ADM-00050538,DOC-00125,2026-09-24 14:24:15,Blood Glucose,Biochemistry,Normal,,Normal,333.73,False
BATCH-20260924-002,LAB-000151407,PAT-0006010,ADM-00050538,DOC-00125,2026-09-24 14:24:15,Liver Function Test,Biochemistry,Normal,,Normal,1306.64,False
BATCH-20260924-002,LAB-000151408,PAT-0006010,ADM-00050538,DOC-00125,2026-09-24 14:24:15,Urine Routine,Pathology,Normal,,Normal,337.4,False
BATCH-20260924-002,LAB-000151409,PAT-0012619,ADM-00050539,DOC-00146,2026-09-24 09:32:22,Blood Glucose,Biochemistry,Normal,,Normal,345.98,False
BATCH-20260924-002,LAB-000151410,PAT-0023164,ADM-00050540,DOC-00104,2026-09-24 01:59:48,Thyroid Profile,Endocrinology,Normal,,Normal,1009.13,False
BATCH-20260924-002,LAB-000151411,PAT-0004979,ADM-00050541,DOC-00050,2026-09-24 03:44:23,Complete Blood Count,Hematology,Normal,,Normal,746.53,False
BATCH-20260924-002,LAB-000151412,PAT-0004979,ADM-00050541,DOC-00050,2026-09-24 03:44:23,Urine Routine,Pathology,Normal,,Normal,392.11,False
BATCH-20260924-002,LAB-000151413,PAT-0004979,ADM-00050541,DOC-00050,2026-09-24 03:44:23,Kidney Function Test,Biochemistry,Normal,,Normal,1162.73,False
BATCH-20260924-002,LAB-000151414,PAT-0010840,ADM-00050542,DOC-00022,2026-09-24 21:19:15,Thyroid Profile,Endocrinology,Normal,,Normal,968.77,False
BATCH-20260924-002,LAB-000151415,PAT-0010840,ADM-00050542,DOC-00022,2026-09-24 21:19:15,Blood Glucose,Biochemistry,Abnormal,,Abnormal,281.71,True
BATCH-20260924-002,LAB-000151416,PAT-0010840,ADM-00050542,DOC-00022,2026-09-24 21:19:15,Troponin,Cardiac,Normal,,Normal,1588.02,False
BATCH-20260924-002,LAB-000151417,PAT-0016037,ADM-00050543,DOC-00013,2026-09-24 12:01:30,Liver Function Test,Biochemistry,Normal,,Normal,1386.18,False
BATCH-20260924-002,LAB-000151418,PAT-0016037,ADM-00050543,DOC-00013,2026-09-24 12:01:30,Troponin,Cardiac,Normal,,Normal,1412.73,False
BATCH-20260924-002,LAB-000151419,PAT-0016037,ADM-00050543,DOC-00013,2026-09-24 12:01:30,Complete Blood Count,Hematology,Normal,,Normal,733.98,False
BATCH-20260924-002,LAB-000151420,PAT-0016037,ADM-00050543,DOC-00013,2026-09-24 12:01:30,Liver Function Test,Biochemistry,Normal,,Normal,1222.23,False
BATCH-20260924-002,LAB-000151421,PAT-0007271,ADM-00050544,DOC-00112,2026-09-24 12:00:42,Kidney Function Test,Biochemistry,Normal,,Normal,1270.2,False
BATCH-20260924-002,LAB-000151422,PAT-0007271,ADM-00050544,DOC-00112,2026-09-24 12:00:42,Urine Routine,Pathology,Normal,,Normal,380.94,False
BATCH-20260924-002,LAB-000151423,PAT-0007271,ADM-00050544,DOC-00112,2026-09-24 12:00:42,Kidney Function Test,Biochemistry,Normal,,Normal,1110.33,False
BATCH-20260924-002,LAB-000151424,PAT-0007271,ADM-00050544,DOC-00112,2026-09-24 12:00:42,Urine Routine,Pathology,Abnormal,,Abnormal,376.78,True
BATCH-20260924-002,LAB-000151425,PAT-0007271,ADM-00050544,DOC-00112,2026-09-24 12:00:42,Lipid Profile,Biochemistry,Normal,,Normal,904.54,False
BATCH-20260924-002,LAB-000151426,PAT-0014292,ADM-00050545,DOC-00038,2026-09-24 09:44:38,Kidney Function Test,Biochemistry,Abnormal,,Abnormal,1068.91,True
BATCH-20260924-002,LAB-000151427,PAT-0014292,ADM-00050545,DOC-00038,2026-09-24 09:44:38,Liver Function Test,Biochemistry,Normal,,Normal,1361.15,False
BATCH-20260924-002,LAB-000151428,PAT-0014292,ADM-00050545,DOC-00038,2026-09-24 09:44:38,Thyroid Profile,Endocrinology,Normal,,Normal,929.76,False
BATCH-20260924-002,LAB-000151429,PAT-0020807,ADM-00050546,DOC-00038,2026-09-24 00:54:22,Lipid Profile,Biochemistry,Normal,,Normal,811.7,False
BATCH-20260924-002,LAB-000151430,PAT-0020807,ADM-00050546,DOC-00038,2026-09-24 00:54:22,Liver Function Test,Biochemistry,Normal,,Normal,1180.08,False
BATCH-20260924-002,LAB-000151431,PAT-0020807,ADM-00050546,DOC-00038,2026-09-24 00:54:22,Troponin,Cardiac,Normal,,Normal,1374.47,False
BATCH-20260924-002,LAB-000151432,PAT-0000921,ADM-00050547,DOC-00055,2026-09-24 05:08:01,Blood Glucose,Biochemistry,Abnormal,,Abnormal,284.92,True
BATCH-20260924-002,LAB-000151433,PAT-0014025,ADM-00050548,DOC-00137,2026-09-24 06:02:50,Thyroid Profile,Endocrinology,Normal,,Normal,1129.64,False
BATCH-20260924-002,LAB-000151434,PAT-0018266,ADM-00050549,DOC-00097,2026-09-24 03:07:31,Liver Function Test,Biochemistry,Abnormal,,Abnormal,1394.18,True
BATCH-20260924-002,LAB-000151435,PAT-0018266,ADM-00050549,DOC-00097,2026-09-24 03:07:31,Liver Function Test,Biochemistry,Abnormal,,Abnormal,1237.46,True
BATCH-20260924-002,LAB-000151436,PAT-0018266,ADM-00050549,DOC-00097,2026-09-24 03:07:31,Kidney Function Test,Biochemistry,Abnormal,,Abnormal,1135.72,True
BATCH-20260924-002,LAB-000151437,PAT-0018266,ADM-00050549,DOC-00097,2026-09-24 03:07:31,Thyroid Profile,Endocrinology,Normal,,Normal,961.84,False
BATCH-20260924-002,LAB-000151438,PAT-0010998,ADM-00050550,DOC-00108,2026-09-24 19:42:39,Thyroid Profile,Endocrinology,Normal,,Normal,1058.92,False
BATCH-20260924-002,LAB-000151439,PAT-0010998,ADM-00050550,DOC-00108,2026-09-24 19:42:39,Complete Blood Count,Hematology,Normal,,Normal,697.77,False
BATCH-20260924-002,LAB-000151440,PAT-0010998,ADM-00050550,DOC-00108,2026-09-24 19:42:39,Thyroid Profile,Endocrinology,Normal,,Normal,902.73,False
BATCH-20260924-002,LAB-000151441,PAT-0010998,ADM-00050550,DOC-00108,2026-09-24 19:42:39,Lipid Profile,Biochemistry,Normal,,Normal,1067.4,False
BATCH-20260924-002,LAB-000151442,PAT-0003089,ADM-00050551,DOC-00071,2026-09-24 05:19:21,Urine Routine,Pathology,Normal,,Normal,401.66,False
BATCH-20260924-002,LAB-000151443,PAT-0008186,ADM-00050552,DOC-00125,2026-09-24 19:00:48,Urine Routine,Pathology,Normal,,Normal,365.44,False
BATCH-20260924-002,LAB-000151444,PAT-0008186,ADM-00050552,DOC-00125,2026-09-24 19:00:48,Liver Function Test,Biochemistry,Abnormal,,Abnormal,1283.39,True
BATCH-20260924-002,LAB-000151445,PAT-0008186,ADM-00050552,DOC-00125,2026-09-24 19:00:48,Lipid Profile,Biochemistry,Normal,,Normal,894.8,False
BATCH-20260924-002,LAB-000151446,PAT-0001875,ADM-00050553,DOC-00065,2026-09-24 10:46:47,Troponin,Cardiac,Normal,,Normal,1369.86,False
BATCH-20260924-002,LAB-000151447,PAT-0006557,ADM-00050554,DOC-00025,2026-09-24 06:06:19,Kidney Function Test,Biochemistry,Normal,,Normal,1103.91,False
BATCH-20260924-002,LAB-000151448,PAT-0022751,ADM-00050555,DOC-00047,2026-09-24 04:47:07,Urine Routine,Pathology,Normal,,Normal,325.38,False
BATCH-20260924-002,LAB-000151449,PAT-0022751,ADM-00050555,DOC-00047,2026-09-24 04:47:07,Liver Function Test,Biochemistry,Normal,,Normal,1290.59,False
BATCH-20260924-002,LAB-000151450,PAT-0022751,ADM-00050555,DOC-00047,2026-09-24 04:47:07,Urine Routine,Pathology,Normal,,Normal,339.23,False
BATCH-20260924-002,LAB-000151451,PAT-0022751,ADM-00050555,DOC-00047,2026-09-24 04:47:07,Thyroid Profile,Endocrinology,Normal,,Normal,1137.37,False
BATCH-20260924-002,LAB-000151452,PAT-0022751,ADM-00050555,DOC-00047,2026-09-24 04:47:07,Kidney Function Test,Biochemistry,Normal,,Normal,1235.45,False
BATCH-20260924-002,LAB-000151453,PAT-0014881,ADM-00050556,DOC-00032,2026-09-24 19:43:59,Thyroid Profile,Endocrinology,Normal,,Normal,903.37,False
BATCH-20260924-002,LAB-000151454,PAT-0018410,ADM-00050557,DOC-00105,2026-09-24 03:02:17,Urine Routine,Pathology,Normal,,Normal,381.73,False
BATCH-20260924-002,LAB-000151455,PAT-0018410,ADM-00050557,DOC-00105,2026-09-24 03:02:17,Complete Blood Count,Hematology,Abnormal,,Abnormal,665.47,True
BATCH-20260924-002,LAB-000151456,PAT-0005412,ADM-00050558,DOC-00026,2026-09-24 20:41:39,Kidney Function Test,Biochemistry,Normal,,Normal,1093.59,False
BATCH-20260924-002,LAB-000151457,PAT-0013944,ADM-00050559,DOC-00028,2026-09-24 06:14:42,Complete Blood Count,Hematology,Normal,,Normal,696.46,False
BATCH-20260924-002,LAB-000151458,PAT-0013944,ADM-00050559,DOC-00028,2026-09-24 06:14:42,Thyroid Profile,Endocrinology,Abnormal,,Abnormal,1014.2,True
BATCH-20260924-002,LAB-000151459,PAT-0002223,ADM-00050560,DOC-00121,2026-09-24 14:44:51,Urine Routine,Pathology,Normal,,Normal,335.49,False
BATCH-20260924-002,LAB-000151460,PAT-0002223,ADM-00050560,DOC-00121,2026-09-24 14:44:51,Kidney Function Test,Biochemistry,Normal,,Normal,1032.94,False
BATCH-20260924-002,LAB-000151461,PAT-0014256,ADM-00050561,DOC-00097,2026-09-24 16:59:03,Blood Glucose,Biochemistry,Abnormal,,Abnormal,347.43,True
BATCH-20260924-002,LAB-000151462,PAT-0014256,ADM-00050561,DOC-00097,2026-09-24 16:59:03,Kidney Function Test,Biochemistry,Normal,,Normal,1314.4,False
BATCH-20260924-002,LAB-000151463,PAT-0014256,ADM-00050561,DOC-00097,2026-09-24 16:59:03,Troponin,Cardiac,Normal,,Normal,1612.83,False
BATCH-20260924-002,LAB-000151464,PAT-0014256,ADM-00050561,DOC-00097,2026-09-24 16:59:03,Thyroid Profile,Endocrinology,Normal,,Normal,954.23,False
BATCH-20260924-002,LAB-000151465,PAT-0014256,ADM-00050561,DOC-00097,2026-09-24 16:59:03,Lipid Profile,Biochemistry,Normal,,Normal,813.94,False
BATCH-20260924-002,LAB-000151466,PAT-0008816,ADM-00050562,DOC-00003,2026-09-24 11:14:04,Urine Routine,Pathology,Normal,,Normal,393.81,False
BATCH-20260924-002,LAB-000151467,PAT-0008816,ADM-00050562,DOC-00003,2026-09-24 11:14:04,Blood Glucose,Biochemistry,Abnormal,,Abnormal,333.62,True
BATCH-20260924-002,LAB-000151468,PAT-0008816,ADM-00050562,DOC-00003,2026-09-24 11:14:04,Liver Function Test,Biochemistry,Normal,,Normal,1344.87,False
BATCH-20260924-002,LAB-000151469,PAT-0000159,ADM-00050563,DOC-00142,2026-09-24 17:46:56,Thyroid Profile,Endocrinology,Normal,,Normal,1002.29,False
BATCH-20260924-002,LAB-000151470,PAT-0000159,ADM-00050563,DOC-00142,2026-09-24 17:46:56,Troponin,Cardiac,Normal,,Normal,1622.66,False
BATCH-20260924-002,LAB-000151471,PAT-0000159,ADM-00050563,DOC-00142,2026-09-24 17:46:56,Urine Routine,Pathology,Normal,,Normal,412.84,False
BATCH-20260924-002,LAB-000151472,PAT-0007606,ADM-00050564,DOC-00073,2026-09-24 15:22:27,Urine Routine,Pathology,Normal,,Normal,413.56,False
BATCH-20260924-002,LAB-000151473,PAT-0007606,ADM-00050564,DOC-00073,2026-09-24 15:22:27,Troponin,Cardiac,Abnormal,,Abnormal,1470.97,True
BATCH-20260924-002,LAB-000151474,PAT-0007606,ADM-00050564,DOC-00073,2026-09-24 15:22:27,Complete Blood Count,Hematology,Normal,,Normal,599.92,False
BATCH-20260924-002,LAB-000151475,PAT-0015932,ADM-00050565,DOC-00133,2026-09-24 12:32:35,Liver Function Test,Biochemistry,Abnormal,,Abnormal,1241.7,True
BATCH-20260924-002,LAB-000151476,PAT-0015932,ADM-00050565,DOC-00133,2026-09-24 12:32:35,Troponin,Cardiac,Abnormal,,Abnormal,1510.26,True
BATCH-20260924-002,LAB-000151477,PAT-0015932,ADM-00050565,DOC-00133,2026-09-24 12:32:35,Urine Routine,Pathology,Normal,,Normal,338.04,False
BATCH-20260924-002,LAB-000151478,PAT-0003182,ADM-00050566,DOC-00099,2026-09-24 02:00:00,Thyroid Profile,Endocrinology,Normal,,Normal,948.68,False
BATCH-20260924-002,LAB-000151479,PAT-0011235,ADM-00050567,DOC-00014,2026-09-24 10:08:52,Blood Glucose,Biochemistry,Normal,,Normal,329.71,False
BATCH-20260924-002,LAB-000151480,PAT-0011235,ADM-00050567,DOC-00014,2026-09-24 10:08:52,Blood Glucose,Biochemistry,Normal,,Normal,329.9,False
BATCH-20260924-002,LAB-000151481,PAT-0011235,ADM-00050567,DOC-00014,2026-09-24 10:08:52,Blood Glucose,Biochemistry,Normal,,Normal,296.43,False
BATCH-20260924-002,LAB-000151482,PAT-0011235,ADM-00050567,DOC-00014,2026-09-24 10:08:52,Lipid Profile,Biochemistry,Normal,,Normal,850.97,False
BATCH-20260924-002,LAB-000151483,PAT-0002724,ADM-00050568,DOC-00103,2026-09-24 14:07:52,Troponin,Cardiac,Normal,,Normal,1426.29,False
BATCH-20260924-002,LAB-000151484,PAT-0002724,ADM-00050568,DOC-00103,2026-09-24 14:07:52,Complete Blood Count,Hematology,Normal,,Normal,650.17,False
BATCH-20260924-002,LAB-000151485,PAT-0002724,ADM-00050568,DOC-00103,2026-09-24 14:07:52,Lipid Profile,Biochemistry,Normal,,Normal,991.84,False
BATCH-20260924-002,LAB-000151486,PAT-0002724,ADM-00050568,DOC-00103,2026-09-24 14:07:52,Blood Glucose,Biochemistry,Normal,,Normal,284.82,False
BATCH-20260924-002,LAB-000151487,PAT-0010946,ADM-00050569,DOC-00116,2026-09-24 07:57:10,Urine Routine,Pathology,Normal,,Normal,408.32,False
BATCH-20260924-002,LAB-000151488,PAT-0010946,ADM-00050569,DOC-00116,2026-09-24 07:57:10,Blood Glucose,Biochemistry,Abnormal,,Abnormal,359.27,True
BATCH-20260924-002,LAB-000151489,PAT-0010946,ADM-00050569,DOC-00116,2026-09-24 07:57:10,Complete Blood Count,Hematology,Normal,,Normal,766.33,False
BATCH-20260924-002,LAB-000151490,PAT-0007751,ADM-00050570,DOC-00032,2026-09-24 11:26:24,Liver Function Test,Biochemistry,Normal,,Normal,1414.11,False
BATCH-20260924-002,LAB-000151491,PAT-0007751,ADM-00050570,DOC-00032,2026-09-24 11:26:24,Urine Routine,Pathology,Normal,,Normal,372.27,False
BATCH-20260924-002,LAB-000151492,PAT-0007751,ADM-00050570,DOC-00032,2026-09-24 11:26:24,Lipid Profile,Biochemistry,Abnormal,,Abnormal,916.5,True
BATCH-20260924-002,LAB-000151493,PAT-0007751,ADM-00050570,DOC-00032,2026-09-24 11:26:24,Thyroid Profile,Endocrinology,Normal,,Normal,1120.11,False
BATCH-20260924-002,LAB-000151494,PAT-0004842,ADM-00050571,DOC-00051,2026-09-24 14:02:59,Urine Routine,Pathology,Normal,,Normal,330.46,False
BATCH-20260924-002,LAB-000151495,PAT-0004842,ADM-00050571,DOC-00051,2026-09-24 14:02:59,Thyroid Profile,Endocrinology,Normal,,Normal,966.68,False
BATCH-20260924-002,LAB-000151496,PAT-0004842,ADM-00050571,DOC-00051,2026-09-24 14:02:59,Liver Function Test,Biochemistry,Normal,,Normal,1383.54,False
BATCH-20260924-002,LAB-000151497,PAT-0004842,ADM-00050571,DOC-00051,2026-09-24 14:02:59,Kidney Function Test,Biochemistry,Abnormal,,Abnormal,1084.3,True
BATCH-20260924-002,LAB-000151498,PAT-0004842,ADM-00050571,DOC-00051,2026-09-24 14:02:59,Kidney Function Test,Biochemistry,Normal,,Normal,1015.47,False
BATCH-20260924-002,LAB-000151499,PAT-0015886,ADM-00050572,DOC-00057,2026-09-24 10:08:40,Urine Routine,Pathology,Normal,,Normal,325.1,False
BATCH-20260924-002,LAB-000151500,PAT-0015886,ADM-00050572,DOC-00057,2026-09-24 10:08:40,Thyroid Profile,Endocrinology,Normal,,Normal,1149.74,False
BATCH-20260924-002,LAB-000151501,PAT-0015886,ADM-00050572,DOC-00057,2026-09-24 10:08:40,Troponin,Cardiac,Normal,,Normal,1573.22,False
BATCH-20260924-002,LAB-000151502,PAT-0015886,ADM-00050572,DOC-00057,2026-09-24 10:08:40,Thyroid Profile,Endocrinology,Normal,,Normal,1088.08,False
BATCH-20260924-002,LAB-000151503,PAT-0015886,ADM-00050572,DOC-00057,2026-09-24 10:08:40,Kidney Function Test,Biochemistry,Normal,,Normal,1181.73,False
BATCH-20260924-002,LAB-000151504,PAT-0013480,ADM-00050573,DOC-00051,2026-09-24 15:24:51,Complete Blood Count,Hematology,Normal,,Normal,648.39,False
BATCH-20260924-002,LAB-000151505,PAT-0013480,ADM-00050573,DOC-00051,2026-09-24 15:24:51,Complete Blood Count,Hematology,Normal,,Normal,682.54,False
BATCH-20260924-002,LAB-000151506,PAT-0013480,ADM-00050573,DOC-00051,2026-09-24 15:24:51,Thyroid Profile,Endocrinology,Normal,,Normal,1115.3,False
BATCH-20260924-002,LAB-000151507,PAT-0013480,ADM-00050573,DOC-00051,2026-09-24 15:24:51,Thyroid Profile,Endocrinology,Abnormal,,Abnormal,1197.78,True
BATCH-20260924-002,LAB-000151508,PAT-0013480,ADM-00050573,DOC-00051,2026-09-24 15:24:51,Kidney Function Test,Biochemistry,Abnormal,,Abnormal,1306.12,True
BATCH-20260924-002,LAB-000151509,PAT-0003865,ADM-00050574,DOC-00093,2026-09-24 00:37:53,Liver Function Test,Biochemistry,Abnormal,,Abnormal,1261.45,True
BATCH-20260924-002,LAB-000151510,PAT-0003865,ADM-00050574,DOC-00093,2026-09-24 00:37:53,Complete Blood Count,Hematology,Normal,,Normal,632.88,False
BATCH-20260924-002,LAB-000151511,PAT-0003865,ADM-00050574,DOC-00093,2026-09-24 00:37:53,Blood Glucose,Biochemistry,Abnormal,,Abnormal,304.37,True
BATCH-20260924-002,LAB-000151512,PAT-0017423,ADM-00050575,DOC-00038,2026-09-24 13:31:45,Lipid Profile,Biochemistry,Normal,,Normal,1046.03,False
BATCH-20260924-002,LAB-000151513,PAT-0017423,ADM-00050575,DOC-00038,2026-09-24 13:31:45,Troponin,Cardiac,Normal,,Normal,1502.43,False
BATCH-20260924-002,LAB-000151514,PAT-0017423,ADM-00050575,DOC-00038,2026-09-24 13:31:45,Lipid Profile,Biochemistry,Normal,,Normal,998.01,False
BATCH-20260924-002,LAB-000151515,PAT-0017423,ADM-00050575,DOC-00038,2026-09-24 13:31:45,Kidney Function Test,Biochemistry,Normal,,Normal,1278.73,False
BATCH-20260924-002,LAB-000151516,PAT-0017423,ADM-00050575,DOC-00038,2026-09-24 13:31:45,Urine Routine,Pathology,Normal,,Normal,323.64,False
BATCH-20260924-002,LAB-000151517,PAT-0021214,ADM-00050576,DOC-00136,2026-09-24 12:11:00,Blood Glucose,Biochemistry,Normal,,Normal,279.58,False
BATCH-20260924-002,LAB-000151518,PAT-0021214,ADM-00050576,DOC-00136,2026-09-24 12:11:00,Liver Function Test,Biochemistry,Normal,,Normal,1130.19,False
BATCH-20260924-002,LAB-000151519,PAT-0000736,ADM-00050577,DOC-00127,2026-09-24 22:39:31,Complete Blood Count,Hematology,Normal,,Normal,710.06,False
BATCH-20260924-002,LAB-000151520,PAT-0009540,ADM-00050578,DOC-00051,2026-09-24 20:41:35,Liver Function Test,Biochemistry,Normal,,Normal,1238.35,False
BATCH-20260924-002,LAB-000151521,PAT-0009540,ADM-00050578,DOC-00051,2026-09-24 20:41:35,Urine Routine,Pathology,Normal,,Normal,365.25,False
BATCH-20260924-002,LAB-000151522,PAT-0009540,ADM-00050578,DOC-00051,2026-09-24 20:41:35,Complete Blood Count,Hematology,Normal,,Normal,663.44,False
BATCH-20260924-002,LAB-000151523,PAT-0024857,ADM-00050579,DOC-00044,2026-09-24 03:28:05,Thyroid Profile,Endocrinology,Normal,,Normal,1152.22,False
BATCH-20260924-002,LAB-000151524,PAT-0003861,ADM-00050580,DOC-00042,2026-09-24 14:05:01,Kidney Function Test,Biochemistry,Normal,,Normal,1172.93,False
BATCH-20260924-002,LAB-000151525,PAT-0003861,ADM-00050580,DOC-00042,2026-09-24 14:05:01,Lipid Profile,Biochemistry,Normal,,Normal,1045.86,False
BATCH-20260924-002,LAB-000151526,PAT-0003861,ADM-00050580,DOC-00042,2026-09-24 14:05:01,Thyroid Profile,Endocrinology,Normal,,Normal,1024.52,False
BATCH-20260924-002,LAB-000151527,PAT-0003861,ADM-00050580,DOC-00042,2026-09-24 14:05:01,Urine Routine,Pathology,Normal,,Normal,383.35,False
BATCH-20260924-002,LAB-000151528,PAT-0002111,ADM-00050581,DOC-00013,2026-09-24 18:48:39,Kidney Function Test,Biochemistry,Normal,,Normal,1087.04,False
BATCH-20260924-002,LAB-000151529,PAT-0002111,ADM-00050581,DOC-00013,2026-09-24 18:48:39,Thyroid Profile,Endocrinology,Normal,,Normal,1035.66,False
BATCH-20260924-002,LAB-000151530,PAT-0002111,ADM-00050581,DOC-00013,2026-09-24 18:48:39,Lipid Profile,Biochemistry,Normal,,Normal,966.77,False
BATCH-20260924-002,LAB-000151531,PAT-0012009,ADM-00050582,DOC-00106,2026-09-24 08:22:14,Kidney Function Test,Biochemistry,Abnormal,,Abnormal,1025.04,True
BATCH-20260924-002,LAB-000151532,PAT-0012009,ADM-00050582,DOC-00106,2026-09-24 08:22:14,Blood Glucose,Biochemistry,Normal,,Normal,356.71,False
BATCH-20260924-002,LAB-000151533,PAT-0002294,ADM-00050583,DOC-00004,2026-09-24 21:08:54,Liver Function Test,Biochemistry,Normal,,Normal,1324.0,False
BATCH-20260924-002,LAB-000151534,PAT-0002294,ADM-00050583,DOC-00004,2026-09-24 21:08:54,Urine Routine,Pathology,Normal,,Normal,373.64,False
BATCH-20260924-002,LAB-000151535,PAT-0002294,ADM-00050583,DOC-00004,2026-09-24 21:08:54,Troponin,Cardiac,Normal,,Normal,1500.33,False
BATCH-20260924-002,LAB-000151536,PAT-0002294,ADM-00050583,DOC-00004,2026-09-24 21:08:54,Blood Glucose,Biochemistry,Normal,,Normal,281.61,False
BATCH-20260924-002,LAB-000151537,PAT-0002294,ADM-00050583,DOC-00004,2026-09-24 21:08:54,Thyroid Profile,Endocrinology,Normal,,Normal,915.22,False
BATCH-20260924-002,LAB-000151538,PAT-0002097,ADM-00050584,DOC-00044,2026-09-24 14:00:29,Blood Glucose,Biochemistry,Normal,,Normal,295.47,False
BATCH-20260924-002,LAB-000151539,PAT-0020714,ADM-00050585,DOC-00031,2026-09-24 22:32:04,Lipid Profile,Biochemistry,Normal,,Normal,970.07,False
BATCH-20260924-002,LAB-000151540,PAT-0020714,ADM-00050585,DOC-00031,2026-09-24 22:32:04,Blood Glucose,Biochemistry,Normal,,Normal,304.02,False
BATCH-20260924-002,LAB-000151541,PAT-0020714,ADM-00050585,DOC-00031,2026-09-24 22:32:04,Kidney Function Test,Biochemistry,Normal,,Normal,1170.56,False
BATCH-20260924-002,LAB-000151542,PAT-0020714,ADM-00050585,DOC-00031,2026-09-24 22:32:04,Blood Glucose,Biochemistry,Normal,,Normal,322.33,False
BATCH-20260924-002,LAB-000151543,PAT-0000299,ADM-00050586,DOC-00098,2026-09-24 22:34:43,Urine Routine,Pathology,Normal,,Normal,351.35,False
BATCH-20260924-002,LAB-000151544,PAT-0016903,ADM-00050587,DOC-00075,2026-09-24 10:49:11,Lipid Profile,Biochemistry,Normal,,Normal,942.03,False
BATCH-20260924-002,LAB-000151545,PAT-0016903,ADM-00050587,DOC-00075,2026-09-24 10:49:11,Thyroid Profile,Endocrinology,Normal,,Normal,922.23,False
BATCH-20260924-002,LAB-000151546,PAT-0016903,ADM-00050587,DOC-00075,2026-09-24 10:49:11,Thyroid Profile,Endocrinology,Normal,,Normal,995.33,False
BATCH-20260924-002,LAB-000151547,PAT-0016903,ADM-00050587,DOC-00075,2026-09-24 10:49:11,Lipid Profile,Biochemistry,Normal,,Normal,909.81,False
BATCH-20260924-002,LAB-000151548,PAT-0016903,ADM-00050587,DOC-00075,2026-09-24 10:49:11,Lipid Profile,Biochemistry,Normal,,Normal,965.72,False
BATCH-20260924-002,LAB-000151549,PAT-0003181,ADM-00050588,DOC-00104,2026-09-24 21:26:54,Thyroid Profile,Endocrinology,Normal,,Normal,1191.98,False
BATCH-20260924-002,LAB-000151550,PAT-0003181,ADM-00050588,DOC-00104,2026-09-24 21:26:54,Complete Blood Count,Hematology,Normal,,Normal,703.08,False
BATCH-20260924-002,LAB-000151551,PAT-0025126,ADM-00050589,DOC-00033,2026-09-24 12:49:48,Lipid Profile,Biochemistry,Normal,,Normal,947.37,False
BATCH-20260924-002,LAB-000151552,PAT-0025126,ADM-00050589,DOC-00033,2026-09-24 12:49:48,Troponin,Cardiac,Normal,,Normal,1488.5,False
BATCH-20260924-002,LAB-000151553,PAT-0025126,ADM-00050589,DOC-00033,2026-09-24 12:49:48,Kidney Function Test,Biochemistry,Normal,,Normal,1052.61,False
BATCH-20260924-002,LAB-000151554,PAT-0025126,ADM-00050589,DOC-00033,2026-09-24 12:49:48,Kidney Function Test,Biochemistry,Abnormal,,Abnormal,1233.44,True
BATCH-20260924-002,LAB-000151555,PAT-0025126,ADM-00050589,DOC-00033,2026-09-24 12:49:48,Urine Routine,Pathology,Normal,,Normal,377.9,False
BATCH-20260924-002,LAB-000151556,PAT-0004925,ADM-00050590,DOC-00053,2026-09-24 06:20:31,Urine Routine,Pathology,Abnormal,,Abnormal,402.43,True
BATCH-20260924-002,LAB-000151557,PAT-0004925,ADM-00050590,DOC-00053,2026-09-24 06:20:31,Urine Routine,Pathology,Normal,,Normal,372.61,False
BATCH-20260924-002,LAB-000151558,PAT-0004925,ADM-00050590,DOC-00053,2026-09-24 06:20:31,Urine Routine,Pathology,Abnormal,,Abnormal,348.7,True
BATCH-20260924-002,LAB-000151559,PAT-0004925,ADM-00050590,DOC-00053,2026-09-24 06:20:31,Thyroid Profile,Endocrinology,Abnormal,,Abnormal,1192.12,True
BATCH-20260924-002,LAB-000151560,PAT-0021513,ADM-00050591,DOC-00025,2026-09-24 16:24:34,Urine Routine,Pathology,Normal,,Normal,383.89,False
BATCH-20260924-002,LAB-000151561,PAT-0021513,ADM-00050591,DOC-00025,2026-09-24 16:24:34,Lipid Profile,Biochemistry,Normal,,Normal,989.55,False
BATCH-20260924-002,LAB-000151562,PAT-0015061,ADM-00050592,DOC-00064,2026-09-24 06:05:27,Lipid Profile,Biochemistry,Normal,,Normal,1041.24,False
BATCH-20260924-002,LAB-000151563,PAT-0015061,ADM-00050592,DOC-00064,2026-09-24 06:05:27,Lipid Profile,Biochemistry,Normal,,Normal,1024.9,False
BATCH-20260924-002,LAB-000151564,PAT-0015061,ADM-00050592,DOC-00064,2026-09-24 06:05:27,Lipid Profile,Biochemistry,Normal,,Normal,949.92,False
BATCH-20260924-002,LAB-000151565,PAT-0008756,ADM-00050593,DOC-00009,2026-09-24 06:40:15,Blood Glucose,Biochemistry,Normal,,Normal,280.63,False
BATCH-20260924-002,LAB-000151566,PAT-0008756,ADM-00050593,DOC-00009,2026-09-24 06:40:15,Thyroid Profile,Endocrinology,Normal,,Normal,1033.66,False
BATCH-20260924-002,LAB-000151567,PAT-0015080,ADM-00050594,DOC-00116,2026-09-24 08:33:31,Complete Blood Count,Hematology,Normal,,Normal,630.29,False
BATCH-20260924-002,LAB-000151568,PAT-0015080,ADM-00050594,DOC-00116,2026-09-24 08:33:31,Blood Glucose,Biochemistry,Abnormal,,Abnormal,273.46,True
BATCH-20260924-002,LAB-000151569,PAT-0015080,ADM-00050594,DOC-00116,2026-09-24 08:33:31,Lipid Profile,Biochemistry,Abnormal,,Abnormal,1052.45,True
BATCH-20260924-002,LAB-000151570,PAT-0015080,ADM-00050594,DOC-00116,2026-09-24 08:33:31,Lipid Profile,Biochemistry,Normal,,Normal,840.82,False
BATCH-20260924-002,LAB-000151571,PAT-0020506,ADM-00050595,DOC-00106,2026-09-24 18:08:03,Blood Glucose,Biochemistry,Normal,,Normal,283.39,False
BATCH-20260924-002,LAB-000151572,PAT-0020506,ADM-00050595,DOC-00106,2026-09-24 18:08:03,Complete Blood Count,Hematology,Normal,,Normal,779.48,False
BATCH-20260924-002,LAB-000151573,PAT-0020506,ADM-00050595,DOC-00106,2026-09-24 18:08:03,Liver Function Test,Biochemistry,Abnormal,,Abnormal,1313.22,True
BATCH-20260924-002,LAB-000151574,PAT-0020506,ADM-00050595,DOC-00106,2026-09-24 18:08:03,Lipid Profile,Biochemistry,Normal,,Normal,1073.39,False
BATCH-20260924-002,LAB-000151575,PAT-0023154,ADM-00050596,DOC-00069,2026-09-24 10:51:36,Complete Blood Count,Hematology,Normal,,Normal,588.26,False
BATCH-20260924-002,LAB-000151576,PAT-0011355,ADM-00050597,DOC-00077,2026-09-24 22:15:23,Lipid Profile,Biochemistry,Normal,,Normal,846.28,False
BATCH-20260924-002,LAB-000151577,PAT-0011355,ADM-00050597,DOC-00077,2026-09-24 22:15:23,Kidney Function Test,Biochemistry,Normal,,Normal,1258.22,False
BATCH-20260924-002,LAB-000151578,PAT-0010112,ADM-00050598,DOC-00027,2026-09-24 13:55:29,Kidney Function Test,Biochemistry,Normal,,Normal,1173.96,False
BATCH-20260924-002,LAB-000151579,PAT-0010112,ADM-00050598,DOC-00027,2026-09-24 13:55:29,Complete Blood Count,Hematology,Normal,,Normal,668.99,False
BATCH-20260924-002,LAB-000151580,PAT-0021718,ADM-00050599,DOC-00125,2026-09-24 21:14:14,Liver Function Test,Biochemistry,Normal,,Normal,1329.37,False
BATCH-20260924-002,LAB-000151581,PAT-0021718,ADM-00050599,DOC-00125,2026-09-24 21:14:14,Lipid Profile,Biochemistry,Normal,,Normal,1013.45,False
BATCH-20260924-002,LAB-000151582,PAT-0019386,ADM-00050600,DOC-00061,2026-09-24 22:24:41,Lipid Profile,Biochemistry,Abnormal,,Abnormal,1046.95,True
BATCH-20260924-002,LAB-000151583,PAT-0000093,ADM-00050601,DOC-00063,2026-09-24 09:03:04,Thyroid Profile,Endocrinology,Abnormal,,Abnormal,1163.04,True
BATCH-20260924-002,LAB-000151584,PAT-0000093,ADM-00050601,DOC-00063,2026-09-24 09:03:04,Kidney Function Test,Biochemistry,Normal,,Normal,1304.89,False
BATCH-20260924-002,LAB-000151585,PAT-0020928,ADM-00050602,DOC-00088,2026-09-24 14:25:33,Liver Function Test,Biochemistry,Normal,,Normal,1197.88,False
BATCH-20260924-002,LAB-000151586,PAT-0020928,ADM-00050602,DOC-00088,2026-09-24 14:25:33,Complete Blood Count,Hematology,Normal,,Normal,691.1,False
BATCH-20260924-002,LAB-000151587,PAT-0019604,ADM-00050603,DOC-00090,2026-09-24 12:12:23,Lipid Profile,Biochemistry,Normal,,Normal,887.09,False
BATCH-20260924-002,LAB-000151588,PAT-0019604,ADM-00050603,DOC-00090,2026-09-24 12:12:23,Urine Routine,Pathology,Normal,,Normal,405.19,False
BATCH-20260924-002,LAB-000151589,PAT-0020406,ADM-00050604,DOC-00038,2026-09-24 14:28:21,Thyroid Profile,Endocrinology,Abnormal,,Abnormal,1078.22,True
BATCH-20260924-002,LAB-000151590,PAT-0020406,ADM-00050604,DOC-00038,2026-09-24 14:28:21,Lipid Profile,Biochemistry,Normal,,Normal,968.96,False
BATCH-20260924-002,LAB-000151591,PAT-0020406,ADM-00050604,DOC-00038,2026-09-24 14:28:21,Urine Routine,Pathology,Normal,,Normal,370.85,False
BATCH-20260924-002,LAB-000151592,PAT-0020406,ADM-00050604,DOC-00038,2026-09-24 14:28:21,Troponin,Cardiac,Normal,,Normal,1595.21,False
BATCH-20260924-002,LAB-000151593,PAT-0010021,ADM-00050605,DOC-00037,2026-09-24 18:11:17,Blood Glucose,Biochemistry,Abnormal,,Abnormal,303.99,True
BATCH-20260924-002,LAB-000151594,PAT-0010021,ADM-00050605,DOC-00037,2026-09-24 18:11:17,Kidney Function Test,Biochemistry,Normal,,Normal,1055.94,False
BATCH-20260924-002,LAB-000151595,PAT-0010021,ADM-00050605,DOC-00037,2026-09-24 18:11:17,Urine Routine,Pathology,Normal,,Normal,351.61,False
BATCH-20260924-002,LAB-000151596,PAT-0010021,ADM-00050605,DOC-00037,2026-09-24 18:11:17,Urine Routine,Pathology,Abnormal,,Abnormal,363.56,True
BATCH-20260924-002,LAB-000151597,PAT-0023937,ADM-00050606,DOC-00123,2026-09-24 15:37:03,Complete Blood Count,Hematology,Normal,,Normal,591.92,False
BATCH-20260924-002,LAB-000151598,PAT-0023937,ADM-00050606,DOC-00123,2026-09-24 15:37:03,Kidney Function Test,Biochemistry,Normal,,Normal,1050.78,False
BATCH-20260924-002,LAB-000151599,PAT-0023937,ADM-00050606,DOC-00123,2026-09-24 15:37:03,Liver Function Test,Biochemistry,Normal,,Normal,1438.04,False
BATCH-20260924-002,LAB-000151600,PAT-0023937,ADM-00050606,DOC-00123,2026-09-24 15:37:03,Blood Glucose,Biochemistry,Normal,,Normal,330.11,False
BATCH-20260924-002,LAB-000151601,PAT-0023937,ADM-00050606,DOC-00123,2026-09-24 15:37:03,Troponin,Cardiac,Normal,,Normal,1531.2,False
BATCH-20260924-002,LAB-000151602,PAT-0006837,ADM-00050607,DOC-00124,2026-09-24 01:52:15,Liver Function Test,Biochemistry,Normal,,Normal,1099.9,False
BATCH-20260924-002,LAB-000151603,PAT-0003355,ADM-00050608,DOC-00096,2026-09-24 12:10:46,Urine Routine,Pathology,Normal,,Normal,334.59,False
BATCH-20260924-002,LAB-000151604,PAT-0003355,ADM-00050608,DOC-00096,2026-09-24 12:10:46,Liver Function Test,Biochemistry,Normal,,Normal,1258.19,False
BATCH-20260924-002,LAB-000151605,PAT-0017291,ADM-00050609,DOC-00089,2026-09-24 19:37:08,Complete Blood Count,Hematology,Normal,,Normal,666.14,False
BATCH-20260924-002,LAB-000151606,PAT-0017291,ADM-00050609,DOC-00089,2026-09-24 19:37:08,Blood Glucose,Biochemistry,Normal,,Normal,309.77,False
BATCH-20260924-002,LAB-000151607,PAT-0017291,ADM-00050609,DOC-00089,2026-09-24 19:37:08,Troponin,Cardiac,Normal,,Normal,1366.68,False
BATCH-20260924-002,LAB-000151608,PAT-0003545,ADM-00050610,DOC-00047,2026-09-24 02:05:54,Troponin,Cardiac,Normal,,Normal,1290.04,False
BATCH-20260924-002,LAB-000151609,PAT-0003545,ADM-00050610,DOC-00047,2026-09-24 02:05:54,Troponin,Cardiac,Abnormal,,Abnormal,1546.86,True
BATCH-20260924-002,LAB-000151610,PAT-0003545,ADM-00050610,DOC-00047,2026-09-24 02:05:54,Blood Glucose,Biochemistry,Normal,,Normal,293.13,False
BATCH-20260924-002,LAB-000151611,PAT-0003545,ADM-00050610,DOC-00047,2026-09-24 02:05:54,Liver Function Test,Biochemistry,Normal,,Normal,1425.57,False
BATCH-20260924-002,LAB-000151612,PAT-0017649,ADM-00050611,DOC-00136,2026-09-24 09:15:58,Kidney Function Test,Biochemistry,Normal,,Normal,1128.17,False
BATCH-20260924-002,LAB-000151613,PAT-0002655,ADM-00050612,DOC-00067,2026-09-24 22:33:24,Thyroid Profile,Endocrinology,Normal,,Normal,1109.23,False
BATCH-20260924-002,LAB-000151614,PAT-0002655,ADM-00050612,DOC-00067,2026-09-24 22:33:24,Urine Routine,Pathology,Normal,,Normal,391.34,False
BATCH-20260924-002,LAB-000151615,PAT-0000163,ADM-00050613,DOC-00122,2026-09-24 14:15:20,Kidney Function Test,Biochemistry,Normal,,Normal,1116.54,False
BATCH-20260924-002,LAB-000151616,PAT-0000163,ADM-00050613,DOC-00122,2026-09-24 14:15:20,Complete Blood Count,Hematology,Normal,,Normal,668.09,False
BATCH-20260924-002,LAB-000151617,PAT-0000163,ADM-00050613,DOC-00122,2026-09-24 14:15:20,Kidney Function Test,Biochemistry,Normal,,Normal,1169.36,False
BATCH-20260924-002,LAB-000151618,PAT-0014392,ADM-00050614,DOC-00002,2026-09-24 23:56:27,Liver Function Test,Biochemistry,Normal,,Normal,1116.16,False
BATCH-20260924-002,LAB-000151619,PAT-0014392,ADM-00050614,DOC-00002,2026-09-24 23:56:27,Troponin,Cardiac,Normal,,Normal,1292.59,False
BATCH-20260924-002,LAB-000151620,PAT-0014392,ADM-00050614,DOC-00002,2026-09-24 23:56:27,Kidney Function Test,Biochemistry,Normal,,Normal,1274.07,False
BATCH-20260924-002,LAB-000151621,PAT-0014392,ADM-00050614,DOC-00002,2026-09-24 23:56:27,Lipid Profile,Biochemistry,Normal,,Normal,887.11,False
BATCH-20260924-002,LAB-000151622,PAT-0003722,ADM-00050615,DOC-00042,2026-09-24 09:13:39,Urine Routine,Pathology,Abnormal,,Abnormal,329.08,True
BATCH-20260924-002,LAB-000151623,PAT-0003722,ADM-00050615,DOC-00042,2026-09-24 09:13:39,Liver Function Test,Biochemistry,Abnormal,,Abnormal,1293.58,True
BATCH-20260924-002,LAB-000151624,PAT-0022251,ADM-00050616,DOC-00131,2026-09-24 22:51:19,Kidney Function Test,Biochemistry,Normal,,Normal,1278.64,False
BATCH-20260924-002,LAB-000151625,PAT-0022251,ADM-00050616,DOC-00131,2026-09-24 22:51:19,Troponin,Cardiac,Normal,,Normal,1271.19,False
BATCH-20260924-002,LAB-000151626,PAT-0022251,ADM-00050616,DOC-00131,2026-09-24 22:51:19,Blood Glucose,Biochemistry,Normal,,Normal,321.28,False
BATCH-20260924-002,LAB-000151627,PAT-0022251,ADM-00050616,DOC-00131,2026-09-24 22:51:19,Thyroid Profile,Endocrinology,Normal,,Normal,1017.01,False
BATCH-20260924-002,LAB-000151628,PAT-0002518,ADM-00050617,DOC-00027,2026-09-24 07:22:44,Kidney Function Test,Biochemistry,Normal,,Normal,1142.88,False
BATCH-20260924-002,LAB-000151629,PAT-0002518,ADM-00050617,DOC-00027,2026-09-24 07:22:44,Liver Function Test,Biochemistry,Abnormal,,Abnormal,1350.83,True
BATCH-20260924-002,LAB-000151630,PAT-0002518,ADM-00050617,DOC-00027,2026-09-24 07:22:44,Troponin,Cardiac,Abnormal,,Abnormal,1667.98,True
BATCH-20260924-002,LAB-000151631,PAT-0017077,ADM-00050618,DOC-00026,2026-09-24 19:06:29,Thyroid Profile,Endocrinology,Normal,,Normal,988.31,False
BATCH-20260924-002,LAB-000151632,PAT-0017077,ADM-00050618,DOC-00026,2026-09-24 19:06:29,Troponin,Cardiac,Abnormal,,Abnormal,1386.95,True
BATCH-20260924-002,LAB-000151633,PAT-0005971,ADM-00050619,DOC-00125,2026-09-24 01:40:54,Thyroid Profile,Endocrinology,Normal,,Normal,1140.25,False
BATCH-20260924-002,LAB-000151634,PAT-0005971,ADM-00050619,DOC-00125,2026-09-24 01:40:54,Complete Blood Count,Hematology,Normal,,Normal,598.6,False
BATCH-20260924-002,LAB-000151635,PAT-0005971,ADM-00050619,DOC-00125,2026-09-24 01:40:54,Complete Blood Count,Hematology,Abnormal,,Abnormal,736.79,True
BATCH-20260924-002,LAB-000151636,PAT-0011585,ADM-00050620,DOC-00107,2026-09-24 06:40:45,Thyroid Profile,Endocrinology,Normal,,Normal,1023.65,False
BATCH-20260924-002,LAB-000151637,PAT-0011585,ADM-00050620,DOC-00107,2026-09-24 06:40:45,Liver Function Test,Biochemistry,Normal,,Normal,1385.66,False
BATCH-20260924-002,LAB-000151638,PAT-0017302,ADM-00050621,DOC-00028,2026-09-24 03:54:58,Complete Blood Count,Hematology,Abnormal,,Abnormal,727.84,True
BATCH-20260924-002,LAB-000151639,PAT-0013555,ADM-00050622,DOC-00082,2026-09-24 11:54:28,Troponin,Cardiac,Normal,,Normal,1665.77,False
BATCH-20260924-002,LAB-000151640,PAT-0013555,ADM-00050622,DOC-00082,2026-09-24 11:54:28,Complete Blood Count,Hematology,Normal,,Normal,640.46,False
BATCH-20260924-002,LAB-000151641,PAT-0013555,ADM-00050622,DOC-00082,2026-09-24 11:54:28,Troponin,Cardiac,Normal,,Normal,1495.98,False
BATCH-20260924-002,LAB-000151642,PAT-0013555,ADM-00050622,DOC-00082,2026-09-24 11:54:28,Urine Routine,Pathology,Normal,,Normal,387.77,False
BATCH-20260924-002,LAB-000151643,PAT-0013555,ADM-00050622,DOC-00082,2026-09-24 11:54:28,Lipid Profile,Biochemistry,Normal,,Normal,873.84,False
BATCH-20260924-002,LAB-000151644,PAT-0024977,ADM-00050623,DOC-00040,2026-09-24 08:24:06,Blood Glucose,Biochemistry,Abnormal,,Abnormal,281.39,True
BATCH-20260924-002,LAB-000151645,PAT-0024977,ADM-00050623,DOC-00040,2026-09-24 08:24:06,Urine Routine,Pathology,Normal,,Normal,343.08,False
BATCH-20260924-002,LAB-000151646,PAT-0024977,ADM-00050623,DOC-00040,2026-09-24 08:24:06,Urine Routine,Pathology,Normal,,Normal,364.23,False
BATCH-20260924-002,LAB-000151647,PAT-0024977,ADM-00050623,DOC-00040,2026-09-24 08:24:06,Troponin,Cardiac,Normal,,Normal,1525.66,False
BATCH-20260924-002,LAB-000151648,PAT-0024977,ADM-00050623,DOC-00040,2026-09-24 08:24:06,Kidney Function Test,Biochemistry,Normal,,Normal,1210.95,False
BATCH-20260924-002,LAB-000151649,PAT-0022510,ADM-00050624,DOC-00029,2026-09-24 12:59:04,Kidney Function Test,Biochemistry,Normal,,Normal,1029.23,False
BATCH-20260924-002,LAB-000151650,PAT-0022510,ADM-00050624,DOC-00029,2026-09-24 12:59:04,Troponin,Cardiac,Abnormal,,Abnormal,1344.86,True
BATCH-20260924-002,LAB-000151651,PAT-0011652,ADM-00050625,DOC-00045,2026-09-24 22:29:25,Troponin,Cardiac,Normal,,Normal,1518.86,False
BATCH-20260924-002,LAB-000151652,PAT-0024057,ADM-00050626,DOC-00035,2026-09-24 17:33:12,Urine Routine,Pathology,Normal,,Normal,404.19,False
BATCH-20260924-002,LAB-000151653,PAT-0024057,ADM-00050626,DOC-00035,2026-09-24 17:33:12,Blood Glucose,Biochemistry,Normal,,Normal,351.73,False
BATCH-20260924-002,LAB-000151654,PAT-0020313,ADM-00050627,DOC-00074,2026-09-24 01:54:32,Lipid Profile,Biochemistry,Normal,,Normal,1020.45,False
BATCH-20260924-002,LAB-000151655,PAT-0020313,ADM-00050627,DOC-00074,2026-09-24 01:54:32,Urine Routine,Pathology,Abnormal,,Abnormal,386.75,True
BATCH-20260924-002,LAB-000151656,PAT-0020313,ADM-00050627,DOC-00074,2026-09-24 01:54:32,Lipid Profile,Biochemistry,Normal,,Normal,894.39,False
BATCH-20260924-002,LAB-000151657,PAT-0020313,ADM-00050627,DOC-00074,2026-09-24 01:54:32,Kidney Function Test,Biochemistry,Normal,,Normal,1318.04,False
BATCH-20260924-002,LAB-000151658,PAT-0018151,ADM-00050628,DOC-00073,2026-09-24 03:22:28,Kidney Function Test,Biochemistry,Normal,,Normal,1224.83,False
BATCH-20260924-002,LAB-000151659,PAT-0018151,ADM-00050628,DOC-00073,2026-09-24 03:22:28,Kidney Function Test,Biochemistry,Normal,,Normal,1133.22,False
BATCH-20260924-002,LAB-000151660,PAT-0018151,ADM-00050628,DOC-00073,2026-09-24 03:22:28,Thyroid Profile,Endocrinology,Abnormal,,Abnormal,1095.84,True
BATCH-20260924-002,LAB-000151661,PAT-0018151,ADM-00050628,DOC-00073,2026-09-24 03:22:28,Liver Function Test,Biochemistry,Normal,,Normal,1113.21,False
BATCH-20260924-002,LAB-000151662,PAT-0018151,ADM-00050628,DOC-00073,2026-09-24 03:22:28,Liver Function Test,Biochemistry,Normal,,Normal,1090.92,False
BATCH-20260924-002,LAB-000151663,PAT-0016146,ADM-00050629,DOC-00044,2026-09-24 12:46:47,Complete Blood Count,Hematology,Abnormal,,Abnormal,634.73,True
BATCH-20260924-002,LAB-000151664,PAT-0001008,ADM-00050630,DOC-00037,2026-09-24 19:19:40,Troponin,Cardiac,Normal,,Normal,1303.43,False
BATCH-20260924-002,LAB-000151665,PAT-0001008,ADM-00050630,DOC-00037,2026-09-24 19:19:40,Kidney Function Test,Biochemistry,Normal,,Normal,1024.99,False
BATCH-20260924-002,LAB-000151666,PAT-0001008,ADM-00050630,DOC-00037,2026-09-24 19:19:40,Thyroid Profile,Endocrinology,Abnormal,,Abnormal,1152.32,True
BATCH-20260924-002,LAB-000151667,PAT-0007820,ADM-00050631,DOC-00051,2026-09-24 10:43:41,Blood Glucose,Biochemistry,Normal,,Normal,343.24,False
BATCH-20260924-002,LAB-000151668,PAT-0010457,ADM-00050632,DOC-00028,2026-09-24 10:21:05,Troponin,Cardiac,Normal,,Normal,1649.82,False
BATCH-20260924-002,LAB-000151669,PAT-0010457,ADM-00050632,DOC-00028,2026-09-24 10:21:05,Liver Function Test,Biochemistry,Abnormal,,Abnormal,1391.18,True
BATCH-20260924-002,LAB-000151670,PAT-0008098,ADM-00050633,DOC-00114,2026-09-24 16:03:33,Lipid Profile,Biochemistry,Normal,,Normal,936.28,False
BATCH-20260924-002,LAB-000151671,PAT-0008098,ADM-00050633,DOC-00114,2026-09-24 16:03:33,Blood Glucose,Biochemistry,Normal,,Normal,352.6,False
BATCH-20260924-002,LAB-000151672,PAT-0008098,ADM-00050633,DOC-00114,2026-09-24 16:03:33,Liver Function Test,Biochemistry,Normal,,Normal,1165.1,False
BATCH-20260924-002,LAB-000151673,PAT-0020513,ADM-00050634,DOC-00086,2026-09-24 05:04:31,Blood Glucose,Biochemistry,Normal,,Normal,329.69,False
BATCH-20260924-002,LAB-000151674,PAT-0020513,ADM-00050634,DOC-00086,2026-09-24 05:04:31,Troponin,Cardiac,Normal,,Normal,1342.75,False
BATCH-20260924-002,LAB-000151675,PAT-0020513,ADM-00050634,DOC-00086,2026-09-24 05:04:31,Blood Glucose,Biochemistry,Normal,,Normal,308.91,False
BATCH-20260924-002,LAB-000151676,PAT-0020513,ADM-00050634,DOC-00086,2026-09-24 05:04:31,Urine Routine,Pathology,Abnormal,,Abnormal,329.61,True
BATCH-20260924-002,LAB-000151677,PAT-0020513,ADM-00050634,DOC-00086,2026-09-24 05:04:31,Kidney Function Test,Biochemistry,Abnormal,,Abnormal,1058.43,True
BATCH-20260924-002,LAB-000151678,PAT-0023018,ADM-00050635,DOC-00008,2026-09-24 02:14:07,Lipid Profile,Biochemistry,Normal,,Normal,975.07,False
BATCH-20260924-002,LAB-000151679,PAT-0023018,ADM-00050635,DOC-00008,2026-09-24 02:14:07,Thyroid Profile,Endocrinology,Normal,,Normal,1082.01,False
BATCH-20260924-002,LAB-000151680,PAT-0023018,ADM-00050635,DOC-00008,2026-09-24 02:14:07,Blood Glucose,Biochemistry,Abnormal,,Abnormal,296.22,True
BATCH-20260924-002,LAB-000151681,PAT-0023018,ADM-00050635,DOC-00008,2026-09-24 02:14:07,Troponin,Cardiac,Normal,,Normal,1279.4,False
BATCH-20260924-002,LAB-000151682,PAT-0023018,ADM-00050635,DOC-00008,2026-09-24 02:14:07,Urine Routine,Pathology,Normal,,Normal,341.63,False
BATCH-20260924-002,LAB-000151683,PAT-0024404,ADM-00050636,DOC-00055,2026-09-24 12:38:10,Kidney Function Test,Biochemistry,Normal,,Normal,1143.8,False
