department_key,department_id,department_name,admissions,patients,average_risk_score,high_risk_admissions,medium_risk_admissions,low_risk_admissions,high_risk_admission_rate_pct,readmission_rate_pct,emergency_rate_pct,icu_rate_pct,average_length_of_stay,outstanding_amount,high_risk_rate_rank
9,DEP009,ENT,5132,4621,21.83,262,1566,3304,5.11,20.46,29.03,15.14,4.73,29295335.35,1
2,DEP002,Cardiology,5084,4570,21.94,253,1598,3233,4.98,20.81,27.62,15.72,4.73,30402176.93,2
4,DEP004,Orthopedics,5077,4563,22.15,252,1601,3224,4.96,19.95,28.32,16.41,4.75,28850910.96,3
3,DEP003,Neurology,5230,4673,21.59,247,1641,3342,4.72,19.92,27.72,15.85,4.72,29288913.86,4
6,DEP006,General Medicine,5197,4687,21.82,245,1594,3358,4.71,20.01,27.92,16.36,4.73,31185805.63,5
10,DEP010,Dermatology,5257,4706,21.72,241,1642,3374,4.58,20.81,28.11,15.35,4.76,28194875.14,6
5,DEP005,Pediatrics,5172,4632,21.59,225,1613,3334,4.35,20.38,27.82,15.27,4.69,29694842.69,7
1,DEP001,Emergency,5122,4632,21.15,222,1568,3332,4.33,18.82,27.14,15.05,4.68,27395857.44,8
7,DEP007,Oncology,5006,4524,21.68,207,1621,3178,4.14,19.4,26.99,16.12,4.75,27611455.55,9
8,DEP008,Gynecology,5040,4541,21.35,200,1573,3267,3.97,19.09,27.88,15.85,4.72,29312566.22,10
