department_key,department_id,department_name,admissions,patients,average_risk_score,high_risk_admissions,high_risk_admission_rate_pct,readmission_rate_pct,emergency_rate_pct,icu_rate_pct,average_length_of_stay,bills,net_revenue,collected_amount,outstanding_amount,average_financial_risk_score,high_risk_bills,high_risk_bill_rate_pct,outstanding_rate_pct,outstanding_share_pct,patient_risk_rank,financial_exposure_rank,financial_risk_rank
2,DEP002,Cardiology,5084,4570,21.94,253,4.98,20.81,27.62,15.72,4.73,5084,409094291.91,175122093.2,30402176.93,15.58,554,10.9,7.43,10.44,2,2,1
10,DEP010,Dermatology,5257,4706,21.72,241,4.58,20.81,28.11,15.35,4.76,5257,421203670.06,183138549.86,28194875.14,14.8,508,9.66,6.69,9.68,6,8,10
9,DEP009,ENT,5132,4621,21.83,262,5.11,20.46,29.03,15.14,4.73,5132,407973271.03,177127936.49,29295335.35,15.39,524,10.21,7.18,10.06,1,5,7
1,DEP001,Emergency,5122,4632,21.15,222,4.33,18.82,27.14,15.05,4.68,5122,406390689.29,176437077.95,27395857.44,14.78,499,9.74,6.74,9.41,8,10,9
6,DEP006,General Medicine,5197,4687,21.82,245,4.71,20.01,27.92,16.36,4.73,5197,417319506.97,171797664.31,31185805.63,15.51,557,10.72,7.47,10.71,5,1,4
8,DEP008,Gynecology,5040,4541,21.35,200,3.97,19.09,27.88,15.85,4.72,5040,414273272.46,177459138.74,29312566.22,15.32,546,10.83,7.08,10.06,10,4,2
3,DEP003,Neurology,5230,4673,21.59,247,4.72,19.92,27.72,15.85,4.72,5230,415751678.81,179630853.22,29288913.86,15.21,538,10.29,7.04,10.06,4,6,6
7,DEP007,Oncology,5006,4524,21.68,207,4.14,19.4,26.99,16.12,4.75,5006,401619663.62,170569579.7,27611455.55,15.2,538,10.75,6.88,9.48,9,9,3
4,DEP004,Orthopedics,5077,4563,22.15,252,4.96,19.95,28.32,16.41,4.75,5077,414805371.99,175941487.5,28850910.96,15.3,535,10.54,6.96,9.91,3,7,5
5,DEP005,Pediatrics,5172,4632,21.59,225,4.35,20.38,27.82,15.27,4.69,5172,409140791.34,174574205.96,29694842.69,15.25,524,10.13,7.26,10.2,7,3,8
