batch_id,claim_id,bill_id,patient_id,insurer_id,submission_date,settlement_date,claim_amount,approved_amount,rejected_amount,claim_status,rejection_reason,processing_days
BATCH-20260925-007,CLM-00037454,BILL-00052422,PAT-0015976,INS003,2026-10-05 19:53:16,2026-10-10 19:53:16,33964.9,33964.9,0.0,Approved,,5.0
BATCH-20260925-007,CLM-00037455,BILL-00052423,PAT-0013841,INS001,2026-10-02 22:52:27,,34398.49,0.0,0.0,Pending,,
BATCH-20260925-007,CLM-00037456,BILL-00052424,PAT-0019546,INS005,2026-10-02 21:39:14,2026-10-17 21:39:14,31404.96,31404.96,0.0,Approved,,15.0
BATCH-20260925-007,CLM-00037457,BILL-00052427,PAT-0000519,INS001,2026-10-04 05:35:24,2026-10-21 05:35:24,11983.2,11983.2,0.0,Approved,,17.0
BATCH-20260925-007,CLM-00037458,BILL-00052430,PAT-0016059,INS001,2026-09-30 22:38:10,2026-10-26 22:38:10,15382.03,15382.03,0.0,Approved,,26.0
BATCH-20260925-007,CLM-00037459,BILL-00052431,PAT-0009475,INS005,2026-10-04 17:53:43,2026-10-17 17:53:43,43302.18,43302.18,0.0,Approved,,13.0
BATCH-20260925-007,CLM-00037460,BILL-00052433,PAT-0001335,INS001,2026-10-02 23:33:49,2026-10-13 23:33:49,40767.94,0.0,40767.94,Rejected,Duplicate Claim,11.0
BATCH-20260925-007,CLM-00037461,BILL-00052435,PAT-0006898,INS001,2026-10-05 03:39:23,2026-10-18 03:39:23,29424.8,25471.21,3953.59,Partially Approved,Incorrect Coding,13.0
BATCH-20260925-007,CLM-00037462,BILL-00052437,PAT-0004270,INS005,2026-10-02 01:38:46,2026-10-15 01:38:46,117906.97,117906.97,0.0,Approved,,13.0
BATCH-20260925-007,CLM-00037463,BILL-00052438,PAT-0000352,INS003,2026-10-09 20:56:24,2026-10-25 20:56:24,89712.58,89712.58,0.0,Approved,,16.0
BATCH-20260925-007,CLM-00037464,BILL-00052440,PAT-0000275,INS005,2026-10-16 13:27:05,2026-11-13 13:27:05,230414.7,230414.7,0.0,Approved,,28.0
BATCH-20260925-007,CLM-00037465,BILL-00052443,PAT-0023837,INS002,2026-10-04 06:58:31,2026-10-22 06:58:31,28282.26,28282.26,0.0,Approved,,18.0
BATCH-20260925-007,CLM-00037466,BILL-00052445,PAT-0017687,INS003,2026-10-05 12:01:10,2026-11-17 12:01:10,22774.08,14817.59,7956.49,Partially Approved,Missing Documentation,43.0
BATCH-20260925-007,CLM-00037467,BILL-00052446,PAT-0009850,INS001,2026-09-30 23:53:52,2026-10-25 23:53:52,21526.76,13735.46,7791.3,Partially Approved,Pre-authorization Missing,25.0
BATCH-20260925-007,CLM-00037468,BILL-00052447,PAT-0024432,INS002,2026-10-05 00:21:56,2026-10-18 00:21:56,78424.16,78424.16,0.0,Approved,,13.0
BATCH-20260925-007,CLM-00037469,BILL-00052449,PAT-0005291,INS002,2026-10-04 17:08:35,,106610.64,0.0,0.0,Pending,,
BATCH-20260925-007,CLM-00037470,BILL-00052452,PAT-0010278,INS004,2026-09-30 11:34:16,2026-11-01 11:34:16,37795.12,30181.93,7613.19,Partially Approved,Incorrect Coding,32.0
BATCH-20260925-007,CLM-00037471,BILL-00052453,PAT-0004443,INS003,2026-10-06 23:25:30,2026-10-13 23:25:30,23480.07,23480.07,0.0,Approved,,7.0
BATCH-20260925-007,CLM-00037472,BILL-00052455,PAT-0010479,INS003,2026-10-01 20:33:37,2026-10-18 20:33:37,25491.35,25491.35,0.0,Approved,,17.0
BATCH-20260925-007,CLM-00037473,BILL-00052456,PAT-0002937,INS004,2026-10-10 19:49:56,2026-10-29 19:49:56,115484.42,115484.42,0.0,Approved,,19.0
BATCH-20260925-007,CLM-00037474,BILL-00052458,PAT-0016621,INS003,2026-10-08 08:08:54,2026-11-03 08:08:54,215899.44,215899.44,0.0,Approved,,26.0
BATCH-20260925-007,CLM-00037475,BILL-00052459,PAT-0008700,INS003,2026-10-06 21:09:40,2026-11-02 21:09:40,137428.03,137428.03,0.0,Approved,,27.0
BATCH-20260925-007,CLM-00037476,BILL-00052461,PAT-0016296,INS003,2026-10-01 23:37:44,2026-10-15 23:37:44,29758.56,29758.56,0.0,Approved,,14.0
BATCH-20260925-007,CLM-00037477,BILL-00052462,PAT-0016141,INS001,2026-10-04 13:37:39,2026-10-11 13:37:39,50657.23,0.0,50657.23,Rejected,Policy Exclusion,7.0
BATCH-20260925-007,CLM-00037478,BILL-00052463,PAT-0017752,INS002,2026-10-08 21:32:48,2026-10-24 21:32:48,209252.92,209252.92,0.0,Approved,,16.0
BATCH-20260925-007,CLM-00037479,BILL-00052464,PAT-0001905,INS004,2026-10-02 01:19:00,2026-10-08 01:19:00,54165.94,54165.94,0.0,Approved,,6.0
BATCH-20260925-007,CLM-00037480,BILL-00052466,PAT-0019214,INS003,2026-09-27 04:12:52,2026-10-02 04:12:52,6744.61,6744.61,0.0,Approved,,5.0
BATCH-20260925-007,CLM-00037481,BILL-00052467,PAT-0009686,INS002,2026-10-01 07:39:05,2026-10-10 07:39:05,45335.36,0.0,45335.36,Rejected,Policy Exclusion,9.0
BATCH-20260925-007,CLM-00037482,BILL-00052468,PAT-0017252,INS005,2026-10-03 23:17:42,2026-10-21 23:17:42,40135.11,0.0,40135.11,Rejected,Coverage Limit Exceeded,18.0
BATCH-20260925-007,CLM-00037483,BILL-00052469,PAT-0017961,INS002,2026-10-01 09:52:40,2026-10-23 09:52:40,71188.6,71188.6,0.0,Approved,,22.0
BATCH-20260925-007,CLM-00037484,BILL-00052470,PAT-0013544,INS004,2026-10-09 22:21:09,2026-11-14 22:21:09,121546.93,95180.41,26366.52,Partially Approved,Incorrect Coding,36.0
BATCH-20260925-007,CLM-00037485,BILL-00052471,PAT-0024553,INS003,2026-09-28 04:37:52,2026-10-05 04:37:52,23800.81,23800.81,0.0,Approved,,7.0
BATCH-20260925-007,CLM-00037486,BILL-00052473,PAT-0025609,INS001,2026-09-29 14:59:06,,21732.65,0.0,0.0,Pending,,
BATCH-20260925-007,CLM-00037487,BILL-00052474,PAT-0024453,INS005,2026-10-03 07:20:26,2026-11-02 07:20:26,37173.17,37173.17,0.0,Approved,,30.0
BATCH-20260925-007,CLM-00037488,BILL-00052475,PAT-0020157,INS002,2026-10-01 06:51:38,2026-10-12 06:51:38,46535.93,46535.93,0.0,Approved,,11.0
BATCH-20260925-007,CLM-00037489,BILL-00052476,PAT-0015063,INS004,2026-10-03 16:54:59,2026-10-17 16:54:59,32883.34,32883.34,0.0,Approved,,14.0
BATCH-20260925-007,CLM-00037490,BILL-00052477,PAT-0005344,INS003,2026-10-05 06:58:52,2026-11-12 06:58:52,96121.85,70293.67,25828.18,Partially Approved,Duplicate Claim,38.0
BATCH-20260925-007,CLM-00037491,BILL-00052478,PAT-0019948,INS004,2026-10-08 16:34:54,,142937.87,0.0,0.0,Pending,,
BATCH-20260925-007,CLM-00037492,BILL-00052479,PAT-0017432,INS002,2026-09-30 09:59:29,2026-10-30 09:59:29,37306.21,37306.21,0.0,Approved,,30.0
BATCH-20260925-007,CLM-00037493,BILL-00052482,PAT-0005818,INS004,2026-09-30 08:47:47,2026-10-10 08:47:47,38128.51,38128.51,0.0,Approved,,10.0
BATCH-20260925-007,CLM-00037494,BILL-00052483,PAT-0021660,INS003,2026-10-03 00:58:32,2026-10-10 00:58:32,87208.93,87208.93,0.0,Approved,,7.0
BATCH-20260925-007,CLM-00037495,BILL-00052484,PAT-0019583,INS002,2026-09-28 06:54:18,2026-10-24 06:54:18,22481.95,22481.95,0.0,Approved,,26.0
BATCH-20260925-007,CLM-00037496,BILL-00052485,PAT-0000537,INS002,2026-10-02 18:31:24,2026-10-24 18:31:24,20712.09,20712.09,0.0,Approved,,22.0
BATCH-20260925-007,CLM-00037497,BILL-00052486,PAT-0018663,INS005,2026-10-06 20:52:55,2026-10-26 20:52:55,52287.02,52287.02,0.0,Approved,,20.0
BATCH-20260925-007,CLM-00037498,BILL-00052487,PAT-0019194,INS001,2026-10-07 12:20:11,2026-10-28 12:20:11,22080.04,17592.89,4487.15,Partially Approved,Incorrect Coding,21.0
BATCH-20260925-007,CLM-00037499,BILL-00052488,PAT-0011864,INS005,2026-10-04 00:24:52,2026-11-02 00:24:52,27966.49,27966.49,0.0,Approved,,29.0
BATCH-20260925-007,CLM-00037500,BILL-00052489,PAT-0014618,INS002,2026-10-04 01:26:28,2026-10-29 01:26:28,42262.05,42262.05,0.0,Approved,,25.0
BATCH-20260925-007,CLM-00037501,BILL-00052490,PAT-0002972,INS004,2026-09-30 16:19:05,2026-10-23 16:19:05,29328.6,0.0,29328.6,Rejected,Incorrect Coding,23.0
BATCH-20260925-007,CLM-00037502,BILL-00052491,PAT-0000008,INS004,2026-09-29 22:01:10,2026-10-19 22:01:10,27494.77,27494.77,0.0,Approved,,20.0
BATCH-20260925-007,CLM-00037503,BILL-00052492,PAT-0020102,INS001,2026-10-01 21:38:22,2026-10-30 21:38:22,23756.0,23756.0,0.0,Approved,,29.0
BATCH-20260925-007,CLM-00037504,BILL-00052493,PAT-0014569,INS003,2026-10-01 21:08:21,2026-10-15 21:08:21,35338.92,22702.79,12636.13,Partially Approved,Policy Exclusion,14.0
BATCH-20260925-007,CLM-00037505,BILL-00052494,PAT-0012510,INS004,2026-09-29 07:38:00,,47090.25,0.0,0.0,Pending,,
BATCH-20260925-007,CLM-00037506,BILL-00052495,PAT-0000572,INS003,2026-10-03 23:32:52,2026-10-15 23:32:52,56936.0,56936.0,0.0,Approved,,12.0
BATCH-20260925-007,CLM-00037507,BILL-00052496,PAT-0024008,INS002,2026-10-11 12:40:54,2026-10-18 12:40:54,167661.3,167661.3,0.0,Approved,,7.0
BATCH-20260925-007,CLM-00037508,BILL-00052497,PAT-0009335,INS002,2026-10-04 01:06:02,,76033.87,0.0,0.0,Pending,,
BATCH-20260925-007,CLM-00037509,BILL-00052499,PAT-0014822,INS005,2026-10-03 13:38:47,2026-10-21 13:38:47,57284.44,57284.44,0.0,Approved,,18.0
BATCH-20260925-007,CLM-00037510,BILL-00052500,PAT-0007616,INS004,2026-10-04 17:35:52,2026-10-12 17:35:52,61569.39,61569.39,0.0,Approved,,8.0
BATCH-20260925-007,CLM-00037511,BILL-00052501,PAT-0001850,INS003,2026-10-07 02:55:30,2026-10-31 02:55:30,36499.97,36499.97,0.0,Approved,,24.0
BATCH-20260925-007,CLM-00037512,BILL-00052503,PAT-0001514,INS004,2026-10-04 16:27:28,2026-10-27 16:27:28,102815.92,102815.92,0.0,Approved,,23.0
BATCH-20260925-007,CLM-00037513,BILL-00052508,PAT-0020163,INS002,2026-10-05 03:30:00,,56425.57,0.0,0.0,Pending,,
BATCH-20260925-007,CLM-00037514,BILL-00052509,PAT-0000443,INS004,2026-10-09 12:32:47,,205852.1,0.0,0.0,Pending,,
BATCH-20260925-007,CLM-00037515,BILL-00052512,PAT-0018606,INS001,2026-10-02 22:16:56,2026-10-12 22:16:56,22399.45,22399.45,0.0,Approved,,10.0
BATCH-20260925-007,CLM-00037516,BILL-00052513,PAT-0018083,INS005,2026-10-06 01:55:27,2026-10-25 01:55:27,34903.71,25507.07,9396.64,Partially Approved,Missing Documentation,19.0
BATCH-20260925-007,CLM-00037517,BILL-00052514,PAT-0017663,INS002,2026-10-06 19:46:18,2026-11-02 19:46:18,50335.95,50335.95,0.0,Approved,,27.0
BATCH-20260925-007,CLM-00037518,BILL-00052518,PAT-0023864,INS004,2026-09-29 00:45:21,2026-10-27 00:45:21,52169.75,52169.75,0.0,Approved,,28.0
BATCH-20260925-007,CLM-00037519,BILL-00052521,PAT-0021222,INS003,2026-10-01 19:16:19,2026-10-26 19:16:19,47010.16,47010.16,0.0,Approved,,25.0
BATCH-20260925-007,CLM-00037520,BILL-00052522,PAT-0013876,INS002,2026-10-04 23:30:24,2026-10-26 23:30:24,23625.32,23625.32,0.0,Approved,,22.0
BATCH-20260925-007,CLM-00037521,BILL-00052523,PAT-0001408,INS001,2026-10-06 01:45:31,2026-11-01 01:45:31,22569.95,22569.95,0.0,Approved,,26.0
BATCH-20260925-007,CLM-00037522,BILL-00052524,PAT-0018732,INS004,2026-10-03 11:40:40,2026-10-23 11:40:40,28257.42,0.0,28257.42,Rejected,Incorrect Coding,20.0
BATCH-20260925-007,CLM-00037523,BILL-00052525,PAT-0007778,INS002,2026-10-07 19:19:02,2026-10-20 19:19:02,40292.83,0.0,40292.83,Rejected,Duplicate Claim,13.0
BATCH-20260925-007,CLM-00037524,BILL-00052526,PAT-0022711,INS004,2026-10-07 17:06:12,2026-10-25 17:06:12,69357.3,69357.3,0.0,Approved,,18.0
BATCH-20260925-007,CLM-00037525,BILL-00052527,PAT-0000258,INS002,2026-09-30 18:26:40,2026-10-19 18:26:40,14381.53,14381.53,0.0,Approved,,19.0
BATCH-20260925-007,CLM-00037526,BILL-00052528,PAT-0019055,INS002,2026-10-03 08:10:20,2026-10-12 08:10:20,104572.94,0.0,104572.94,Rejected,Pre-authorization Missing,9.0
BATCH-20260925-007,CLM-00037527,BILL-00052529,PAT-0008286,INS002,2026-10-07 06:16:48,2026-10-28 06:16:48,43018.1,43018.1,0.0,Approved,,21.0
BATCH-20260925-007,CLM-00037528,BILL-00052530,PAT-0012389,INS005,2026-10-05 00:13:29,2026-10-21 00:13:29,52412.85,52412.85,0.0,Approved,,16.0
BATCH-20260925-007,CLM-00037529,BILL-00052531,PAT-0003736,INS005,2026-10-07 17:49:51,2026-10-29 17:49:51,69905.0,0.0,69905.0,Rejected,Missing Documentation,22.0
BATCH-20260925-007,CLM-00037530,BILL-00052532,PAT-0013919,INS005,2026-10-02 15:18:59,2026-10-11 15:18:59,25005.87,25005.87,0.0,Approved,,9.0
BATCH-20260925-007,CLM-00037531,BILL-00052533,PAT-0016375,INS001,2026-09-30 16:05:32,2026-11-05 16:05:32,22920.16,18191.5,4728.66,Partially Approved,Pre-authorization Missing,36.0
BATCH-20260925-007,CLM-00037532,BILL-00052534,PAT-0000984,INS001,2026-09-29 08:33:04,2026-10-22 08:33:04,21020.16,21020.16,0.0,Approved,,23.0
BATCH-20260925-007,CLM-00037533,BILL-00052536,PAT-0015331,INS001,2026-10-07 14:29:01,2026-10-19 14:29:01,37140.9,0.0,37140.9,Rejected,Policy Exclusion,12.0
BATCH-20260925-007,CLM-00037534,BILL-00052537,PAT-0016598,INS001,2026-10-06 06:55:53,2026-10-21 06:55:53,117767.33,117767.33,0.0,Approved,,15.0
BATCH-20260925-007,CLM-00037535,BILL-00052538,PAT-0019884,INS004,2026-09-29 04:17:52,2026-10-13 04:17:52,18868.39,18868.39,0.0,Approved,,14.0
BATCH-20260925-007,CLM-00037536,BILL-00052539,PAT-0000914,INS001,2026-10-07 03:30:21,2026-10-12 03:30:21,41997.67,41997.67,0.0,Approved,,5.0
BATCH-20260925-007,CLM-00037537,BILL-00052541,PAT-0008260,INS005,2026-10-07 22:22:01,2026-10-23 22:22:01,165540.27,108530.06,57010.21,Partially Approved,Incorrect Coding,16.0
BATCH-20260925-007,CLM-00037538,BILL-00052542,PAT-0008216,INS001,2026-10-09 10:50:07,2026-11-17 10:50:07,33865.45,19427.49,14437.96,Partially Approved,Policy Exclusion,39.0
BATCH-20260925-007,CLM-00037539,BILL-00052543,PAT-0001089,INS003,2026-10-07 04:38:55,2026-10-21 04:38:55,51761.63,51761.63,0.0,Approved,,14.0
BATCH-20260925-007,CLM-00037540,BILL-00052544,PAT-0015314,INS002,2026-09-28 10:32:12,2026-10-04 10:32:12,35143.8,35143.8,0.0,Approved,,6.0
BATCH-20260925-007,CLM-00037541,BILL-00052545,PAT-0022184,INS005,2026-10-07 07:28:25,2026-10-29 07:28:25,110641.08,0.0,110641.08,Rejected,Coverage Limit Exceeded,22.0
BATCH-20260925-007,CLM-00037542,BILL-00052548,PAT-0001094,INS002,2026-10-04 03:00:05,2026-10-19 03:00:05,26580.89,26580.89,0.0,Approved,,15.0
BATCH-20260925-007,CLM-00037543,BILL-00052549,PAT-0016235,INS003,2026-10-04 09:03:00,2026-10-16 09:03:00,21366.95,21366.95,0.0,Approved,,12.0
BATCH-20260925-007,CLM-00037544,BILL-00052550,PAT-0024892,INS005,2026-10-04 06:04:51,2026-10-15 06:04:51,21343.26,21343.26,0.0,Approved,,11.0
BATCH-20260925-007,CLM-00037545,BILL-00052552,PAT-0025542,INS005,2026-10-06 00:27:38,2026-10-26 00:27:38,28121.2,0.0,28121.2,Rejected,Pre-authorization Missing,20.0
BATCH-20260925-007,CLM-00037546,BILL-00052553,PAT-0004382,INS002,2026-09-30 15:39:09,,49651.36,0.0,0.0,Pending,,
BATCH-20260925-007,CLM-00037547,BILL-00052554,PAT-0012473,INS004,2026-10-05 01:45:46,2026-10-30 01:45:46,43986.33,43986.33,0.0,Approved,,25.0
BATCH-20260925-007,CLM-00037548,BILL-00052555,PAT-0025214,INS002,2026-09-30 17:00:44,2026-10-29 17:00:44,20077.52,20077.52,0.0,Approved,,29.0
BATCH-20260925-007,CLM-00037549,BILL-00052557,PAT-0017325,INS001,2026-10-06 12:54:37,2026-10-24 12:54:37,114663.26,114663.26,0.0,Approved,,18.0
BATCH-20260925-007,CLM-00037550,BILL-00052558,PAT-0002920,INS002,2026-10-02 07:37:31,2026-10-25 07:37:31,79386.4,79386.4,0.0,Approved,,23.0
BATCH-20260925-007,CLM-00037551,BILL-00052559,PAT-0013197,INS002,2026-10-04 22:00:28,2026-10-30 22:00:28,36733.39,36733.39,0.0,Approved,,26.0
BATCH-20260925-007,CLM-00037552,BILL-00052561,PAT-0018848,INS003,2026-10-11 03:20:42,2026-10-29 03:20:42,209239.3,209239.3,0.0,Approved,,18.0
BATCH-20260925-007,CLM-00037553,BILL-00052562,PAT-0012843,INS005,2026-10-03 03:50:26,2026-10-24 03:50:26,89855.28,89855.28,0.0,Approved,,21.0
BATCH-20260925-007,CLM-00037554,BILL-00052563,PAT-0006349,INS002,2026-10-10 11:37:04,2026-10-25 11:37:04,146128.51,146128.51,0.0,Approved,,15.0
BATCH-20260925-007,CLM-00037555,BILL-00052564,PAT-0004625,INS004,2026-10-07 03:12:20,2026-10-25 03:12:20,31800.44,24286.75,7513.69,Partially Approved,Pre-authorization Missing,18.0
BATCH-20260925-007,CLM-00037556,BILL-00052565,PAT-0015174,INS005,2026-09-29 15:37:16,,28478.68,0.0,0.0,Pending,,
BATCH-20260925-007,CLM-00037557,BILL-00052566,PAT-0008827,INS003,2026-10-04 02:49:55,2026-10-22 02:49:55,79403.07,79403.07,0.0,Approved,,18.0
BATCH-20260925-007,CLM-00037558,BILL-00052567,PAT-0013816,INS002,2026-09-30 08:59:19,2026-10-22 08:59:19,58626.37,0.0,58626.37,Rejected,Missing Documentation,22.0
BATCH-20260925-007,CLM-00037559,BILL-00052568,PAT-0017458,INS002,2026-10-05 09:41:16,2026-11-04 09:41:16,44810.73,44810.73,0.0,Approved,,30.0
BATCH-20260925-007,CLM-00037560,BILL-00052569,PAT-0010255,INS004,2026-09-29 01:49:31,2026-11-12 01:49:31,24045.18,16273.79,7771.39,Partially Approved,Policy Exclusion,44.0
BATCH-20260925-007,CLM-00037561,BILL-00052570,PAT-0002779,INS005,2026-10-06 17:15:06,2026-10-29 17:15:06,46336.64,46336.64,0.0,Approved,,23.0
BATCH-20260925-007,CLM-00037562,BILL-00052572,PAT-0008383,INS004,2026-10-04 10:27:07,2026-11-03 10:27:07,95818.43,95818.43,0.0,Approved,,30.0
BATCH-20260925-007,CLM-00037563,BILL-00052575,PAT-0017877,INS003,2026-10-09 23:06:27,2026-11-05 23:06:27,149840.21,149840.21,0.0,Approved,,27.0
BATCH-20260925-007,CLM-00037564,BILL-00052576,PAT-0010091,INS004,2026-10-13 04:57:27,2026-11-20 04:57:27,199974.86,127413.31,72561.55,Partially Approved,Policy Exclusion,38.0
BATCH-20260925-007,CLM-00037565,BILL-00052577,PAT-0000688,INS005,2026-10-04 13:22:36,2026-10-13 13:22:36,35635.73,35635.73,0.0,Approved,,9.0
BATCH-20260925-007,CLM-00037566,BILL-00052578,PAT-0002166,INS005,2026-10-06 19:28:03,2026-10-12 19:28:03,21718.22,0.0,21718.22,Rejected,Missing Documentation,6.0
BATCH-20260925-007,CLM-00037567,BILL-00052580,PAT-0001778,INS005,2026-10-07 17:33:50,2026-11-20 17:33:50,175961.99,124659.94,51302.05,Partially Approved,Coverage Limit Exceeded,44.0
BATCH-20260925-007,CLM-00037568,BILL-00052581,PAT-0022806,INS005,2026-10-09 19:26:30,2026-10-30 19:26:30,49171.44,0.0,49171.44,Rejected,Pre-authorization Missing,21.0
BATCH-20260925-007,CLM-00037569,BILL-00052582,PAT-0003943,INS005,2026-09-30 13:41:19,2026-10-28 13:41:19,24964.3,24964.3,0.0,Approved,,28.0
BATCH-20260925-007,CLM-00037570,BILL-00052583,PAT-0001861,INS005,2026-10-03 11:54:57,2026-10-08 11:54:57,34812.17,34812.17,0.0,Approved,,5.0
BATCH-20260925-007,CLM-00037571,BILL-00052584,PAT-0003967,INS004,2026-09-28 18:00:27,2026-10-21 18:00:27,21961.67,21961.67,0.0,Approved,,23.0
BATCH-20260925-007,CLM-00037572,BILL-00052586,PAT-0017278,INS002,2026-10-16 10:21:05,2026-11-02 10:21:05,256212.24,256212.24,0.0,Approved,,17.0
BATCH-20260925-007,CLM-00037573,BILL-00052587,PAT-0008134,INS005,2026-10-06 03:33:43,2026-10-15 03:33:43,103843.34,103843.34,0.0,Approved,,9.0
BATCH-20260925-007,CLM-00037574,BILL-00052588,PAT-0005758,INS003,2026-10-06 11:17:35,2026-10-14 11:17:35,28818.22,28818.22,0.0,Approved,,8.0
BATCH-20260925-007,CLM-00037575,BILL-00052590,PAT-0023883,INS005,2026-10-06 16:35:04,2026-10-23 16:35:04,55496.58,55496.58,0.0,Approved,,17.0
BATCH-20260925-007,CLM-00037576,BILL-00052591,PAT-0003330,INS001,2026-10-05 20:24:55,2026-10-14 20:24:55,43770.73,43770.73,0.0,Approved,,9.0
BATCH-20260925-007,CLM-00037577,BILL-00052592,PAT-0005769,INS005,2026-09-30 10:42:55,2026-10-07 10:42:55,74332.06,74332.06,0.0,Approved,,7.0
BATCH-20260925-007,CLM-00037578,BILL-00052593,PAT-0004288,INS002,2026-10-01 19:48:19,2026-10-19 19:48:19,29970.19,29970.19,0.0,Approved,,18.0
BATCH-20260925-007,CLM-00037579,BILL-00052594,PAT-0008805,INS001,2026-10-04 22:20:57,2026-10-31 22:20:57,18978.58,18978.58,0.0,Approved,,27.0
BATCH-20260925-007,CLM-00037580,BILL-00052597,PAT-0013318,INS002,2026-10-01 16:18:32,2026-10-07 16:18:32,15002.99,15002.99,0.0,Approved,,6.0
BATCH-20260925-007,CLM-00037581,BILL-00052599,PAT-0020334,INS005,2026-10-02 21:09:42,2026-10-30 21:09:42,33277.05,33277.05,0.0,Approved,,28.0
BATCH-20260925-007,CLM-00037582,BILL-00052600,PAT-0010810,INS004,2026-10-07 20:58:48,2026-11-02 20:58:48,38041.56,38041.56,0.0,Approved,,26.0
BATCH-20260925-007,CLM-00037583,BILL-00052601,PAT-0020313,INS005,2026-10-02 12:18:36,2026-10-14 12:18:36,40393.93,32662.66,7731.27,Partially Approved,Policy Exclusion,12.0
BATCH-20260925-007,CLM-00037584,BILL-00052602,PAT-0006186,INS005,2026-10-02 11:16:21,2026-10-30 11:16:21,83211.05,83211.05,0.0,Approved,,28.0
BATCH-20260925-007,CLM-00037585,BILL-00052603,PAT-0012930,INS005,2026-10-08 23:25:53,2026-11-03 23:25:53,29429.16,29429.16,0.0,Approved,,26.0
BATCH-20260925-007,CLM-00037586,BILL-00052604,PAT-0025409,INS004,2026-09-29 18:44:15,2026-10-26 18:44:15,23317.9,23317.9,0.0,Approved,,27.0
BATCH-20260925-007,CLM-00037587,BILL-00052606,PAT-0001262,INS004,2026-10-09 14:25:01,2026-11-02 14:25:01,235935.91,235935.91,0.0,Approved,,24.0
BATCH-20260925-007,CLM-00037588,BILL-00052607,PAT-0005225,INS003,2026-10-03 20:47:27,2026-11-16 20:47:27,38892.56,30253.87,8638.69,Partially Approved,Policy Exclusion,44.0
BATCH-20260925-007,CLM-00037589,BILL-00052608,PAT-0005896,INS001,2026-10-05 17:26:26,2026-10-28 17:26:26,14264.67,14264.67,0.0,Approved,,23.0
BATCH-20260925-007,CLM-00037590,BILL-00052609,PAT-0013034,INS005,2026-10-01 05:55:57,2026-10-12 05:55:57,23613.8,23613.8,0.0,Approved,,11.0
BATCH-20260925-007,CLM-00037591,BILL-00052610,PAT-0006906,INS004,2026-10-08 20:44:35,2026-10-30 20:44:35,27564.6,27564.6,0.0,Approved,,22.0
BATCH-20260925-007,CLM-00037592,BILL-00052611,PAT-0013159,INS001,2026-10-03 17:00:29,2026-10-30 17:00:29,18875.96,18875.96,0.0,Approved,,27.0
BATCH-20260925-007,CLM-00037593,BILL-00052613,PAT-0006274,INS001,2026-10-08 05:28:17,2026-10-16 05:28:17,129289.59,129289.59,0.0,Approved,,8.0
BATCH-20260925-007,CLM-00037594,BILL-00052616,PAT-0024856,INS001,2026-10-09 23:59:24,2026-10-28 23:59:24,58392.59,0.0,58392.59,Rejected,Missing Documentation,19.0
BATCH-20260925-007,CLM-00037595,BILL-00052617,PAT-0022494,INS002,2026-10-04 03:56:11,2026-10-19 03:56:11,21167.64,21167.64,0.0,Approved,,15.0
BATCH-20260925-007,CLM-00037596,BILL-00052618,PAT-0017716,INS002,2026-10-04 17:45:12,2026-11-11 17:45:12,26638.52,22485.56,4152.96,Partially Approved,Pre-authorization Missing,38.0
BATCH-20260925-007,CLM-00037597,BILL-00052619,PAT-0023069,INS001,2026-10-02 05:28:47,2026-11-01 05:28:47,39829.34,39829.34,0.0,Approved,,30.0
BATCH-20260925-007,CLM-00037598,BILL-00052620,PAT-0018456,INS001,2026-10-01 19:09:03,,79943.31,0.0,0.0,Pending,,
BATCH-20260925-007,CLM-00037599,BILL-00052623,PAT-0012500,INS004,2026-10-10 04:05:31,2026-10-24 04:05:31,121743.39,0.0,121743.39,Rejected,Incorrect Coding,14.0
BATCH-20260925-007,CLM-00037600,BILL-00052624,PAT-0014691,INS005,2026-10-02 18:08:23,2026-10-09 18:08:23,34201.58,34201.58,0.0,Approved,,7.0
BATCH-20260925-007,CLM-00037601,BILL-00052625,PAT-0023002,INS003,2026-09-29 15:26:11,2026-10-09 15:26:11,42700.32,24750.78,17949.54,Partially Approved,Coverage Limit Exceeded,10.0
BATCH-20260925-007,CLM-00037602,BILL-00052626,PAT-0003888,INS001,2026-09-29 09:18:51,2026-10-25 09:18:51,47128.79,47128.79,0.0,Approved,,26.0
BATCH-20260925-007,CLM-00037603,BILL-00052627,PAT-0003905,INS004,2026-10-02 17:07:02,2026-10-16 17:07:02,44433.37,44433.37,0.0,Approved,,14.0
BATCH-20260925-007,CLM-00037604,BILL-00052628,PAT-0000575,INS001,2026-09-29 20:55:48,2026-10-24 20:55:48,36609.17,36609.17,0.0,Approved,,25.0
BATCH-20260925-007,CLM-00037605,BILL-00052630,PAT-0003033,INS003,2026-10-07 17:45:38,2026-10-19 17:45:38,55913.97,55913.97,0.0,Approved,,12.0
BATCH-20260925-007,CLM-00037606,BILL-00052634,PAT-0000260,INS001,2026-09-30 13:07:34,2026-10-24 13:07:34,50962.13,0.0,50962.13,Rejected,Coverage Limit Exceeded,24.0
BATCH-20260925-007,CLM-00037607,BILL-00052637,PAT-0004318,INS001,2026-10-03 05:37:09,2026-10-22 05:37:09,15895.86,15895.86,0.0,Approved,,19.0
BATCH-20260925-007,CLM-00037608,BILL-00052638,PAT-0012508,INS001,2026-10-05 21:28:01,2026-11-02 21:28:01,40263.77,40263.77,0.0,Approved,,28.0
BATCH-20260925-007,CLM-00037609,BILL-00052639,PAT-0003053,INS001,2026-09-27 01:51:53,2026-11-06 01:51:53,11885.12,7689.15,4195.97,Partially Approved,Pre-authorization Missing,40.0
BATCH-20260925-007,CLM-00037610,BILL-00052640,PAT-0009518,INS002,2026-10-08 19:53:50,2026-10-18 19:53:50,146853.38,84377.54,62475.84,Partially Approved,Coverage Limit Exceeded,10.0
BATCH-20260925-007,CLM-00037611,BILL-00052641,PAT-0021320,INS005,2026-10-05 04:45:25,2026-10-23 04:45:25,31125.28,19080.56,12044.72,Partially Approved,Missing Documentation,18.0
BATCH-20260925-007,CLM-00037612,BILL-00052642,PAT-0002378,INS002,2026-10-04 07:39:15,,19467.66,0.0,0.0,Pending,,
BATCH-20260925-007,CLM-00037613,BILL-00052643,PAT-0025563,INS003,2026-09-30 04:17:24,2026-11-10 04:17:24,44466.54,36411.68,8054.86,Partially Approved,Duplicate Claim,41.0
BATCH-20260925-007,CLM-00037614,BILL-00052645,PAT-0003826,INS003,2026-10-03 05:01:57,2026-10-19 05:01:57,51187.22,51187.22,0.0,Approved,,16.0
BATCH-20260925-007,CLM-00037615,BILL-00052646,PAT-0021647,INS003,2026-10-02 09:32:42,2026-10-13 09:32:42,49034.48,0.0,49034.48,Rejected,Duplicate Claim,11.0
BATCH-20260925-007,CLM-00037616,BILL-00052647,PAT-0023904,INS004,2026-10-02 14:50:41,2026-10-20 14:50:41,27888.19,27888.19,0.0,Approved,,18.0
BATCH-20260925-007,CLM-00037617,BILL-00052648,PAT-0007257,INS002,2026-10-02 14:47:18,2026-10-23 14:47:18,41615.71,28587.89,13027.82,Partially Approved,Coverage Limit Exceeded,21.0
BATCH-20260925-007,CLM-00037618,BILL-00052649,PAT-0014494,INS004,2026-10-04 01:37:42,2026-10-25 01:37:42,35018.33,35018.33,0.0,Approved,,21.0
BATCH-20260925-007,CLM-00037619,BILL-00052650,PAT-0002782,INS004,2026-10-05 07:18:33,2026-10-12 07:18:33,38536.03,38536.03,0.0,Approved,,7.0
BATCH-20260925-007,CLM-00037620,BILL-00052652,PAT-0002961,INS003,2026-10-04 03:33:52,2026-10-21 03:33:52,32910.85,32910.85,0.0,Approved,,17.0
BATCH-20260925-007,CLM-00037621,BILL-00052653,PAT-0024578,INS001,2026-10-03 15:21:32,2026-11-05 15:21:32,94403.52,72911.74,21491.78,Partially Approved,Pre-authorization Missing,33.0
BATCH-20260925-007,CLM-00037622,BILL-00052654,PAT-0008638,INS002,2026-10-02 22:34:14,2026-10-14 22:34:14,54966.58,54966.58,0.0,Approved,,12.0
BATCH-20260925-007,CLM-00037623,BILL-00052655,PAT-0019787,INS002,2026-10-08 11:02:55,,127438.27,0.0,0.0,Pending,,
BATCH-20260925-007,CLM-00037624,BILL-00052656,PAT-0005480,INS004,2026-10-03 03:10:57,2026-10-31 03:10:57,11858.22,11858.22,0.0,Approved,,28.0
BATCH-20260925-007,CLM-00037625,BILL-00052659,PAT-0011190,INS003,2026-10-04 03:43:03,2026-10-14 03:43:03,41020.94,41020.94,0.0,Approved,,10.0
BATCH-20260925-007,CLM-00037626,BILL-00052660,PAT-0009749,INS004,2026-10-06 03:06:34,2026-11-05 03:06:34,113998.8,113998.8,0.0,Approved,,30.0
BATCH-20260925-007,CLM-00037627,BILL-00052661,PAT-0024226,INS001,2026-10-05 14:09:41,2026-10-24 14:09:41,50651.42,50651.42,0.0,Approved,,19.0
BATCH-20260925-007,CLM-00037628,BILL-00052662,PAT-0011277,INS003,2026-10-07 02:01:10,2026-11-06 02:01:10,134643.76,134643.76,0.0,Approved,,30.0
BATCH-20260925-007,CLM-00037629,BILL-00052663,PAT-0017500,INS004,2026-10-02 03:06:18,2026-10-09 03:06:18,21705.13,21705.13,0.0,Approved,,7.0
BATCH-20260925-007,CLM-00037630,BILL-00052664,PAT-0003878,INS004,2026-10-04 09:24:29,2026-10-13 09:24:29,27421.16,0.0,27421.16,Rejected,Missing Documentation,9.0
BATCH-20260925-007,CLM-00037631,BILL-00052665,PAT-0019793,INS001,2026-10-01 06:39:11,2026-10-27 06:39:11,56627.5,56627.5,0.0,Approved,,26.0
BATCH-20260925-007,CLM-00037632,BILL-00052666,PAT-0000577,INS005,2026-10-05 14:15:34,2026-10-23 14:15:34,82264.68,82264.68,0.0,Approved,,18.0
BATCH-20260925-007,CLM-00037633,BILL-00052667,PAT-0008265,INS005,2026-10-08 01:22:07,2026-10-29 01:22:07,64190.13,64190.13,0.0,Approved,,21.0
BATCH-20260925-007,CLM-00037634,BILL-00052668,PAT-0016831,INS004,2026-10-08 06:14:31,2026-10-26 06:14:31,40644.79,40644.79,0.0,Approved,,18.0
BATCH-20260925-007,CLM-00037635,BILL-00052669,PAT-0005216,INS005,2026-10-01 23:38:17,2026-10-06 23:38:17,32679.01,32679.01,0.0,Approved,,5.0
BATCH-20260925-007,CLM-00037636,BILL-00052670,PAT-0003596,INS003,2026-10-04 09:59:34,2026-11-04 09:59:34,35540.83,25679.99,9860.84,Partially Approved,Incorrect Coding,31.0
BATCH-20260925-007,CLM-00037637,BILL-00052671,PAT-0017762,INS004,2026-10-02 09:19:11,,42112.23,0.0,0.0,Pending,,
BATCH-20260925-007,CLM-00037638,BILL-00052673,PAT-0006952,INS005,2026-10-06 05:41:29,2026-10-20 05:41:29,42773.89,0.0,42773.89,Rejected,Policy Exclusion,14.0
BATCH-20260925-007,CLM-00037639,BILL-00052674,PAT-0009562,INS002,2026-10-07 14:50:38,2026-10-31 14:50:38,49118.91,28762.61,20356.3,Partially Approved,Coverage Limit Exceeded,24.0
BATCH-20260925-007,CLM-00037640,BILL-00052675,PAT-0018136,INS005,2026-10-03 13:40:54,2026-10-14 13:40:54,17998.19,17998.19,0.0,Approved,,11.0
BATCH-20260925-007,CLM-00037641,BILL-00052676,PAT-0018417,INS004,2026-09-29 03:22:40,2026-10-15 03:22:40,70774.87,0.0,70774.87,Rejected,Duplicate Claim,16.0
BATCH-20260925-007,CLM-00037642,BILL-00052677,PAT-0012227,INS004,2026-10-03 10:00:02,2026-10-29 10:00:02,40191.93,40191.93,0.0,Approved,,26.0
BATCH-20260925-007,CLM-00037643,BILL-00052679,PAT-0015409,INS001,2026-10-04 15:27:10,2026-10-09 15:27:10,17666.16,17666.16,0.0,Approved,,5.0
BATCH-20260925-007,CLM-00037644,BILL-00052680,PAT-0010021,INS004,2026-10-04 07:47:56,2026-10-30 07:47:56,29527.87,29527.87,0.0,Approved,,26.0
BATCH-20260925-007,CLM-00037645,BILL-00052682,PAT-0023232,INS002,2026-10-03 13:07:34,,27438.91,0.0,0.0,Pending,,
BATCH-20260925-007,CLM-00037646,BILL-00052683,PAT-0022966,INS004,2026-10-01 22:43:17,2026-10-31 22:43:17,32561.76,32561.76,0.0,Approved,,30.0
BATCH-20260925-007,CLM-00037647,BILL-00052685,PAT-0025505,INS001,2026-10-08 18:27:55,2026-10-28 18:27:55,79155.77,79155.77,0.0,Approved,,20.0
BATCH-20260925-007,CLM-00037648,BILL-00052686,PAT-0011759,INS002,2026-10-01 16:27:17,2026-10-07 16:27:17,8821.77,8821.77,0.0,Approved,,6.0
BATCH-20260925-007,CLM-00037649,BILL-00052687,PAT-0017823,INS005,2026-10-08 10:59:08,2026-10-29 10:59:08,117782.23,117782.23,0.0,Approved,,21.0
BATCH-20260925-007,CLM-00037650,BILL-00052688,PAT-0012024,INS005,2026-10-01 07:10:37,2026-10-15 07:10:37,34676.92,0.0,34676.92,Rejected,Incorrect Coding,14.0
BATCH-20260925-007,CLM-00037651,BILL-00052689,PAT-0019202,INS005,2026-10-10 03:06:07,2026-11-04 03:06:07,138502.59,138502.59,0.0,Approved,,25.0
BATCH-20260925-007,CLM-00037652,BILL-00052690,PAT-0012033,INS001,2026-10-04 22:54:48,2026-10-17 22:54:48,49431.32,49431.32,0.0,Approved,,13.0
BATCH-20260925-007,CLM-00037653,BILL-00052692,PAT-0008443,INS005,2026-10-06 01:41:25,2026-10-31 01:41:25,68641.32,68641.32,0.0,Approved,,25.0
BATCH-20260925-007,CLM-00037654,BILL-00052693,PAT-0020014,INS002,2026-10-08 21:45:57,2026-10-30 21:45:57,142413.38,142413.38,0.0,Approved,,22.0
BATCH-20260925-007,CLM-00037655,BILL-00052694,PAT-0004957,INS002,2026-09-29 18:38:11,2026-10-09 18:38:11,20895.83,20895.83,0.0,Approved,,10.0
BATCH-20260925-007,CLM-00037656,BILL-00052695,PAT-0018653,INS005,2026-10-03 13:05:02,2026-10-12 13:05:02,78389.02,78389.02,0.0,Approved,,9.0
BATCH-20260925-007,CLM-00037657,BILL-00052696,PAT-0019992,INS003,2026-10-05 00:09:45,2026-10-12 00:09:45,49524.66,49524.66,0.0,Approved,,7.0
BATCH-20260925-007,CLM-00037658,BILL-00052697,PAT-0005757,INS002,2026-09-30 08:39:40,2026-10-14 08:39:40,17885.68,17885.68,0.0,Approved,,14.0
