batch_id,admission_id,patient_id,doctor_id,department_id,diagnosis_code,admission_timestamp,discharge_timestamp,admission_type,room_type,bed_number,length_of_stay,icu_flag,readmission_flag,emergency_flag,outcome
BATCH-20260925-001,ADM-00050181,PAT-0020688,DOC-00046,DEP002,DX007,2026-09-25 15:51:13,2026-09-25 23:59:59,Elective,General,BED-273,0,False,False,False,Improved
BATCH-20260925-001,ADM-00050182,PAT-0010320,DOC-00065,DEP004,DX005,2026-09-25 21:43:01,2026-09-25 23:59:59,Emergency,Private,BED-109,0,False,False,True,Deceased
BATCH-20260925-001,ADM-00050183,PAT-0009564,DOC-00133,DEP002,DX001,2026-09-25 14:51:45,2026-09-25 23:59:59,Emergency,Private,BED-227,0,False,False,True,Recovered
BATCH-20260925-001,ADM-00050184,PAT-0022494,DOC-00109,DEP003,DX006,2026-09-25 09:31:15,2026-09-25 23:59:59,Elective,General,BED-057,0,False,False,False,Transferred
BATCH-20260925-001,ADM-00050185,PAT-0011290,DOC-00042,DEP002,DX001,2026-09-25 11:40:23,2026-09-25 23:59:59,Elective,ICU,BED-193,0,True,True,False,Recovered
BATCH-20260925-001,ADM-00050186,PAT-0004821,DOC-00059,DEP005,DX010,2026-09-25 01:41:21,2026-09-25 23:59:59,Emergency,Semi Private,BED-266,0,False,True,True,Recovered
BATCH-20260925-001,ADM-00050187,PAT-0023866,DOC-00146,DEP008,DX010,2026-09-25 03:58:42,2026-09-25 23:59:59,Emergency,Semi Private,BED-360,0,False,False,True,Improved
BATCH-20260925-001,ADM-00050188,PAT-0022432,DOC-00053,DEP002,DX007,2026-09-25 15:51:38,2026-09-25 23:59:59,Elective,Semi Private,BED-208,0,False,False,False,Improved
BATCH-20260925-001,ADM-00050189,PAT-0024715,DOC-00098,DEP006,DX002,2026-09-25 22:38:10,2026-09-25 23:59:59,Elective,Semi Private,BED-096,0,False,False,False,Improved
BATCH-20260925-001,ADM-00050190,PAT-0009475,DOC-00083,DEP001,DX009,2026-09-25 17:53:43,2026-09-25 23:59:59,Referral,General,BED-018,0,False,False,False,Recovered
BATCH-20260925-001,ADM-00050191,PAT-0003916,DOC-00082,DEP006,DX002,2026-09-25 06:37:05,2026-09-25 23:59:59,Referral,Semi Private,BED-338,0,False,True,False,Improved
BATCH-20260925-001,ADM-00050192,PAT-0021208,DOC-00062,DEP003,DX006,2026-09-25 20:06:54,2026-09-25 23:59:59,Elective,General,BED-095,0,False,True,False,Deceased
BATCH-20260925-001,ADM-00050193,PAT-0016138,DOC-00120,DEP010,DX004,2026-09-25 16:54:15,2026-09-25 23:59:59,Elective,Private,BED-399,0,False,False,False,Improved
BATCH-20260925-001,ADM-00050194,PAT-0002387,DOC-00061,DEP010,DX004,2026-09-25 02:23:44,2026-09-25 23:59:59,Elective,Semi Private,BED-342,0,False,False,False,Improved
BATCH-20260925-001,ADM-00050195,PAT-0009954,DOC-00142,DEP005,DX003,2026-09-25 01:49:47,2026-09-25 23:59:59,Elective,ICU,BED-024,0,True,False,False,Recovered
BATCH-20260925-001,ADM-00050196,PAT-0008902,DOC-00044,DEP001,DX009,2026-09-25 03:16:41,2026-09-25 23:59:59,Elective,Private,BED-019,0,False,False,False,Recovered
BATCH-20260925-001,ADM-00050197,PAT-0020331,DOC-00084,DEP004,DX005,2026-09-25 09:43:23,2026-09-25 23:59:59,Referral,General,BED-326,0,False,False,False,Improved
BATCH-20260925-001,ADM-00050198,PAT-0006949,DOC-00133,DEP002,DX007,2026-09-25 14:06:48,2026-09-25 23:59:59,Emergency,Private,BED-095,0,False,False,True,Recovered
BATCH-20260925-001,ADM-00050199,PAT-0002213,DOC-00008,DEP002,DX007,2026-09-25 05:11:05,2026-09-25 23:59:59,Elective,Private,BED-251,0,False,False,False,Improved
BATCH-20260925-001,ADM-00050200,PAT-0018404,DOC-00135,DEP007,DX010,2026-09-25 18:06:59,2026-09-25 23:59:59,Elective,Private,BED-256,0,False,False,False,Improved
BATCH-20260925-001,ADM-00050201,PAT-0023947,DOC-00108,DEP005,DX003,2026-09-25 21:20:06,2026-09-25 23:59:59,Elective,Semi Private,BED-370,0,False,False,False,Deceased
BATCH-20260925-001,ADM-00050202,PAT-0010476,DOC-00113,DEP003,DX006,2026-09-25 09:23:27,2026-09-25 23:59:59,Elective,Private,BED-009,0,False,False,False,Recovered
BATCH-20260925-001,ADM-00050203,PAT-0001510,DOC-00003,DEP010,DX004,2026-09-25 13:14:41,2026-09-25 23:59:59,Elective,General,BED-169,0,False,False,False,Recovered
BATCH-20260925-001,ADM-00050204,PAT-0020651,DOC-00093,DEP008,DX010,2026-09-25 08:24:14,2026-09-25 23:59:59,Elective,ICU,BED-445,0,True,True,False,Deceased
BATCH-20260925-001,ADM-00050205,PAT-0012553,DOC-00061,DEP010,DX004,2026-09-25 08:20:33,2026-09-25 23:59:59,Emergency,Private,BED-495,0,False,False,True,Recovered
BATCH-20260925-001,ADM-00050206,PAT-0015375,DOC-00070,DEP005,DX003,2026-09-25 01:23:33,2026-09-25 23:59:59,Emergency,Semi Private,BED-251,0,False,False,True,Recovered
BATCH-20260925-001,ADM-00050207,PAT-0020333,DOC-00097,DEP008,DX010,2026-09-25 11:39:49,2026-09-25 23:59:59,Elective,Private,BED-043,0,False,False,False,Recovered
BATCH-20260925-001,ADM-00050208,PAT-0023921,DOC-00056,DEP004,DX005,2026-09-25 03:41:31,2026-09-25 23:59:59,Elective,Semi Private,BED-137,0,False,False,False,Improved
BATCH-20260925-001,ADM-00050209,PAT-0012385,DOC-00101,DEP005,DX003,2026-09-25 06:24:50,2026-09-25 23:59:59,Elective,ICU,BED-182,0,True,False,False,Recovered
BATCH-20260925-001,ADM-00050210,PAT-0000233,DOC-00050,DEP006,DX002,2026-09-25 22:28:43,2026-09-25 23:59:59,Referral,Semi Private,BED-299,0,False,False,False,Improved
BATCH-20260925-001,ADM-00050211,PAT-0021083,DOC-00133,DEP002,DX007,2026-09-25 23:54:27,2026-09-25 23:59:59,Referral,Private,BED-468,0,False,False,False,Transferred
BATCH-20260925-001,ADM-00050212,PAT-0009642,DOC-00118,DEP009,DX003,2026-09-25 08:29:08,2026-09-25 23:59:59,Emergency,General,BED-164,0,False,False,True,Recovered
BATCH-20260925-001,ADM-00050213,PAT-0007626,DOC-00089,DEP002,DX001,2026-09-25 16:51:55,2026-09-25 23:59:59,Elective,General,BED-320,0,False,False,False,Recovered
BATCH-20260925-001,ADM-00050214,PAT-0002937,DOC-00022,DEP009,DX003,2026-09-25 19:49:56,2026-09-25 23:59:59,Elective,Semi Private,BED-393,0,False,False,False,Recovered
BATCH-20260925-001,ADM-00050215,PAT-0015539,DOC-00103,DEP002,DX007,2026-09-25 01:03:49,2026-09-25 23:59:59,Elective,General,BED-128,0,False,False,False,Transferred
BATCH-20260925-001,ADM-00050216,PAT-0007334,DOC-00019,DEP003,DX006,2026-09-25 17:11:08,2026-09-25 23:59:59,Referral,Private,BED-420,0,False,False,False,Improved
BATCH-20260925-001,ADM-00050217,PAT-0001102,DOC-00014,DEP004,DX005,2026-09-25 19:44:15,2026-09-25 23:59:59,Emergency,General,BED-040,0,False,False,True,Recovered
BATCH-20260925-001,ADM-00050218,PAT-0005889,DOC-00110,DEP010,DX004,2026-09-25 09:04:33,2026-09-25 23:59:59,Referral,Semi Private,BED-232,0,False,True,False,Improved
BATCH-20260925-001,ADM-00050219,PAT-0015723,DOC-00032,DEP003,DX006,2026-09-25 09:31:49,2026-09-25 23:59:59,Elective,Semi Private,BED-027,0,False,False,False,Recovered
BATCH-20260925-001,ADM-00050220,PAT-0014779,DOC-00038,DEP006,DX001,2026-09-25 05:00:11,2026-09-25 23:59:59,Elective,Semi Private,BED-286,0,False,False,False,Improved
BATCH-20260925-001,ADM-00050221,PAT-0010642,DOC-00135,DEP007,DX010,2026-09-25 19:03:07,2026-09-25 23:59:59,Elective,ICU,BED-471,0,True,True,False,Improved
BATCH-20260925-001,ADM-00050222,PAT-0020974,DOC-00073,DEP001,DX005,2026-09-25 07:15:50,2026-09-25 23:59:59,Referral,Private,BED-236,0,False,False,False,Recovered
BATCH-20260925-001,ADM-00050223,PAT-0011113,DOC-00140,DEP010,DX004,2026-09-25 17:13:51,2026-09-25 23:59:59,Elective,General,BED-357,0,False,True,False,Improved
BATCH-20260925-001,ADM-00050224,PAT-0004550,DOC-00097,DEP008,DX010,2026-09-25 10:45:42,2026-09-25 23:59:59,Elective,Private,BED-053,0,False,False,False,Transferred
BATCH-20260925-001,ADM-00050225,PAT-0021442,DOC-00101,DEP005,DX003,2026-09-25 23:37:23,2026-09-25 23:59:59,Elective,General,BED-328,0,False,False,False,Improved
BATCH-20260925-001,ADM-00050226,PAT-0021099,DOC-00147,DEP004,DX005,2026-09-25 18:20:52,2026-09-25 23:59:59,Emergency,Semi Private,BED-018,0,False,False,True,Improved
BATCH-20260925-001,ADM-00050227,PAT-0009999,DOC-00095,DEP009,DX003,2026-09-25 03:07:17,2026-09-25 23:59:59,Elective,Private,BED-071,0,False,False,False,Recovered
BATCH-20260925-001,ADM-00050228,PAT-0005467,DOC-00056,DEP004,DX005,2026-09-25 19:46:56,2026-09-25 23:59:59,Elective,Semi Private,BED-055,0,False,False,False,Recovered
BATCH-20260925-001,ADM-00050229,PAT-0002757,DOC-00053,DEP002,DX001,2026-09-25 22:31:55,2026-09-25 23:59:59,Referral,Semi Private,BED-206,0,False,False,False,Recovered
BATCH-20260925-001,ADM-00050230,PAT-0016691,DOC-00009,DEP006,DX009,2026-09-25 09:15:32,2026-09-25 23:59:59,Emergency,General,BED-211,0,False,False,True,Deceased
BATCH-20260925-001,ADM-00050231,PAT-0006951,DOC-00076,DEP003,DX006,2026-09-25 01:29:25,2026-09-25 23:59:59,Elective,ICU,BED-392,0,True,False,False,Recovered
BATCH-20260925-001,ADM-00050232,PAT-0002725,DOC-00005,DEP006,DX010,2026-09-25 12:57:52,2026-09-25 23:59:59,Emergency,Semi Private,BED-035,0,False,False,True,Improved
BATCH-20260925-001,ADM-00050233,PAT-0006175,DOC-00002,DEP009,DX003,2026-09-25 14:11:19,2026-09-25 23:59:59,Referral,Private,BED-253,0,False,False,False,Improved
BATCH-20260925-001,ADM-00050234,PAT-0024155,DOC-00132,DEP008,DX010,2026-09-25 22:38:42,2026-09-25 23:59:59,Emergency,General,BED-346,0,False,True,True,Recovered
BATCH-20260925-001,ADM-00050235,PAT-0012387,DOC-00074,DEP007,DX010,2026-09-25 06:55:06,2026-09-25 23:59:59,Elective,General,BED-264,0,False,False,False,Recovered
BATCH-20260925-001,ADM-00050236,PAT-0023001,DOC-00067,DEP008,DX010,2026-09-25 06:30:18,2026-09-25 23:59:59,Emergency,General,BED-458,0,False,False,True,Recovered
BATCH-20260925-001,ADM-00050237,PAT-0017432,DOC-00019,DEP003,DX006,2026-09-25 09:59:29,2026-09-25 23:59:59,Elective,General,BED-148,0,False,False,False,Recovered
BATCH-20260925-001,ADM-00050238,PAT-0010232,DOC-00019,DEP003,DX006,2026-09-25 16:37:49,2026-09-25 23:59:59,Emergency,Semi Private,BED-338,0,False,False,True,Improved
BATCH-20260925-001,ADM-00050239,PAT-0003161,DOC-00027,DEP007,DX010,2026-09-25 02:12:08,2026-09-25 23:59:59,Elective,General,BED-043,0,False,True,False,Recovered
BATCH-20260925-001,ADM-00050240,PAT-0002028,DOC-00121,DEP004,DX005,2026-09-25 12:20:24,2026-09-25 23:59:59,Elective,Private,BED-418,0,False,False,False,Recovered
BATCH-20260925-001,ADM-00050241,PAT-0008857,DOC-00012,DEP004,DX005,2026-09-25 00:15:17,2026-09-25 23:59:59,Emergency,Private,BED-306,0,False,False,True,Improved
BATCH-20260925-001,ADM-00050242,PAT-0006334,DOC-00056,DEP004,DX005,2026-09-25 00:28:02,2026-09-25 23:59:59,Emergency,ICU,BED-053,0,True,False,True,Improved
BATCH-20260925-001,ADM-00050243,PAT-0021316,DOC-00150,DEP002,DX001,2026-09-25 12:54:10,2026-09-25 23:59:59,Referral,Semi Private,BED-046,0,False,False,False,Recovered
BATCH-20260925-001,ADM-00050244,PAT-0018663,DOC-00039,DEP002,DX007,2026-09-25 20:52:55,2026-09-25 23:59:59,Elective,Semi Private,BED-300,0,False,True,False,Improved
BATCH-20260925-001,ADM-00050245,PAT-0019011,DOC-00081,DEP003,DX006,2026-09-25 07:56:08,2026-09-25 23:59:59,Elective,ICU,BED-135,0,True,False,False,Improved
BATCH-20260925-001,ADM-00050246,PAT-0000374,DOC-00081,DEP003,DX006,2026-09-25 21:23:19,2026-09-25 23:59:59,Emergency,ICU,BED-345,0,True,False,True,Recovered
BATCH-20260925-001,ADM-00050247,PAT-0020523,DOC-00006,DEP001,DX005,2026-09-25 08:16:24,2026-09-25 23:59:59,Elective,General,BED-403,0,False,False,False,Transferred
BATCH-20260925-001,ADM-00050248,PAT-0007007,DOC-00127,DEP004,DX005,2026-09-25 02:26:33,2026-09-25 23:59:59,Referral,General,BED-202,0,False,False,False,Recovered
BATCH-20260925-001,ADM-00050249,PAT-0019818,DOC-00048,DEP004,DX005,2026-09-25 12:08:14,2026-09-25 23:59:59,Emergency,ICU,BED-077,0,True,False,True,Deceased
BATCH-20260925-001,ADM-00050250,PAT-0019476,DOC-00140,DEP010,DX004,2026-09-25 05:34:43,2026-09-25 23:59:59,Elective,ICU,BED-228,0,True,False,False,Recovered
BATCH-20260925-001,ADM-00050251,PAT-0003642,DOC-00144,DEP003,DX006,2026-09-25 20:29:44,2026-09-25 23:59:59,Elective,ICU,BED-404,0,True,False,False,Improved
BATCH-20260925-001,ADM-00050252,PAT-0012510,DOC-00139,DEP008,DX010,2026-09-25 07:38:00,2026-09-25 23:59:59,Referral,ICU,BED-183,0,True,False,False,Recovered
BATCH-20260925-001,ADM-00050253,PAT-0015272,DOC-00025,DEP001,DX005,2026-09-25 10:05:23,2026-09-25 23:59:59,Elective,General,BED-491,0,False,False,False,Recovered
BATCH-20260925-001,ADM-00050254,PAT-0024008,DOC-00009,DEP006,DX009,2026-09-25 12:40:54,2026-09-25 23:59:59,Emergency,ICU,BED-200,0,True,True,True,Improved
BATCH-20260925-001,ADM-00050255,PAT-0009335,DOC-00136,DEP010,DX004,2026-09-25 01:06:02,2026-09-25 23:59:59,Elective,ICU,BED-492,0,True,False,False,Improved
BATCH-20260925-001,ADM-00050256,PAT-0013271,DOC-00132,DEP008,DX010,2026-09-25 14:35:42,2026-09-25 23:59:59,Emergency,Semi Private,BED-027,0,False,False,True,Recovered
BATCH-20260925-001,ADM-00050257,PAT-0021596,DOC-00113,DEP003,DX006,2026-09-25 16:28:04,2026-09-25 23:59:59,Elective,Semi Private,BED-053,0,False,False,False,Recovered
BATCH-20260925-001,ADM-00050258,PAT-0007616,DOC-00060,DEP005,DX010,2026-09-25 17:35:52,2026-09-25 23:59:59,Elective,General,BED-500,0,False,False,False,Recovered
BATCH-20260925-001,ADM-00050259,PAT-0021951,DOC-00060,DEP005,DX003,2026-09-25 02:55:30,2026-09-25 23:59:59,Elective,Private,BED-126,0,False,True,False,Recovered
BATCH-20260925-001,ADM-00050260,PAT-0008195,DOC-00147,DEP004,DX005,2026-09-25 05:41:30,2026-09-25 23:59:59,Elective,Semi Private,BED-263,0,False,False,False,Recovered
BATCH-20260925-001,ADM-00050261,PAT-0001188,DOC-00027,DEP007,DX010,2026-09-25 12:20:25,2026-09-25 23:59:59,Elective,ICU,BED-116,0,True,False,False,Improved
BATCH-20260925-001,ADM-00050262,PAT-0003757,DOC-00086,DEP001,DX009,2026-09-25 23:30:36,2026-09-25 23:59:59,Elective,Semi Private,BED-219,0,False,False,False,Recovered
BATCH-20260925-001,ADM-00050263,PAT-0009750,DOC-00037,DEP010,DX004,2026-09-25 20:58:56,2026-09-25 23:59:59,Emergency,Semi Private,BED-025,0,False,True,True,Recovered
BATCH-20260925-001,ADM-00050264,PAT-0006895,DOC-00038,DEP006,DX002,2026-09-25 05:33:56,2026-09-25 23:59:59,Emergency,General,BED-417,0,False,False,True,Recovered
BATCH-20260925-001,ADM-00050265,PAT-0008833,DOC-00107,DEP001,DX003,2026-09-25 11:20:35,2026-09-25 23:59:59,Elective,General,BED-195,0,False,False,False,Improved
BATCH-20260925-001,ADM-00050266,PAT-0020163,DOC-00023,DEP006,DX010,2026-09-25 03:30:00,2026-09-25 23:59:59,Elective,General,BED-007,0,False,False,False,Recovered
BATCH-20260925-001,ADM-00050267,PAT-0001467,DOC-00066,DEP009,DX003,2026-09-25 18:26:45,2026-09-25 23:59:59,Emergency,ICU,BED-405,0,True,True,True,Deceased
BATCH-20260925-001,ADM-00050268,PAT-0006206,DOC-00003,DEP010,DX004,2026-09-25 15:10:15,2026-09-25 23:59:59,Emergency,ICU,BED-198,0,True,True,True,Recovered
BATCH-20260925-001,ADM-00050269,PAT-0021275,DOC-00024,DEP001,DX003,2026-09-25 17:27:22,2026-09-25 23:59:59,Referral,General,BED-049,0,False,False,False,Recovered
BATCH-20260925-001,ADM-00050270,PAT-0018606,DOC-00087,DEP007,DX010,2026-09-25 22:16:56,2026-09-25 23:59:59,Elective,Private,BED-283,0,False,False,False,Recovered
BATCH-20260925-001,ADM-00050271,PAT-0008223,DOC-00014,DEP004,DX005,2026-09-25 06:10:47,2026-09-25 23:59:59,Elective,ICU,BED-178,0,True,False,False,Deceased
BATCH-20260925-001,ADM-00050272,PAT-0017795,DOC-00042,DEP002,DX007,2026-09-25 20:31:21,2026-09-25 23:59:59,Elective,ICU,BED-067,0,True,False,False,Deceased
BATCH-20260925-001,ADM-00050273,PAT-0024825,DOC-00098,DEP006,DX010,2026-09-25 00:39:47,2026-09-25 23:59:59,Elective,Private,BED-084,0,False,False,False,Recovered
BATCH-20260925-001,ADM-00050274,PAT-0003965,DOC-00064,DEP008,DX010,2026-09-25 16:50:11,2026-09-25 23:59:59,Elective,Private,BED-008,0,False,False,False,Transferred
BATCH-20260925-001,ADM-00050275,PAT-0001286,DOC-00079,DEP008,DX010,2026-09-25 20:58:59,2026-09-25 23:59:59,Referral,Semi Private,BED-425,0,False,False,False,Improved
BATCH-20260925-001,ADM-00050276,PAT-0002519,DOC-00051,DEP008,DX010,2026-09-25 11:28:24,2026-09-25 23:59:59,Elective,Semi Private,BED-225,0,False,False,False,Improved
BATCH-20260925-001,ADM-00050277,PAT-0018031,DOC-00066,DEP009,DX003,2026-09-25 14:23:40,2026-09-25 23:59:59,Elective,ICU,BED-033,0,True,False,False,Recovered
BATCH-20260925-001,ADM-00050278,PAT-0017309,DOC-00035,DEP009,DX003,2026-09-25 02:05:28,2026-09-25 23:59:59,Elective,General,BED-407,0,False,False,False,Recovered
BATCH-20260925-001,ADM-00050279,PAT-0016412,DOC-00115,DEP002,DX007,2026-09-25 10:04:45,2026-09-25 23:59:59,Elective,General,BED-006,0,False,False,False,Recovered
BATCH-20260925-001,ADM-00050280,PAT-0001583,DOC-00037,DEP010,DX004,2026-09-25 20:15:39,2026-09-25 23:59:59,Referral,Private,BED-236,0,False,True,False,Recovered
BATCH-20260925-001,ADM-00050281,PAT-0012093,DOC-00116,DEP007,DX010,2026-09-25 15:04:00,2026-09-25 23:59:59,Emergency,Private,BED-400,0,False,False,True,Recovered
BATCH-20260925-001,ADM-00050282,PAT-0003254,DOC-00068,DEP009,DX003,2026-09-25 17:18:46,2026-09-25 23:59:59,Elective,General,BED-097,0,False,False,False,Recovered
BATCH-20260925-001,ADM-00050283,PAT-0014200,DOC-00141,DEP007,DX010,2026-09-25 20:21:09,2026-09-25 23:59:59,Referral,ICU,BED-186,0,True,False,False,Improved
BATCH-20260925-001,ADM-00050284,PAT-0003201,DOC-00008,DEP002,DX007,2026-09-25 10:29:28,2026-09-25 23:59:59,Emergency,ICU,BED-188,0,True,True,True,Recovered
BATCH-20260925-001,ADM-00050285,PAT-0001860,DOC-00004,DEP005,DX010,2026-09-25 15:17:00,2026-09-25 23:59:59,Elective,General,BED-089,0,False,False,False,Recovered
BATCH-20260925-001,ADM-00050286,PAT-0000638,DOC-00127,DEP004,DX005,2026-09-25 09:26:51,2026-09-25 23:59:59,Elective,Private,BED-089,0,False,False,False,Recovered
BATCH-20260925-001,ADM-00050287,PAT-0004277,DOC-00015,DEP003,DX006,2026-09-25 20:46:03,2026-09-25 23:59:59,Elective,ICU,BED-332,0,True,False,False,Recovered
BATCH-20260925-001,ADM-00050288,PAT-0011782,DOC-00055,DEP007,DX010,2026-09-25 11:19:02,2026-09-25 23:59:59,Elective,Private,BED-092,0,False,False,False,Improved
BATCH-20260925-001,ADM-00050289,PAT-0006234,DOC-00026,DEP003,DX006,2026-09-25 16:00:09,2026-09-25 23:59:59,Emergency,Private,BED-466,0,False,False,True,Recovered
BATCH-20260925-001,ADM-00050290,PAT-0009444,DOC-00092,DEP004,DX005,2026-09-25 18:12:54,2026-09-25 23:59:59,Emergency,ICU,BED-473,0,True,True,True,Recovered
BATCH-20260925-001,ADM-00050291,PAT-0024983,DOC-00121,DEP004,DX005,2026-09-25 13:43:29,2026-09-25 23:59:59,Emergency,Private,BED-241,0,False,False,True,Recovered
BATCH-20260925-001,ADM-00050292,PAT-0003995,DOC-00024,DEP001,DX003,2026-09-25 21:52:45,2026-09-25 23:59:59,Elective,Semi Private,BED-358,0,False,False,False,Improved
BATCH-20260925-001,ADM-00050293,PAT-0015503,DOC-00068,DEP009,DX003,2026-09-25 20:52:24,2026-09-25 23:59:59,Referral,Private,BED-126,0,False,False,False,Improved
BATCH-20260925-001,ADM-00050294,PAT-0004306,DOC-00094,DEP004,DX005,2026-09-25 20:08:45,2026-09-25 23:59:59,Emergency,ICU,BED-159,0,True,False,True,Improved
BATCH-20260925-001,ADM-00050295,PAT-0019884,DOC-00139,DEP008,DX010,2026-09-25 04:17:52,2026-09-25 23:59:59,Emergency,Private,BED-306,0,False,True,True,Recovered
BATCH-20260925-001,ADM-00050296,PAT-0010702,DOC-00080,DEP001,DX009,2026-09-25 05:54:24,2026-09-25 23:59:59,Referral,Semi Private,BED-267,0,False,False,False,Recovered
BATCH-20260925-001,ADM-00050297,PAT-0022541,DOC-00018,DEP009,DX003,2026-09-25 00:50:49,2026-09-25 23:59:59,Elective,Semi Private,BED-344,0,False,True,False,Recovered
BATCH-20260925-001,ADM-00050298,PAT-0000087,DOC-00093,DEP008,DX010,2026-09-25 06:28:07,2026-09-25 23:59:59,Emergency,ICU,BED-192,0,True,False,True,Recovered
BATCH-20260925-001,ADM-00050299,PAT-0019895,DOC-00138,DEP003,DX006,2026-09-25 09:07:43,2026-09-25 23:59:59,Elective,General,BED-394,0,False,False,False,Improved
BATCH-20260925-001,ADM-00050300,PAT-0004216,DOC-00138,DEP003,DX006,2026-09-25 01:12:33,2026-09-25 23:59:59,Referral,Private,BED-487,0,False,False,False,Transferred
BATCH-20260925-001,ADM-00050301,PAT-0017454,DOC-00095,DEP009,DX003,2026-09-25 04:22:21,2026-09-25 23:59:59,Emergency,Semi Private,BED-191,0,False,False,True,Recovered
BATCH-20260925-001,ADM-00050302,PAT-0018863,DOC-00133,DEP002,DX007,2026-09-25 07:28:25,2026-09-25 23:59:59,Elective,ICU,BED-003,0,True,True,False,Recovered
BATCH-20260925-001,ADM-00050303,PAT-0001159,DOC-00035,DEP009,DX003,2026-09-25 11:43:44,2026-09-25 23:59:59,Referral,Semi Private,BED-210,0,False,False,False,Improved
BATCH-20260925-001,ADM-00050304,PAT-0017617,DOC-00053,DEP002,DX007,2026-09-25 17:09:20,2026-09-25 23:59:59,Referral,ICU,BED-081,0,True,False,False,Transferred
BATCH-20260925-001,ADM-00050305,PAT-0012027,DOC-00096,DEP002,DX007,2026-09-25 18:17:54,2026-09-25 23:59:59,Elective,Semi Private,BED-147,0,False,False,False,Improved
BATCH-20260925-001,ADM-00050306,PAT-0008140,DOC-00147,DEP004,DX005,2026-09-25 23:38:05,2026-09-25 23:59:59,Elective,General,BED-203,0,False,False,False,Recovered
BATCH-20260925-001,ADM-00050307,PAT-0005473,DOC-00089,DEP002,DX007,2026-09-25 16:00:28,2026-09-25 23:59:59,Referral,Private,BED-425,0,False,False,False,Improved
BATCH-20260925-001,ADM-00050308,PAT-0000028,DOC-00082,DEP006,DX009,2026-09-25 10:41:51,2026-09-25 23:59:59,Elective,Semi Private,BED-461,0,False,False,False,Recovered
BATCH-20260925-001,ADM-00050309,PAT-0001156,DOC-00119,DEP003,DX006,2026-09-25 16:45:39,2026-09-25 23:59:59,Referral,General,BED-446,0,False,True,False,Recovered
BATCH-20260925-001,ADM-00050310,PAT-0002084,DOC-00087,DEP007,DX010,2026-09-25 21:29:00,2026-09-25 23:59:59,Elective,General,BED-272,0,False,False,False,Improved
BATCH-20260925-001,ADM-00050311,PAT-0012151,DOC-00084,DEP004,DX005,2026-09-25 11:04:56,2026-09-25 23:59:59,Referral,General,BED-328,0,False,False,False,Recovered
BATCH-20260925-001,ADM-00050312,PAT-0024466,DOC-00073,DEP001,DX009,2026-09-25 11:19:59,2026-09-25 23:59:59,Elective,Semi Private,BED-136,0,False,False,False,Recovered
BATCH-20260925-001,ADM-00050313,PAT-0000764,DOC-00122,DEP005,DX004,2026-09-25 02:51:38,2026-09-25 23:59:59,Emergency,ICU,BED-038,0,True,False,True,Recovered
BATCH-20260925-001,ADM-00050314,PAT-0023159,DOC-00052,DEP004,DX005,2026-09-25 05:46:47,2026-09-25 23:59:59,Emergency,ICU,BED-048,0,True,False,True,Transferred
BATCH-20260925-001,ADM-00050315,PAT-0009313,DOC-00136,DEP010,DX004,2026-09-25 23:58:54,2026-09-25 23:59:59,Elective,General,BED-115,0,False,False,False,Recovered
BATCH-20260925-001,ADM-00050316,PAT-0021270,DOC-00068,DEP009,DX003,2026-09-25 08:46:19,2026-09-25 23:59:59,Elective,Private,BED-293,0,False,False,False,Recovered
BATCH-20260925-001,ADM-00050317,PAT-0019959,DOC-00042,DEP002,DX001,2026-09-25 02:48:15,2026-09-25 23:59:59,Elective,General,BED-165,0,False,False,False,Recovered
BATCH-20260925-001,ADM-00050318,PAT-0021881,DOC-00089,DEP002,DX001,2026-09-25 23:08:30,2026-09-25 23:59:59,Elective,General,BED-360,0,False,False,False,Improved
BATCH-20260925-001,ADM-00050319,PAT-0010017,DOC-00053,DEP002,DX007,2026-09-25 09:31:14,2026-09-25 23:59:59,Elective,Semi Private,BED-428,0,False,False,False,Improved
BATCH-20260925-001,ADM-00050320,PAT-0015785,DOC-00020,DEP006,DX002,2026-09-25 15:16:16,2026-09-25 23:59:59,Emergency,Semi Private,BED-261,0,False,False,True,Recovered
BATCH-20260925-001,ADM-00050321,PAT-0002886,DOC-00097,DEP008,DX010,2026-09-25 11:19:15,2026-09-25 23:59:59,Elective,Semi Private,BED-098,0,False,False,False,Recovered
BATCH-20260925-001,ADM-00050322,PAT-0014060,DOC-00099,DEP001,DX005,2026-09-25 07:51:08,2026-09-25 23:59:59,Emergency,Semi Private,BED-261,0,False,False,True,Recovered
BATCH-20260925-001,ADM-00050323,PAT-0002549,DOC-00135,DEP007,DX010,2026-09-25 15:36:38,2026-09-25 23:59:59,Elective,Semi Private,BED-463,0,False,False,False,Recovered
BATCH-20260925-001,ADM-00050324,PAT-0020204,DOC-00075,DEP007,DX010,2026-09-25 11:40:28,2026-09-25 23:59:59,Emergency,General,BED-489,0,False,False,True,Recovered
BATCH-20260925-001,ADM-00050325,PAT-0017458,DOC-00041,DEP003,DX006,2026-09-25 09:41:16,2026-09-25 23:59:59,Referral,Private,BED-470,0,False,False,False,Improved
BATCH-20260925-001,ADM-00050326,PAT-0013787,DOC-00098,DEP006,DX010,2026-09-25 20:08:15,2026-09-25 23:59:59,Emergency,ICU,BED-061,0,True,False,True,Improved
BATCH-20260925-001,ADM-00050327,PAT-0023296,DOC-00039,DEP002,DX007,2026-09-25 03:05:13,2026-09-25 23:59:59,Referral,General,BED-179,0,False,False,False,Recovered
BATCH-20260925-001,ADM-00050328,PAT-0000743,DOC-00120,DEP010,DX004,2026-09-25 20:32:27,2026-09-25 23:59:59,Emergency,Private,BED-292,0,False,True,True,Deceased
BATCH-20260925-001,ADM-00050329,PAT-0005641,DOC-00087,DEP007,DX010,2026-09-25 09:18:48,2026-09-25 23:59:59,Referral,Semi Private,BED-493,0,False,False,False,Recovered
BATCH-20260925-001,ADM-00050330,PAT-0000999,DOC-00003,DEP010,DX004,2026-09-25 02:03:48,2026-09-25 23:59:59,Referral,Semi Private,BED-333,0,False,False,False,Recovered
BATCH-20260925-001,ADM-00050331,PAT-0008446,DOC-00084,DEP004,DX005,2026-09-25 04:32:12,2026-09-25 23:59:59,Referral,Private,BED-041,0,False,False,False,Improved
BATCH-20260925-001,ADM-00050332,PAT-0017877,DOC-00012,DEP004,DX005,2026-09-25 23:06:27,2026-09-25 23:59:59,Emergency,ICU,BED-138,0,True,False,True,Improved
BATCH-20260925-001,ADM-00050333,PAT-0010091,DOC-00131,DEP007,DX010,2026-09-25 04:57:27,2026-09-25 23:59:59,Emergency,ICU,BED-443,0,True,False,True,Recovered
BATCH-20260925-001,ADM-00050334,PAT-0000688,DOC-00049,DEP004,DX005,2026-09-25 13:22:36,2026-09-25 23:59:59,Emergency,General,BED-400,0,False,True,True,Deceased
BATCH-20260925-001,ADM-00050335,PAT-0002166,DOC-00140,DEP010,DX004,2026-09-25 19:28:03,2026-09-25 23:59:59,Elective,General,BED-409,0,False,False,False,Improved
BATCH-20260925-001,ADM-00050336,PAT-0002560,DOC-00119,DEP003,DX006,2026-09-25 06:14:38,2026-09-25 23:59:59,Elective,Private,BED-478,0,False,True,False,Recovered
BATCH-20260925-001,ADM-00050337,PAT-0000395,DOC-00147,DEP004,DX005,2026-09-25 09:34:06,2026-09-25 23:59:59,Elective,General,BED-391,0,False,True,False,Improved
BATCH-20260925-001,ADM-00050338,PAT-0015680,DOC-00126,DEP009,DX003,2026-09-25 13:28:03,2026-09-25 23:59:59,Emergency,Semi Private,BED-446,0,False,False,True,Recovered
BATCH-20260925-001,ADM-00050339,PAT-0003943,DOC-00103,DEP002,DX001,2026-09-25 13:41:19,2026-09-25 23:59:59,Elective,General,BED-204,0,False,False,False,Recovered
BATCH-20260925-001,ADM-00050340,PAT-0001861,DOC-00100,DEP010,DX004,2026-09-25 11:54:57,2026-09-25 23:59:59,Emergency,Semi Private,BED-252,0,False,True,True,Recovered
BATCH-20260925-001,ADM-00050341,PAT-0003967,DOC-00147,DEP004,DX005,2026-09-25 18:00:27,2026-09-25 23:59:59,Elective,General,BED-123,0,False,True,False,Improved
BATCH-20260925-001,ADM-00050342,PAT-0010750,DOC-00051,DEP008,DX010,2026-09-25 05:09:54,2026-09-25 23:59:59,Referral,Private,BED-295,0,False,False,False,Improved
BATCH-20260925-001,ADM-00050343,PAT-0000993,DOC-00101,DEP005,DX003,2026-09-25 15:39:09,2026-09-25 23:59:59,Emergency,ICU,BED-462,0,True,False,True,Recovered
BATCH-20260925-001,ADM-00050344,PAT-0008134,DOC-00092,DEP004,DX005,2026-09-25 03:33:43,2026-09-25 23:59:59,Elective,Private,BED-175,0,False,False,False,Deceased
BATCH-20260925-001,ADM-00050345,PAT-0019109,DOC-00013,DEP003,DX006,2026-09-25 01:22:55,2026-09-25 23:59:59,Elective,General,BED-344,0,False,False,False,Improved
BATCH-20260925-001,ADM-00050346,PAT-0002487,DOC-00030,DEP009,DX003,2026-09-25 12:31:04,2026-09-25 23:59:59,Elective,Private,BED-357,0,False,False,False,Improved
BATCH-20260925-001,ADM-00050347,PAT-0020419,DOC-00128,DEP003,DX006,2026-09-25 05:42:17,2026-09-25 23:59:59,Elective,General,BED-319,0,False,False,False,Improved
BATCH-20260925-001,ADM-00050348,PAT-0004665,DOC-00035,DEP009,DX003,2026-09-25 22:29:12,2026-09-25 23:59:59,Referral,Private,BED-210,0,False,False,False,Recovered
BATCH-20260925-001,ADM-00050349,PAT-0009644,DOC-00024,DEP001,DX009,2026-09-25 01:51:22,2026-09-25 23:59:59,Emergency,General,BED-279,0,False,False,True,Transferred
BATCH-20260925-001,ADM-00050350,PAT-0003968,DOC-00082,DEP006,DX009,2026-09-25 17:56:30,2026-09-25 23:59:59,Elective,Private,BED-315,0,False,False,False,Improved
BATCH-20260925-001,ADM-00050351,PAT-0024803,DOC-00046,DEP002,DX001,2026-09-25 06:26:30,2026-09-25 23:59:59,Elective,ICU,BED-178,0,True,False,False,Recovered
BATCH-20260925-001,ADM-00050352,PAT-0000365,DOC-00044,DEP001,DX005,2026-09-25 16:44:43,2026-09-25 23:59:59,Elective,General,BED-327,0,False,False,False,Improved
BATCH-20260925-001,ADM-00050353,PAT-0012841,DOC-00067,DEP008,DX010,2026-09-25 05:45:54,2026-09-25 23:59:59,Emergency,ICU,BED-060,0,True,True,True,Improved
BATCH-20260925-001,ADM-00050354,PAT-0011256,DOC-00116,DEP007,DX010,2026-09-25 21:34:21,2026-09-25 23:59:59,Elective,Semi Private,BED-224,0,False,False,False,Recovered
BATCH-20260925-001,ADM-00050355,PAT-0005387,DOC-00028,DEP006,DX010,2026-09-25 11:59:00,2026-09-25 23:59:59,Elective,Private,BED-463,0,False,False,False,Recovered
BATCH-20260925-001,ADM-00050356,PAT-0019035,DOC-00005,DEP006,DX003,2026-09-25 17:17:49,2026-09-25 23:59:59,Elective,General,BED-296,0,False,True,False,Recovered
BATCH-20260925-001,ADM-00050357,PAT-0011704,DOC-00104,DEP005,DX010,2026-09-25 18:48:42,2026-09-25 23:59:59,Elective,Private,BED-303,0,False,False,False,Improved
BATCH-20260925-001,ADM-00050358,PAT-0020958,DOC-00011,DEP006,DX009,2026-09-25 00:55:59,2026-09-25 23:59:59,Elective,Semi Private,BED-098,0,False,False,False,Improved
BATCH-20260925-001,ADM-00050359,PAT-0010146,DOC-00069,DEP004,DX005,2026-09-25 18:44:56,2026-09-25 23:59:59,Referral,ICU,BED-086,0,True,False,False,Improved
BATCH-20260925-001,ADM-00050360,PAT-0015123,DOC-00140,DEP010,DX004,2026-09-25 10:47:53,2026-09-25 23:59:59,Elective,General,BED-475,0,False,False,False,Recovered
BATCH-20260925-001,ADM-00050361,PAT-0015995,DOC-00111,DEP009,DX003,2026-09-25 03:30:00,2026-09-25 23:59:59,Referral,Semi Private,BED-023,0,False,False,False,Recovered
BATCH-20260925-001,ADM-00050362,PAT-0016833,DOC-00033,DEP009,DX003,2026-09-25 14:49:43,2026-09-25 23:59:59,Elective,Private,BED-003,0,False,True,False,Recovered
BATCH-20260925-001,ADM-00050363,PAT-0009865,DOC-00085,DEP006,DX003,2026-09-25 05:20:37,2026-09-25 23:59:59,Emergency,ICU,BED-105,0,True,True,True,Improved
BATCH-20260925-001,ADM-00050364,PAT-0004341,DOC-00101,DEP005,DX010,2026-09-25 11:09:24,2026-09-25 23:59:59,Referral,Private,BED-389,0,False,False,False,Recovered
BATCH-20260925-001,ADM-00050365,PAT-0012092,DOC-00147,DEP004,DX005,2026-09-25 11:37:42,2026-09-25 23:59:59,Elective,General,BED-326,0,False,True,False,Recovered
BATCH-20260925-001,ADM-00050366,PAT-0018440,DOC-00028,DEP006,DX002,2026-09-25 07:11:11,2026-09-25 23:59:59,Referral,Private,BED-290,0,False,True,False,Transferred
BATCH-20260925-001,ADM-00050367,PAT-0007370,DOC-00025,DEP001,DX009,2026-09-25 12:38:15,2026-09-25 23:59:59,Referral,Semi Private,BED-105,0,False,False,False,Recovered
BATCH-20260925-001,ADM-00050368,PAT-0018360,DOC-00144,DEP003,DX006,2026-09-25 08:03:07,2026-09-25 23:59:59,Elective,Semi Private,BED-202,0,False,False,False,Transferred
BATCH-20260925-001,ADM-00050369,PAT-0015529,DOC-00131,DEP007,DX010,2026-09-25 05:22:54,2026-09-25 23:59:59,Emergency,Semi Private,BED-104,0,False,True,True,Recovered
BATCH-20260925-001,ADM-00050370,PAT-0013111,DOC-00095,DEP009,DX003,2026-09-25 07:07:32,2026-09-25 23:59:59,Referral,Private,BED-411,0,False,False,False,Improved
BATCH-20260925-001,ADM-00050371,PAT-0008288,DOC-00055,DEP007,DX010,2026-09-25 20:34:10,2026-09-25 23:59:59,Emergency,General,BED-312,0,False,False,True,Recovered
BATCH-20260925-001,ADM-00050372,PAT-0020867,DOC-00127,DEP004,DX005,2026-09-25 03:38:08,2026-09-25 23:59:59,Elective,Private,BED-180,0,False,False,False,Improved
BATCH-20260925-001,ADM-00050373,PAT-0012262,DOC-00006,DEP001,DX003,2026-09-25 03:58:18,2026-09-25 23:59:59,Elective,Semi Private,BED-280,0,False,False,False,Improved
BATCH-20260925-001,ADM-00050374,PAT-0020897,DOC-00035,DEP009,DX003,2026-09-25 08:15:23,2026-09-25 23:59:59,Emergency,General,BED-150,0,False,False,True,Recovered
BATCH-20260925-001,ADM-00050375,PAT-0012834,DOC-00122,DEP005,DX004,2026-09-25 10:50:47,2026-09-25 23:59:59,Elective,General,BED-498,0,False,False,False,Recovered
BATCH-20260925-001,ADM-00050376,PAT-0000544,DOC-00100,DEP010,DX004,2026-09-25 17:28:26,2026-09-25 23:59:59,Elective,Semi Private,BED-315,0,False,True,False,Recovered
BATCH-20260925-001,ADM-00050377,PAT-0011519,DOC-00054,DEP001,DX005,2026-09-25 21:27:20,2026-09-25 23:59:59,Elective,General,BED-485,0,False,False,False,Recovered
BATCH-20260925-001,ADM-00050378,PAT-0015580,DOC-00130,DEP003,DX006,2026-09-25 09:27:12,2026-09-25 23:59:59,Emergency,ICU,BED-290,0,True,False,True,Recovered
BATCH-20260925-001,ADM-00050379,PAT-0017137,DOC-00004,DEP005,DX003,2026-09-25 03:27:42,2026-09-25 23:59:59,Emergency,General,BED-009,0,False,False,True,Recovered
BATCH-20260925-001,ADM-00050380,PAT-0019414,DOC-00012,DEP004,DX005,2026-09-25 15:02:57,2026-09-25 23:59:59,Emergency,Semi Private,BED-177,0,False,False,True,Improved
BATCH-20260925-001,ADM-00050381,PAT-0009167,DOC-00110,DEP010,DX004,2026-09-25 15:30:45,2026-09-25 23:59:59,Emergency,General,BED-469,0,False,False,True,Recovered
BATCH-20260925-001,ADM-00050382,PAT-0014302,DOC-00020,DEP006,DX003,2026-09-25 06:58:10,2026-09-25 23:59:59,Emergency,ICU,BED-189,0,True,False,True,Recovered
BATCH-20260925-001,ADM-00050383,PAT-0021242,DOC-00104,DEP005,DX004,2026-09-25 04:36:54,2026-09-25 23:59:59,Emergency,ICU,BED-342,0,True,True,True,Transferred
BATCH-20260925-001,ADM-00050384,PAT-0015406,DOC-00131,DEP007,DX010,2026-09-25 14:46:07,2026-09-25 23:59:59,Elective,ICU,BED-150,0,True,False,False,Transferred
BATCH-20260925-001,ADM-00050385,PAT-0018266,DOC-00140,DEP010,DX004,2026-09-25 03:08:15,2026-09-25 23:59:59,Referral,General,BED-074,0,False,False,False,Improved
BATCH-20260925-001,ADM-00050386,PAT-0011117,DOC-00148,DEP002,DX001,2026-09-25 06:07:12,2026-09-25 23:59:59,Emergency,Semi Private,BED-081,0,False,False,True,Recovered
BATCH-20260925-001,ADM-00050387,PAT-0016463,DOC-00038,DEP006,DX009,2026-09-25 19:42:48,2026-09-25 23:59:59,Referral,ICU,BED-027,0,True,False,False,Improved
BATCH-20260925-001,ADM-00050388,PAT-0011192,DOC-00051,DEP008,DX010,2026-09-25 17:59:33,2026-09-25 23:59:59,Elective,General,BED-093,0,False,False,False,Improved
BATCH-20260925-001,ADM-00050389,PAT-0001620,DOC-00134,DEP005,DX003,2026-09-25 02:32:43,2026-09-25 23:59:59,Referral,Private,BED-475,0,False,False,False,Recovered
BATCH-20260925-001,ADM-00050390,PAT-0008047,DOC-00008,DEP002,DX001,2026-09-25 11:46:15,2026-09-25 23:59:59,Elective,Private,BED-212,0,False,False,False,Transferred
BATCH-20260925-001,ADM-00050391,PAT-0008991,DOC-00028,DEP006,DX001,2026-09-25 04:07:17,2026-09-25 23:59:59,Emergency,ICU,BED-152,0,True,True,True,Recovered
BATCH-20260925-001,ADM-00050392,PAT-0000955,DOC-00027,DEP007,DX010,2026-09-25 08:45:58,2026-09-25 23:59:59,Elective,Semi Private,BED-425,0,False,False,False,Recovered
BATCH-20260925-001,ADM-00050393,PAT-0016162,DOC-00092,DEP004,DX005,2026-09-25 00:45:35,2026-09-25 23:59:59,Elective,Private,BED-081,0,False,False,False,Improved
BATCH-20260925-001,ADM-00050394,PAT-0005058,DOC-00023,DEP006,DX009,2026-09-25 11:56:29,2026-09-25 23:59:59,Elective,ICU,BED-302,0,True,False,False,Recovered
BATCH-20260925-001,ADM-00050395,PAT-0022107,DOC-00020,DEP006,DX001,2026-09-25 14:25:50,2026-09-25 23:59:59,Elective,Semi Private,BED-027,0,False,False,False,Recovered
BATCH-20260925-001,ADM-00050396,PAT-0013290,DOC-00123,DEP009,DX003,2026-09-25 14:30:46,2026-09-25 23:59:59,Elective,Private,BED-117,0,False,False,False,Recovered
BATCH-20260925-001,ADM-00050397,PAT-0018412,DOC-00086,DEP001,DX003,2026-09-25 18:14:55,2026-09-25 23:59:59,Elective,General,BED-119,0,False,False,False,Improved
BATCH-20260925-001,ADM-00050398,PAT-0021871,DOC-00118,DEP009,DX003,2026-09-25 17:51:35,2026-09-25 23:59:59,Elective,General,BED-306,0,False,True,False,Recovered
BATCH-20260925-001,ADM-00050399,PAT-0018187,DOC-00081,DEP003,DX006,2026-09-25 06:38:10,2026-09-25 23:59:59,Elective,Private,BED-407,0,False,False,False,Improved
BATCH-20260925-001,ADM-00050400,PAT-0003862,DOC-00087,DEP007,DX010,2026-09-25 23:15:21,2026-09-25 23:59:59,Elective,General,BED-325,0,False,False,False,Improved
BATCH-20260925-001,ADM-00050401,PAT-0013034,DOC-00109,DEP003,DX006,2026-09-25 16:44:33,2026-09-25 23:59:59,Emergency,ICU,BED-009,0,True,False,True,Deceased
BATCH-20260925-001,ADM-00050402,PAT-0019173,DOC-00096,DEP002,DX001,2026-09-25 08:21:07,2026-09-25 23:59:59,Referral,Semi Private,BED-194,0,False,False,False,Transferred
BATCH-20260925-001,ADM-00050403,PAT-0011466,DOC-00098,DEP006,DX003,2026-09-25 14:50:41,2026-09-25 23:59:59,Elective,Semi Private,BED-247,0,False,False,False,Recovered
BATCH-20260925-001,ADM-00050404,PAT-0007257,DOC-00114,DEP007,DX010,2026-09-25 14:47:18,2026-09-25 23:59:59,Emergency,Private,BED-227,0,False,False,True,Recovered
BATCH-20260925-001,ADM-00050405,PAT-0003942,DOC-00014,DEP004,DX005,2026-09-25 10:55:12,2026-09-25 23:59:59,Elective,General,BED-238,0,False,False,False,Recovered
BATCH-20260925-001,ADM-00050406,PAT-0024165,DOC-00014,DEP004,DX005,2026-09-25 02:24:21,2026-09-25 23:59:59,Referral,Private,BED-122,0,False,False,False,Recovered
BATCH-20260925-001,ADM-00050407,PAT-0003219,DOC-00097,DEP008,DX010,2026-09-25 04:33:32,2026-09-25 23:59:59,Emergency,General,BED-179,0,False,False,True,Recovered
BATCH-20260925-001,ADM-00050408,PAT-0001795,DOC-00060,DEP005,DX010,2026-09-25 13:49:14,2026-09-25 23:59:59,Elective,General,BED-329,0,False,False,False,Improved
BATCH-20260925-001,ADM-00050409,PAT-0020384,DOC-00116,DEP007,DX010,2026-09-25 13:54:22,2026-09-25 23:59:59,Emergency,General,BED-213,0,False,False,True,Improved
BATCH-20260925-001,ADM-00050410,PAT-0014324,DOC-00134,DEP005,DX010,2026-09-25 21:44:57,2026-09-25 23:59:59,Elective,Semi Private,BED-198,0,False,False,False,Improved
BATCH-20260925-001,ADM-00050411,PAT-0007177,DOC-00025,DEP001,DX003,2026-09-25 12:17:39,2026-09-25 23:59:59,Elective,General,BED-327,0,False,False,False,Improved
BATCH-20260925-001,ADM-00050412,PAT-0019042,DOC-00039,DEP002,DX001,2026-09-25 03:15:16,2026-09-25 23:59:59,Referral,Private,BED-133,0,False,True,False,Improved
BATCH-20260925-001,ADM-00050413,PAT-0002783,DOC-00058,DEP002,DX001,2026-09-25 01:26:09,2026-09-25 23:59:59,Emergency,Semi Private,BED-449,0,False,False,True,Recovered
BATCH-20260925-001,ADM-00050414,PAT-0021981,DOC-00048,DEP004,DX005,2026-09-25 21:38:22,2026-09-25 23:59:59,Elective,Semi Private,BED-037,0,False,False,False,Recovered
BATCH-20260925-001,ADM-00050415,PAT-0003346,DOC-00056,DEP004,DX005,2026-09-25 22:24:13,2026-09-25 23:59:59,Elective,Semi Private,BED-390,0,False,True,False,Recovered
BATCH-20260925-001,ADM-00050416,PAT-0024237,DOC-00008,DEP002,DX007,2026-09-25 18:06:15,2026-09-25 23:59:59,Emergency,Semi Private,BED-420,0,False,False,True,Transferred
BATCH-20260925-001,ADM-00050417,PAT-0019727,DOC-00038,DEP006,DX002,2026-09-25 06:50:05,2026-09-25 23:59:59,Elective,General,BED-079,0,False,False,False,Recovered
BATCH-20260925-001,ADM-00050418,PAT-0006470,DOC-00074,DEP007,DX010,2026-09-25 16:22:51,2026-09-25 23:59:59,Emergency,Private,BED-195,0,False,False,True,Transferred
BATCH-20260925-001,ADM-00050419,PAT-0009186,DOC-00086,DEP001,DX005,2026-09-25 08:18:08,2026-09-25 23:59:59,Elective,Private,BED-488,0,False,True,False,Recovered
BATCH-20260925-001,ADM-00050420,PAT-0005019,DOC-00113,DEP003,DX006,2026-09-25 17:37:25,2026-09-25 23:59:59,Elective,Private,BED-009,0,False,False,False,Recovered
BATCH-20260925-001,ADM-00050421,PAT-0004083,DOC-00043,DEP005,DX004,2026-09-25 14:54:34,2026-09-25 23:59:59,Emergency,Private,BED-094,0,False,True,True,Recovered
BATCH-20260925-001,ADM-00050422,PAT-0022414,DOC-00148,DEP002,DX001,2026-09-25 09:10:56,2026-09-25 23:59:59,Referral,Private,BED-368,0,False,True,False,Improved
BATCH-20260925-001,ADM-00050423,PAT-0003575,DOC-00105,DEP002,DX001,2026-09-25 18:42:02,2026-09-25 23:59:59,Elective,Semi Private,BED-477,0,False,False,False,Recovered
BATCH-20260925-001,ADM-00050424,PAT-0020635,DOC-00146,DEP008,DX010,2026-09-25 05:32:58,2026-09-25 23:59:59,Elective,Semi Private,BED-323,0,False,False,False,Deceased
BATCH-20260925-001,ADM-00050425,PAT-0008994,DOC-00142,DEP005,DX003,2026-09-25 19:55:15,2026-09-25 23:59:59,Emergency,ICU,BED-306,0,True,False,True,Improved
BATCH-20260925-001,ADM-00050426,PAT-0000469,DOC-00134,DEP005,DX004,2026-09-25 17:35:13,2026-09-25 23:59:59,Elective,Private,BED-266,0,False,True,False,Recovered
BATCH-20260925-001,ADM-00050427,PAT-0011779,DOC-00097,DEP008,DX010,2026-09-25 10:47:25,2026-09-25 23:59:59,Emergency,Semi Private,BED-109,0,False,False,True,Recovered
BATCH-20260925-001,ADM-00050428,PAT-0014622,DOC-00041,DEP003,DX006,2026-09-25 09:50:08,2026-09-25 23:59:59,Elective,Semi Private,BED-150,0,False,False,False,Improved
BATCH-20260925-001,ADM-00050429,PAT-0021743,DOC-00114,DEP007,DX010,2026-09-25 14:50:38,2026-09-25 23:59:59,Elective,General,BED-429,0,False,False,False,Recovered
BATCH-20260925-001,ADM-00050430,PAT-0018136,DOC-00105,DEP002,DX007,2026-09-25 13:40:54,2026-09-25 23:59:59,Elective,Private,BED-252,0,False,False,False,Improved
BATCH-20260925-001,ADM-00050431,PAT-0018730,DOC-00095,DEP009,DX003,2026-09-25 05:42:13,2026-09-25 23:59:59,Emergency,General,BED-485,0,False,False,True,Improved
BATCH-20260925-001,ADM-00050432,PAT-0012227,DOC-00007,DEP010,DX004,2026-09-25 10:00:02,2026-09-25 23:59:59,Elective,Semi Private,BED-118,0,False,False,False,Improved
BATCH-20260925-001,ADM-00050433,PAT-0002993,DOC-00133,DEP002,DX007,2026-09-25 06:54:24,2026-09-25 23:59:59,Elective,Semi Private,BED-073,0,False,True,False,Recovered
BATCH-20260925-001,ADM-00050434,PAT-0013908,DOC-00075,DEP007,DX010,2026-09-25 13:17:38,2026-09-25 23:59:59,Elective,Private,BED-094,0,False,False,False,Improved
BATCH-20260925-001,ADM-00050435,PAT-0000251,DOC-00102,DEP001,DX009,2026-09-25 00:52:50,2026-09-25 23:59:59,Referral,General,BED-454,0,False,False,False,Improved
BATCH-20260925-001,ADM-00050436,PAT-0007109,DOC-00075,DEP007,DX010,2026-09-25 14:16:39,2026-09-25 23:59:59,Elective,General,BED-180,0,False,False,False,Improved
BATCH-20260925-001,ADM-00050437,PAT-0000286,DOC-00009,DEP006,DX010,2026-09-25 09:03:13,2026-09-25 23:59:59,Referral,Private,BED-361,0,False,False,False,Recovered
BATCH-20260925-001,ADM-00050438,PAT-0020450,DOC-00138,DEP003,DX006,2026-09-25 21:13:12,2026-09-25 23:59:59,Referral,General,BED-298,0,False,False,False,Improved
BATCH-20260925-001,ADM-00050439,PAT-0024541,DOC-00031,DEP004,DX005,2026-09-25 16:18:54,2026-09-25 23:59:59,Elective,Private,BED-267,0,False,False,False,Improved
BATCH-20260925-001,ADM-00050440,PAT-0020919,DOC-00100,DEP010,DX004,2026-09-25 05:30:45,2026-09-25 23:59:59,Elective,Private,BED-469,0,False,False,False,Improved
BATCH-20260925-001,ADM-00050441,PAT-0011094,DOC-00051,DEP008,DX010,2026-09-25 22:31:43,2026-09-25 23:59:59,Elective,ICU,BED-278,0,True,True,False,Improved
BATCH-20260925-001,ADM-00050442,PAT-0013324,DOC-00016,DEP009,DX003,2026-09-25 05:06:14,2026-09-25 23:59:59,Referral,Semi Private,BED-101,0,False,False,False,Recovered
BATCH-20260925-001,ADM-00050443,PAT-0009575,DOC-00028,DEP006,DX003,2026-09-25 18:50:29,2026-09-25 23:59:59,Referral,Semi Private,BED-006,0,False,False,False,Recovered
BATCH-20260925-001,ADM-00050444,PAT-0002792,DOC-00116,DEP007,DX010,2026-09-25 10:16:49,2026-09-25 23:59:59,Emergency,Semi Private,BED-107,0,False,False,True,Recovered
BATCH-20260925-001,ADM-00050445,PAT-0002266,DOC-00039,DEP002,DX007,2026-09-25 23:22:22,2026-09-25 23:59:59,Elective,General,BED-332,0,False,False,False,Improved
BATCH-20260925-001,ADM-00050446,PAT-0002617,DOC-00105,DEP002,DX007,2026-09-25 00:06:39,2026-09-25 23:59:59,Elective,Semi Private,BED-289,0,False,False,False,Improved
BATCH-20260925-001,ADM-00050447,PAT-0023840,DOC-00027,DEP007,DX010,2026-09-25 08:35:09,2026-09-25 23:59:59,Referral,Private,BED-028,0,False,False,False,Recovered
BATCH-20260925-001,ADM-00050448,PAT-0009163,DOC-00110,DEP010,DX004,2026-09-25 06:26:44,2026-09-25 23:59:59,Emergency,ICU,BED-472,0,True,False,True,Deceased
BATCH-20260925-001,ADM-00050449,PAT-0004957,DOC-00145,DEP009,DX003,2026-09-25 18:38:11,2026-09-25 23:59:59,Referral,Semi Private,BED-292,0,False,False,False,Recovered
BATCH-20260925-001,ADM-00050450,PAT-0007550,DOC-00070,DEP005,DX004,2026-09-25 06:42:50,2026-09-25 23:59:59,Referral,Private,BED-434,0,False,False,False,Transferred
BATCH-20260925-001,ADM-00050451,PAT-0006772,DOC-00069,DEP004,DX005,2026-09-25 07:00:10,2026-09-25 23:59:59,Referral,Private,BED-223,0,False,False,False,Recovered
BATCH-20260925-001,ADM-00050452,PAT-0001567,DOC-00013,DEP003,DX006,2026-09-25 08:39:40,2026-09-25 23:59:59,Emergency,Private,BED-333,0,False,False,True,Improved
BATCH-20260925-001,ADM-00050453,PAT-0022995,DOC-00134,DEP005,DX010,2026-09-25 21:07:02,2026-09-25 23:59:59,Emergency,Private,BED-075,0,False,False,True,Improved
BATCH-20260925-001,ADM-00050454,PAT-0022549,DOC-00060,DEP005,DX004,2026-09-25 11:14:15,2026-09-25 23:59:59,Elective,General,BED-258,0,False,False,False,Recovered
BATCH-20260925-001,ADM-00050455,PAT-0006129,DOC-00149,DEP006,DX001,2026-09-25 00:52:56,2026-09-25 23:59:59,Elective,Private,BED-160,0,False,False,False,Recovered
BATCH-20260925-001,ADM-00050456,PAT-0015815,DOC-00141,DEP007,DX010,2026-09-25 14:53:48,2026-09-25 23:59:59,Emergency,Private,BED-369,0,False,False,True,Recovered
